openalex_id,title,year,doi,venue,abstract
https://openalex.org/W2124657875,Reinforcement Learning for True Adaptive Traffic Signal Control,2003,https://doi.org/10.1061/(asce)0733-947x(2003)129:3(278),Journal of Transportation Engineering,"The ability to exert real-time, adaptive control of transportation processes is the core of many intelligent transportation systems decision support tools. Reinforcement learning, an artificial intelligence approach undergoing development in the machine-learning community, offers key advantages in this regard. The ability of a control agent to learn relationships between control actions and their effect on the environment while pursuing a goal is a distinct improvement over prespecified models of the environment. Prespecified models are a prerequisite of conventional control methods and their accuracy limits the performance of control agents. This paper contains an introduction to Q-learning, a simple yet powerful reinforcement learning algorithm, and presents a case study involving application to traffic signal control. Encouraging results of the application to an isolated traffic signal, particularly under variable traffic conditions, are presented. A broader research effort is outlined, including extension to linear and networked signal systems and integration with dynamic route guidance. The research objective involves optimal control of heavily congested traffic across a two-dimensional road network—a challenging task for conventional traffic signal control methodologies."
https://openalex.org/W3133476022,Double Deep Q-Learning and Faster R-CNN-Based Autonomous Vehicle Navigation and Obstacle Avoidance in Dynamic Environment,2021,https://doi.org/10.3390/s21041468,Sensors,"Autonomous vehicle navigation in an unknown dynamic environment is crucial for both supervised- and Reinforcement Learning-based autonomous maneuvering. The cooperative fusion of these two learning approaches has the potential to be an effective mechanism to tackle indefinite environmental dynamics. Most of the state-of-the-art autonomous vehicle navigation systems are trained on a specific mapped model with familiar environmental dynamics. However, this research focuses on the cooperative fusion of supervised and Reinforcement Learning technologies for autonomous navigation of land vehicles in a dynamic and unknown environment. The Faster R-CNN, a supervised learning approach, identifies the ambient environmental obstacles for untroubled maneuver of the autonomous vehicle. Whereas, the training policies of Double Deep Q-Learning, a Reinforcement Learning approach, enable the autonomous agent to learn effective navigation decisions form the dynamic environment. The proposed model is primarily tested in a gaming environment similar to the real-world. It exhibits the overall efficiency and effectiveness in the maneuver of autonomous land vehicles."
https://openalex.org/W3040007863,Evaluating semi-cooperative Nash/Stackelberg Q-learning for traffic routes plan in a single intersection,2020,https://doi.org/10.1016/j.conengprac.2020.104525,Control Engineering Practice,"As traffic congestion grows tremendous and frequent in the urban transportation system, many efficient models with reinforcement learning (RL) methods have already been proposed to optimize this situation. A multi-agent reinforcement learning (MARL) system can be constructed from the traffic problem, where the incoming links (i.e., sections) are regarded as agents and the actions made by the agents are for controlling signal lights. A semi-cooperative Nash Q-learning approach on the basis of single-agent Q-learning and Nash equilibrium is proposed and presented in this paper, in which the agents agree on the process of action selection by Nash equilibrium, but strive finally for a common goal with cooperative behaviour when more than one Nash equilibriums exist. Then an extended version called semi-cooperative Stackelberg Q-learning is designed to make a comparison, where Nash equilibrium is replaced by Stackelberg equilibrium in the Q-learning process. Specifically, the agent who has the largest queues will be promoted as a leader and the others are followers who react to the leader’s decision. Instead of adjusting the plan of green light timing published in other research, this paper is contributing to finding the best multi-routes plan for passing most vehicles in a single traffic intersection, with combining game theory and RL in decision-making in the multi-agent framework. These two multi-agent Q-learning methods are implemented and compared with the constant strategy (i.e., the time intervals of green or red lights are fixed and periodical). The simulated result shows that the performance of semi-cooperative Stackelberg Q-learning is better."
https://openalex.org/W4385603493,Route planning for last-mile deliveries using mobile parcel lockers: A hybrid q-learning network approach,2023,https://doi.org/10.1016/j.tre.2023.103234,Transportation Research Part E Logistics and Transportation Review,"Mobile parcel lockers (MPLs) have been recently proposed by logistics operators as a technology that could help reduce traffic congestion and operational costs in urban freight distribution. Given their ability to relocate throughout their area of deployment, they hold the potential to improve customer accessibility and convenience. In this study, we formulate the Mobile Parcel Locker Problem (MPLP), a special case of the Location-Routing Problem (LRP) which determines the optimal stopover location for MPLs throughout the day and plans corresponding delivery routes. A Hybrid Q-Learning-Network-based Method (HQM) is developed to resolve the computational complexity of the resulting large problem instances while escaping local optima. In addition, the HQM is integrated with global and local search mechanisms to resolve the dilemma of exploration and exploitation faced by classic reinforcement learning (RL) methods. We examine the performance of HQM under different problem sizes (up to 200 nodes) and benchmarked it against the exact approach and Genetic Algorithm (GA). Our results indicate that HQM achieves better optimisation performance with shorter computation time than the exact approach solved by the Gurobi solver in large problem instances. Additionally, the average reward obtained by HQM is 1.96 times greater than GA’s, which demonstrates that HQM has a better optimisation ability. Further, we identify critical factors that contribute to fleet size requirements, travel distances, and service delays. Our findings outline that the efficiency of MPLs is mainly contingent on the length of time windows and the deployment of MPL stopovers. Finally, we highlight managerial implications based on parametric analysis to provide guidance for logistics operators in the context of efficient last-mile distribution operations."
https://openalex.org/W4226263181,Practical Q-Learning-Based Route-Guidance and Vehicle Assignment for OHT Systems in Semiconductor Fabs,2022,https://doi.org/10.1109/tsm.2022.3168702,IEEE Transactions on Semiconductor Manufacturing,"We introduce and analyze vehicle-allocation algorithms for overhead hoist transport (OHT) systems in semiconductor wafer-fabrication facilities (fabs). OHT is the most widely used type of automated material-handling system in fabs, comprising hundreds of vehicles delivering lots between processing machines. Timely transport unit delivery by OHT systems are critical to the efficient overall operation of a modern fab. We first describe the limitations of current OHT vehicle-allocation algorithms, and then detail an improved system that can be implemented in practical environments to manage the operation of hundreds of OHT vehicles. Our proposed system is based on reinforcement learning. In particular, it uses Q-learning-based dynamic vehicle-allocation algorithms to examine traffic conditions and then allocate an OHT vehicle to a delivery job. We propose multiple algorithms based on the Q-learning approach and compare their performance with that of conventional allocation approaches, which reveals the appropriate algorithms for use in industry. We demonstrate that our algorithms are efficient and sufficiently fast to be used in a practical large-scale setting."
https://openalex.org/W2085845425,Q value-based Dynamic Programming with SARSA Learning for real time route guidance in large scale road networks,2012,https://doi.org/10.1109/ijcnn.2012.6252507,,"In this paper, a distributed dynamic traffic management model has been proposed to guide the vehicles, in order to minimize the computation time, make full use of real time traffic information and consequently improve the efficiency of the traffic system. For making the model work, we proposed a new dynamic route determination method, in which Q value-based Dynamic Programming and Sarsa Learning are combined to calculate the approximate optimal traveling time from each section to the destinations in the road networks. The proposed traffic management model is applied to the large scale microscopic simulator SOUND/4U based on the real world road network of Kurosaki, Kitakyushu in Japan. The simulation results show that the proposed method could reduce the traffic congestion and improve the efficiency of the traffic system effectively compared with the conventional method in the real world road network."
https://openalex.org/W4396633404,An improved ant colony algorithm based on Q-Learning for route planning of autonomous vehicle,2024,https://doi.org/10.15837/ijccc.2024.3.5382,International Journal of Computers Communications & Control,"In view of the problems existing in the path planning algorithms of unmanned vehicles, such as low search efficiency, slow convergence speed and easy to fall into the local optimal. Based on the characteristics of route planning for unmanned vehicles, this paper introduces Q-Learning into the traditional ant colony algorithm to enhance the learning ability of the algorithm in dynamic environment, so as to improve the overall efficiency of route search. By mapping pheromones into Q values in Q-learning, rapid search in complex environments is realized, and a collection-free path satisfying constraints is quickly found. The results of case analysis show that compared with the traditional ant colony algorithm and the improved ant colony algorithm considering reward and punishment factors, the improved ant colony algorithm based on Q-Learning can effectively reduce the number of iterations, shorten the path optimization time and path length and other performance indicators, and has many advantages in jumping out of the local optimal, improving the global search ability and improving the convergence speed, and has good adaptability and robustness in complex environments. It ensures the safety and stability of unmanned vehicles in complex environments."
https://openalex.org/W2974878761,Autonomous RL: Autonomous Vehicle Obstacle Avoidance in a Dynamic Environment using MLP-SARSA Reinforcement Learning,2019,https://doi.org/10.1109/icmsr.2019.8835462,,"This paper presents a Multi-Layer Perceptron-State Action Reward State Action (MLP-SARSA) based reinforcement learning methodology for dynamic obstacle detection and avoidance for autonomous vehicle navigation. MLP-SARSA is an on-policy reinforcement learning approach, which gains information and rewards from the environment and helps the autonomous vehicle to avoid dynamic moving obstacles. MLP with SARSA provides a significant advantage over dynamic environment compared to other traditional reinforcement algorithms. In this study, a MLP-SARSA model is trained in a complex urban simulation environment with dynamic obstacles using the pygame library. Experimental results show that the trained MLP-SARSA can navigate the autonomous vehicle in a dynamic environment with more confidences than traditional Q-learning and SARSA reinforcement algorithms."
https://openalex.org/W4372317385,Multi‐AGV route planning in automated warehouse system based on shortest‐time Q‐learning algorithm,2023,https://doi.org/10.1002/asjc.3075,Asian Journal of Control,"Abstract Route planning for automated guided vehicles (AGVs) is one of the key factors that affects work efficiency of automated storage and retrieval systems (AS/RSes). Route planning plays an important role in the operation of AGVs. Since the characteristic of AS/RSes is chessboard‐like, the environment is more complex than traditional route planning environments because the number of nodes is large, more than one shortest route exists between two nodes, and the routes with the shortest distance may not be the most energy‐saving routes. Although the traditional route planning algorithms such as the classical Q‐learning algorithm can work well in AGV route planning, it also has some limitations. This paper proposes a novel multi‐AGV route planning approach to solving the AGV route planning problem in the chessboard‐like warehouse, which can improve the route planning efficiency greatly. First, by combining adjacency matrix and reward matrix, we propose a low‐dimensional adjacency‐reward matrix for route planning. This algorithm improves the efficiency of classical Q‐learning algorithms and accelerates dynamic route planning significantly. We further improve the algorithm by considering the travel directions to minimize the number of turns in the route and additionally by considering whether the AGV is loaded or not and plan routes accordingly. Finally, we propose a multi‐AGV online collision‐free route planning algorithm based on these considerations for dynamic route planning for multi‐AGVs operating in a large‐scale warehouse. The proposed algorithms are validated with several case studies."
https://openalex.org/W4389505562,Connected vehicles’ dynamic route planning based on reinforcement learning,2023,https://doi.org/10.1016/j.future.2023.11.037,Future Generation Computer Systems,
https://openalex.org/W2954371384,Hierarchical Sarsa Learning Based Route Guidance Algorithm,2019,https://doi.org/10.1155/2019/1019078,Journal of Advanced Transportation,"In modern society, route guidance problems can be found everywhere. Reinforcement learning models can be normally used to solve such kind of problems; particularly, Sarsa Learning is suitable for tackling with dynamic route guidance problem. But how to solve the large state space of digital road network is a challenge for Sarsa Learning, which is very common due to the large scale of modern road network. In this study, the hierarchical Sarsa learning based route guidance algorithm (HSLRG) is proposed to guide vehicles in the large scale road network, in which, by decomposing the route guidance task, the state space of route guidance system can be reduced. In this method, Multilevel Network method is introduced, and Differential Evolution based clustering method is adopted to optimize the multilevel road network structure. The proposed algorithm was simulated with several different scale road networks; the experiment results show that, in the large scale road networks, the proposed method can greatly enhance the efficiency of the dynamic route guidance system."
https://openalex.org/W4318778236,Flexible Route Planning for Multiple Mobile Robots by Combining Q–Learning and Graph Search Algorithm,2023,https://doi.org/10.3390/app13031879,Applied Sciences,"The use of multiple mobile robots has grown significantly over the past few years in logistics, manufacturing and public services. Conflict–free route planning is one of the major research challenges for such mobile robots. Optimization methods such as graph search algorithms are used extensively to solve route planning problems. Those methods can assure the quality of solutions, however, they are not flexible to deal with unexpected situations. In this article, we propose a flexible route planning method that combines the reinforcement learning algorithm and a graph search algorithm for conflict–free route planning problems for multiple robots. In the proposed method, Q–learning, a reinforcement algorithm, is applied to avoid collisions using off–line learning with a limited state space to reduce the total learning time. Each vehicle independently finds the shortest route using the A* algorithm, and Q–learning is used to avoid collisions. The effectiveness of the proposed method is examined by comparing it with conventional methods in terms of computation time and the quality of solutions. Computational results show that for dynamic transportation problems, the proposed method can generate the solutions with approximately 10% of the computation time compared to the conventional Q–learning approach. We found that the required computation time is linearly increased with respect to the number of vehicles and nodes in the problems."
https://openalex.org/W4389880213,Q-Learning for Autonomous Vehicle Navigation,2023,https://doi.org/10.1109/comrob60035.2023.10349747,,"In this work, we proposed and developed a reinforcement Q-learning method to do the lane-keeping and obstacle evasion driving maneuvers. We detail how to design a simple car simulator and how to use it to do the training. For each problem, we define different states, actions, and reward functions to obtain a Q-table. Next, we use it as a driving maneuver controller in a different simulation environment. With this method, our car successfully droves on a road different to where it was training. An important conclusion is the possibility to build, more complex controllers to do passing or behavior selectors."
https://openalex.org/W4391305615,Socially Intelligent Reinforcement Learning for Optimal Automated Vehicle Control in Traffic Scenarios,2024,https://doi.org/10.1109/tase.2023.3347264,IEEE Transactions on Automation Science and Engineering,"In this paper, a novel approach is presented for modeling the interaction dynamics between an ego car and a bicycle in a traffic scenario using a hybrid reinforcement learning framework combined with a social value orientation (SVO) model. The proposed framework leverages the SARSA algorithm to learn the optimal policy for the ego vehicle while incorporating risk cost as the negative log-likelihood of collision. Additionally, a customized SVO model is introduced to capture the social preferences of the ego car and the bicycle, defining the SVO of each agent as a continuous variable between egoistic and cooperative orientations. Furthermore, a weight parameter is incorporated in the framework to regulate the influence of the SVO model on the learning process. We demonstrate the effectiveness of our approach through extensive simulations, showing that the ego car can balance between maximizing its reward and avoiding collisions while considering the social preferences of the agents. The obtained results are compared to other models in the literature, and it is shown that the proposed method contributes to the development of safe and efficient autonomous driving systems that interact with human-driven vehicles in a socially intelligent mannerNote to Practitioners—This proposed framework is motivated by the pressing challenge of navigation for autonomous cars in complex urban driving scenarios and mixed traffic situations. With the increasing prevalence of autonomous vehicles on roads, developing intelligent navigation systems that can effectively interact with other road users has become essential. Our novel framework addresses this need by leveraging the SARSA algorithm to learn the optimal policy for the ego vehicle while incorporating risk cost as the negative log-likelihood of collision. Additionally, a customized SVO model is introduced to capture the social preferences of the ego car and the bicycle, defining the SVO of each agent as a continuous variable between egoistic and cooperative orientations. This enables autonomous vehicles to make informed decisions and navigate safely and efficiently. Our framework can enormously help the field of autonomous vehicle navigation and contribute significantly to developing safe, human-centric, and reliable transportation systems. The versatility of our approach is evident in its potential to support a network of autonomous vehicles interacting with multiple road users, thereby enhancing scalability. By leveraging the power of machine learning, our solution provides a robust and adaptable approach that can handle the diverse and ever-changing conditions of urban driving scenarios."
https://openalex.org/W2266073959,Sarsa Learning Based Route Guidance System with Global and Local Parameter Strategy,2015,https://doi.org/10.1587/transfun.e98.a.2686,IEICE Transactions on Fundamentals of Electronics Communications and Computer Sciences,"Route guidance system is one of the essential components of a vehicle navigation system in ITS. In this paper, a centrally determined route guidance system is established to solve congestion problems. The Sarsa learning method is used to guide vehicles, and global and local parameter strategy is proposed to adjust the vehicle guidance by considering the whole traffic system and local traffic environment, respectively. The proposed method can save the average driving time and relieve traffic congestion. The evaluation was done using two cases on different road networks. The experimental results show the efficiency and effectiveness of the proposed algorithm."
https://openalex.org/W3213976271,Reinforcement Learning for the True Adaptive Traffic Signal Control,2003,,,"The ability to exert real-time , adaptive control of transportation processes is the core of many intelligent transportation systems decision support tools. Reinforcement learning, an artificial intelligence approach undergoing development in the machine-learning community, offers key advantages in this regard. The ability of a control agent to learn relationships between control actions and their effect on the environment while pursuing a goal is a distinct improvement over prespecified models of the environment. Prespecified models are a prerequisite of conventional control methods and their accuracy limits the performance of control agents. This paper contains an introduction to Q-learning, a simple yet powerful reinforcement learning algorithm, and presents a case study involving application to traffic signal control. Encouraging results of the application to an isolated traffic signal, particularly under variable traffic conditions, are presented. A broader research effort is outlined, including extension to linear and networked signal systems and integration with dynamic route guidance. The research objective involves optimal control of heavily congested traffic across a two-dimensional road network—a challenging task for conventional traffic signal control methodologies."
https://openalex.org/W2985750211,Improved Q-learning based route planning method for UAVs in unknown environment,2019,https://doi.org/10.1109/icca.2019.8899478,,"Unmanned aerial vehicles (UAVs) have demonstrated their application value in many fields. With the rapidly interest in UAV technology, the body of research on autonomous route planning has enjoyed an accelerating rate of novel proposals and developments. Traditional roadmap-based global route planning algorithms and the local route planning algorithms easily trapped in local optimum are difficult to apply in unknown and complex environments. The reinforcement learning algorithm that perceives information through trial-and-error learning provides a new direction for the route planning of UAV. In this paper, a novel route planning algorithm based on improved Q-learning is proposed for UAV in an unknown environment. The prior knowledge is used to guide the UAV to select the action, and a new convergence method based on single state-action value difference is proposed to speed up the convergence rate. Finally, the simulation experiment results show that the proposed method is more effective than the original method, and the algorithm is feasible and effective for UAV route planning."
https://openalex.org/W3130088494,"Action-limited, Multimodal Deep Q Learning for AGV Fleet Route Planning",2021,https://doi.org/10.1145/3448218.3448219,,"The superiority of Automated Guided Vehicle (AGV) fleet management system is often reflected in the time-efficient on overall dispatch/navigation. The reinforcement learning can then be applied to help provide an optimal route planning for such fleet. In this study, in order to obtain suitable navigation strategies for certain specific momentary road conditions, we propose an improved deep Q network. It modifies the regression loss calculation method by bounding the Q output of certain actions, so that the network can focus on actions that are more in line with current road conditions. Moreover, multimodal deep Q learning is adopted to further improve fleet efficiency, owing to the help of multi-source monitoring data. Such learning collects action suggestions from each unimodal learning, and integrates their results through experience-based pooling calculations. The simulation results show the proposed method can optimize fleet management efficiency on time consumption level."
https://openalex.org/W4207000713,Agent-Based Route Planning with Deep Q Learning,2021,https://doi.org/10.23919/eleco54474.2021.9677711,2021 13th International Conference on Electrical and Electronics Engineering (ELECO),"Solving traffic congestion is one of the most important and complex problems, as it causes chaos in metropolitans, especially during rush hours. Traditional methods that continue to be used have proven to be inadequate, and as a result, the developing technology has affected all areas as well as the solutions to the traffic control problem. Intelligent Transportation Systems have emerged with the development of artificial intelligence and communication technologies. This study aims to reduce time in traffic by using an agent-based route planning method with deep Q learning. An agent which acts as a taxi in the generated traffic flow is also used to demonstrate the efficiency of the proposed method in taxi service. It is aimed to be able to comprehend the actions to be implemented in order to complete the given task in an effective way with deep Q learning, considering criteria such as travel time and waiting time for passengers as performance criteria in different scenarios."
https://openalex.org/W4413322311,Fuzzy Q-Learning with Fuzzified Bellman Equation for Unmanned Ground Vehicle Navigation,2025,https://doi.org/10.1109/icras65818.2025.11108832,,"This paper presents a novel Fuzzy Q-Learning with Fuzzified Bellman Equation (FQL-FBE) that is utilized to advance autonomous navigation in dynamic and unknown environments. A modified Fuzzified Bellman equation is introduced to integrate fuzzy logic into reinforcement learning by updating the Q-table using Fuzzy temporal differences. The proposed approach serves as a state-action value estimator, addressing challenges associated with continuous state-action spaces by introducing discretization for enhanced learning efficiency. Key advantages include low computational complexity, high adaptability to changing environmental conditions, effective handling of complex scenarios, smooth path generation, interpretability, and a fast learning process. The results of simulations and comparisons validate the efficiency of the proposed method, demonstrating enhanced obstacle avoidance, improved path efficiency, and reduced computational cost. This work marks a step forward in the development of robust and efficient solutions for real-time robotic navigation."
https://openalex.org/W3083096139,Q-learning-based route-guidance and vehicle assignment for OHT systems in semiconductor fabs,2020,https://doi.org/10.1109/asmc49169.2020.9185357,,"We present a reinforcement learning-based algorithm for route guidance and vehicle assignment of an overhead hoist transport system, a typical form of automated material handling system in semiconductor fabrication facilities (fabs). As the size of the fab increases, so does the number of vehicles required to operate in the fab. The algorithm most commonly used in industry, a mathematical optimization-based algorithm that constantly seeks the shortest routes, has been proven ineffective in dealing with fabs operating around 1,000 vehicles or more. In this paper, we introduce Q-learning, a reinforcement learning-based algorithm for route guidance and vehicle assignment. Q-learning dynamically reroutes the vehicles based on the congestion and traffic conditions. It also assigns vehicles to tasks based on the overall congestion of the track. We show that the proposed algorithm is considerably more effective than the existing algorithm in an actual fab-scale experiment. Moreover, we illustrate that the Q-learning-based algorithm is more effective in designing the track layouts."
https://openalex.org/W4313569897,Stability Analysis for Autonomous Vehicle Navigation Trained over Deep Deterministic Policy Gradient,2022,https://doi.org/10.3390/math11010132,Mathematics,"The Deep Deterministic Policy Gradient (DDPG) algorithm is a reinforcement learning algorithm that combines Q-learning with a policy. Nevertheless, this algorithm generates failures that are not well understood. Rather than looking for those errors, this study presents a way to evaluate the suitability of the results obtained. Using the purpose of autonomous vehicle navigation, the DDPG algorithm is applied, obtaining an agent capable of generating trajectories. This agent is evaluated in terms of stability through the Lyapunov function, verifying if the proposed navigation objectives are achieved. The reward function of the DDPG is used because it is unknown if the neural networks of the actor and the critic are correctly trained. Two agents are obtained, and a comparison is performed between them in terms of stability, demonstrating that the Lyapunov function can be used as an evaluation method for agents obtained by the DDPG algorithm. Verifying the stability at a fixed future horizon, it is possible to determine whether the obtained agent is valid and can be used as a vehicle controller, so a task-satisfaction assessment can be performed. Furthermore, the proposed analysis is an indication of which parts of the navigation area are insufficient in training terms."
https://openalex.org/W4412643748,Enhancing Emergency Vehicle Navigation in Smart Traffic Squares with Reinforcement Learning and Accurate Traffic Sense Recommendations,2025,https://doi.org/10.1007/s13177-025-00520-w,International Journal of Intelligent Transportation Systems Research,
https://openalex.org/W2990602094,Autonomous Vehicle for Obstacle Detection and Avoidance Using Reinforcement Learning,2019,https://doi.org/10.1007/978-981-15-0035-0_5,Advances in intelligent systems and computing,
https://openalex.org/W4415709025,Q-Learning-Based Energy-Aware Route Planning for Electric Vehicles on Real Road Networks with Charging Constraints,2025,https://doi.org/10.1109/asyu67174.2025.11208423,,"The electric vehicle (EV) routing problem requires not only minimizing the travel distance but also considering energy constraints and the spatial distribution of charging stations. In this work, we propose Q-learning and hierarchical Q-learning (HRL) based agents trained to generate energy-aware routes on real road networks. The environment is modeled as graph structures obtained from Berlin, Istanbul, and Ankara cities using OpenStreetMap data. Each state is represented by a 16-dimensional vector that includes distance to the destination, battery level, number of neighbors, nearby charging stations, and final reward dynamics. The reward function is a multi-component structure that incentivizes approaching the destination, penalizes unnecessary loops and backtracking, and rewards smart charging decisions. Experimental results show that HRL demonstrates superiority up to 25% in compact cities (Berlin), while Q-learning performs better in large areas and resource-constrained environments. Both approaches deviate from the shortest path only when necessary due to energy constraints and their performance is evaluated by metrics such as total reward, route length and number of charges."
https://openalex.org/W1988967157,Dynamic Route Guidance Using Neurodynamic Programming,2006,https://doi.org/10.1109/isda.2006.253779,,"This paper presents a dynamic route guidance method using neurodynamic programming based on the data of GPS-equipped taxies (probe vehicles). Specifically, approximate Q-learning is adopted and ineffective data were eliminated by observing the status of taximeters. The combination of the longitudes and latitudes of the intersections and the time were taken as the states of the algorithm. And the vehicles' running between the intersections was considered as the transition actions between the states. The neural network was adopted for approximating Q-factors, which denoted the travel time. By observing the probe vehicles' running in the road network, the neural network was trained so that the approximately optimal route-choice police could be obtained based on it. Finally, simulation on the basis of the electronic map data of Guangzhou city proves that the method is effective on the complex traffic conditions, even as the links' weights of the road network are unavailable and the state space is continuous"
https://openalex.org/W7108688088,Reinforcement learning-based route planning method for connected vehicles considering real-time road traffic information,2024,https://doi.org/10.1177/09544070241305667,Proceedings of the Institution of Mechanical Engineers Part D Journal of Automobile Engineering,"The economy, environment, and resident travel are significantly impacted by traffic congestion, which is a prevalent issue in urban traffic systems. Route planning is considered an effective method to address traffic congestion and enhance travel efficiency. Existing route planning methods have overlooked the impact of real-time traffic information on the timeliness of optimal routes. In this paper, an improved bureau of public roads-Q learning (IBPR-QL) control model considering real-time road traffic information is proposed for route planning of connected vehicles in cooperative vehicle-road scenarios. Firstly, the improved bureau of public roads (IBPR) function is enhanced through the utilization of speed state staging methodology, enabling adaptive adjustment of road priorities across different speed scenarios. Secondly, the IBPR function is incorporated into the Q-learning (QL) action value evaluation process to enhance model learning efficiency. Thirdly, predictive travel coefficient is proposed to mitigate congestion drift-induced oscillation phenomenon in road networks and enhance overall travel efficiency. Finally, road network datasets from four economically developed cities in China are utilized to construct a simulated road scene. The simulation results indicate that, compared to the classical QL method, IBPR-QL has a wider range of applicability across scenarios, effectively reducing travel time by 7.96%. In terms of alleviating the impact of congestion drift, the overall road network efficiency can be improved by 9.35%."
https://openalex.org/W4414452186,An Overview of Q‐Learning and Deep Q‐Learning for an Autonomous Multi‐ UAV Wireless Network,2025,https://doi.org/10.1111/exsy.70143,Expert Systems,"ABSTRACT In various fields, including environmental monitoring, communication, surveillance, and disaster response, unmanned aerial vehicles (UAVs) are increasingly essential. Autonomous multi‐UAV wireless networks (MUWNs), where multiple UAVs work together, offer powerful solutions in these fields. However, making these networks fully autonomous is challenging, especially concerning real‐time decision‐making, coordination, and resource management. In the field of literature, there is a demand for a comprehensive survey of recent developments in Q‐learning (QL) and deep Q‐learning (DQL) within MUWNs. To address this gap, we provide a thorough evaluation of QL and DQL approaches, focusing on their application in autonomous MUWNs. We highlight their roles in route planning, communication relays, and network optimization, discussing advantages and limitations. The survey also explores key challenges, including scalability, energy efficiency, and real‐time adaptability, and reviews how QL/DQL enhancements address them. In particular, this paper provides an overview of some QL and DQL applications in MUWNs, such as data retrieval, monitoring, aggregation, resource allocation, and task scheduling to support wireless connectivity, UAV‐assisted autonomous trajectory planning, navigation, security, and jamming avoidance. The use of these technologies enables the effective use of UAVs in smart cities, monitoring of industrial complexes, agricultural surveys, and border security. Additionally, using the knowledge gathered from our review, we identify and discuss several open challenges."
https://openalex.org/W2170607316,Double action Q-learning for obstacle avoidance in a dynamically changing environment,2005,https://doi.org/10.1109/ivs.2005.1505104,,"In this paper, we propose a new method for solving the reinforcement learning problem in a dynamically changing environment, as in vehicle navigation, in which the Markov decision process used in traditional reinforcement learning is modified so that the response of the environment is taken into consideration for determining the agent's next state. This is achieved by changing the action-value function to handle three parameters at a time, namely, the current state, action taken by the agent, and action taken by the environment. As it considers the actions by the agent and environment, it is termed ""double action"". Based on the Q-learning method, the proposed method is implemented and the update rule is modified to handle all of the three parameters. Preliminary results show that the proposed method has the sum of rewards (negative) 89.5% less than that of the traditional method. Apart from that, our new method also has the total number of collisions and mean steps used in one episode 89.5% and 15.5% lower than that of the traditional method respectively."
https://openalex.org/W3110830836,Integrated mode of transport: a predictive model for route guidance,2020,https://doi.org/10.1108/ijius-09-2020-0040,International Journal of Intelligent Unmanned Systems,"Purpose The purpose of this study is to provide real-time route guidance within city to help commuters. Design/methodology/approach In urban areas to avoid road congestion and to reach the destination on time, intelligent transport system (ITS) utilizes recent advanced technology. To support this, existing route guidance system (RGS) suggests alternative route to commuters. However, ITS requires a system which suggests the alternative route along with the mode of transport such as public, private, taxi services etc. Integrated mode of transport (IMT) implemented in this paper guides the commuters of urban area with the best mode of transport. Inputs to our IMT predictive model are the commuter's choice of (1) minimum travel time (2) minimum cost (3) flexible route and (4) less traffic intensity along with source and destination locations. Based on these user inputs, IMT predictive model suggests optimal mode of transport. In this paper to implement the IMT model, we have considered the transport facility available in Bangalore, a city in India. The city has metro train, bus and taxi services available to the commuters. Implementation is divided into two parts. In the first part, the model checks for the end-to-end connectivity/availability of metro train facility. If metro train connectivity exists, the model concludes this as the best mode of travel. In the second part, for the routes which are not connected by metro train, the optimal mode of transport through road network will be suggested. In the first part, to check the existence of metro train along the routes between source and destination, location-IQ API is used. In the later part, to suggest transport along the road network, Q-learning algorithm of reinforcement learning technique is used. Findings The findings are the predictive model algorithm to find the best mode of transfer and reinforcement model used in real time route guidance system. Originality/value This is a new Idea, not proposed in any research work."
https://openalex.org/W4402198437,Intelligent Route Planning Method for UAV Based on Swarm Intelligence and Deep Learning Technology,2024,https://doi.org/10.31577/cai_2024_4_874,Computing and Informatics,"Due to its potential applications in numerous industries, Unmanned Aerial Vehicles (UAVs) have gained considerable attention recently. UAV networks that are autonomous and decentralized have various practical uses, such as in disaster recovery, environmental monitoring, and security surveillance. Due to frequent route distractions and traffic congestion at high node speeds, the performance of routing systems in these networks drops considerably. UAVs with a mission to gather sensory data from various sources require meticulous route planning to decrease traffic congestion effectively. Due to flight time, range, and coverage area limitations, efficient route planning is crucial for maximizing the efficiency of UAV data collection. Optimal route planning and a delicate balancing act between these critical parameters are two of the biggest obstacles in sensory data gathering. This study presents a new method for dealing with these issues by developing an Intelligent Route Planning for Sensory Data Collection (IRP-SDC) system to optimize autonomous UAV route planning with congestion-aware modelling by considering time, distance, and area coverage limits. The IRP-SDC framework uses Multi-Objective Grey Wolf Optimization and Deep Q-Learning (MOGWO-DQL) for smart UAV route planning. The MOGWO algorithm, developed after observing the hunting techniques of grey wolves, can perform a worldwide search, which helps determine the most efficient paths to take after gathering information. DQL, on the other hand, has adaptive learning capabilities that can modify the UAV's flight path in response to alterations in its external environment. The suggested framework combines the two techniques to maximize the usefulness of UAVs in gathering sensory data. Extensive trials were carried out to prove the efficacy of the proposed technique. The IRP-SDC system beats previous approaches concerning time, distance, and area coverage by providing an ideal route for a UAV to acquire sensory data."
https://openalex.org/W4408277357,Optimizing cultural heritage tourism routes using Q-Learning: a case study of Macau,2025,https://doi.org/10.1080/29931282.2025.2475794,Sustainable communities.,"Introduction This study proposes a Q-Learning-based optimization method for cultural heritage tourism routes, using the Historic Centre of Macau as a case study. The goal is to efficiently visit multiple attractions within a limited time.Materials and methods Coordinates of 25 heritage sites were obtained through the Google Maps API, and the Haversine formula was used to calculate distances. We designed a state space, action space, and reward function based on distance and time for dynamic route planning.Results and conclusion The results show that the Q-Learning algorithm creates the best route that includes all the attractions while shortening the whole path and achieving rapid convergence. The optimized routes improve visit efficiency and balance attraction utilization, preventing overcrowding in popular areas. This approach provides practical implications for intelligent cultural heritage tourism planning. By designing an intelligent tourism route planning system, this helps tourists explore the Historic Centre of Macau more efficiently. Future research will focus on refining the reward function by incorporating visitor preferences and real-time traffic conditions for greater personalization and applicability."
https://openalex.org/W2744628649,"Dynamic route planning and scheduling in flexible manufacturing systems with heterogeneous resources, a max-plus approach",2017,https://doi.org/10.1109/icca.2017.8003149,,"In this work an Auto Guided Vehicles (AGV) scheduling and routing problem is considered with maximal and minimal time lags along with heterogeneous characteristics. A framework with dynamic flow control has been proposed for the execution of events dedicated to a fleet of AGVs. The proposed framework allows the setting up for missions which are defined by a set of routes and stations regardless of the actual characteristics of the AGV fleet. The routing and scheduling method is formulated with potential inequalities and disjunctive constraints, which are expressed in Max Plus Algebra in terms of inequalities. The computation of the eigenvalue of the corresponding matrices takes the advantage of the fast Howard's algorithm for policy iteration. The Branch and Bound procedure is used to solve medium sized routing and scheduling problems involves a test on this eigenvalue."
https://openalex.org/W4297793595,Route Planning for Last-Mile Deliveries Using Mobile Parcel Lockers: A Hybrid Q-Learning Network Approach,2022,https://doi.org/10.48550/arxiv.2209.04265,arXiv (Cornell University),"Mobile parcel lockers have been recently proposed by logistics operators as a technology that could help reduce traffic congestion and operational costs in urban freight distribution. Given their ability to relocate throughout their area of deployment, they hold the potential to improve customer accessibility and convenience. In this study, we formulate the Mobile Parcel Locker Problem (MPLP) , a special case of the Location-Routing Problem (LRP) which determines the optimal stopover location for MPLs throughout the day and plans corresponding delivery routes. A Hybrid Q Learning Network based Method (HQM) is developed to resolve the computational complexity of the resulting large problem instances while escaping local optima. In addition, the HQM is integrated with global and local search mechanisms to resolve the dilemma of exploration and exploitation faced by classic reinforcement learning methods. We examine the performance of HQM under different problem sizes (up to 200 nodes) and benchmarked it against the exact approach and Genetic Algorithm (GA). Our results indicate that HQM achieves better optimisation performance with shorter computation time than the exact approach solved by the Gurobi solver in large problem instances. Additionally, the average reward obtained by HQM is 1.96 times greater than GA, which demonstrates that HQM has a better optimisation ability. Further, we identify critical factors that contribute to fleet size requirements, travel distances, and service delays. Our findings outline that the efficiency of MPLs is mainly contingent on the length of time windows and the deployment of MPL stopovers. Finally, we highlight managerial implications based on parametric analysis to provide guidance for logistics operators in the context of efficient last-mile distribution operations."
https://openalex.org/W4297225378,A Q-Learning-Based Approximate Solving Algorithm for Vehicular Route Game,2022,https://doi.org/10.3390/su141912033,Sustainability,"Route game is recognized as an effective method to alleviate Braess’ paradox, which generates a new traffic congestion since numerous vehicles obey the same guidance from the selfish route guidance (such as Google Maps). The conventional route games have symmetry since vehicles’ payoffs depend only on the selected route distribution but not who chose, which leads to the precise Nash equilibrium being able to be solved by constructing a special potential function. However, with the arrival of smart cities, the real-time of route schemes is more of a concerned of engineers than the absolute optimality in real traffic. It is not an easy task to re-construct the new potential functions of the route games due to the dynamic traffic conditions. In this paper, compared with the hard-solvable potential function-based precise method, a matched Q-learning algorithm is designed to generate the approximate Nash equilibrium of the classic route game for real-time traffic. An experimental study shows that the Nash equilibrium coefficients generated by the Q-learning-based approximate solving algorithm all converge to 1.00, and still have the required convergence in the different traffic parameters."
https://openalex.org/W4300818181,Hybrid Prediction-Based Approach for Traffic Signal Control Problem,2022,https://doi.org/10.3103/s1060992x2203002x,Optical Memory and Neural Networks,"Abstract Intelligent transportation systems aim at a more efficient solution to the problems of traffic management, traffic analysis and prediction, route guidance, and provide more coordinated and “smarter” use of transport infrastructure in general. In this study, we consider a traffic signal control problem, which is a challenging problem in the transportation area. Traffic signal control aims to optimize traffic flows in road networks, decrease travel and waiting times, and increase the effectiveness of transport infrastructure usage. In this paper, we developed a novel hybrid reinforcement learning-based approach to solve the traffic signal control problem. In the first step of the proposed approach, we predict the number of vehicles that will cross an intersection during a specified time interval using a deep learning approach. This factor is used as one of a component of the system state space. In the second step, we proposed to use a double Q-learning approach to solve the traffic signal control problem using the observed system state space. An experimental study of the proposed algorithm was conducted using an open-source microscopic traffic simulation package SUMO. The effectiveness of the proposed approach is evaluated using both synthetic and real-world traffic scenarios. Experiments demonstrated that the proposed algorithm outperforms other baseline classical and state-of-the-art reinforcement learning-based algorithms in terms of the average waiting time and average travel time criteria."
https://openalex.org/W3164346901,Simultaneous Pickup and Delivery Traveling Salesman Problem considering the Express Lockers Using Attention Route Planning Network,2021,https://doi.org/10.1155/2021/5590758,Computational Intelligence and Neuroscience,"This paper presents a simultaneous pickup and delivery route designing model, which considers the use of express lockers. Unlike the traditional traveling salesman problem (TSP), this model analyzes the scenario that a courier serves a neighborhood with multiple trips. Considering the locker and vehicle capacity, the total cost is constituted of back order, lost sale, and traveling time. We aim to minimize the total cost when satisfying all requests. A modified deep Q‐learning network is designed to get the optimal results from our model, leveraging masked multi‐head attention to select the courier paths. Our algorithm outperforms other stochastic optimization methods with better optimal solutions and O(n) computational time in evaluation processes. The experiment has shown that reinforcement learning is a better choice than traditional stochastic optimization methods, consuming less power and time during evaluation processes, which indicates that this approach fits better for large‐scale data and broad deployment."
https://openalex.org/W4408565224,Efficient Path planning for Automated Guided Vehicles in Intelligent Logistics System using Double Q-learning,2024,https://doi.org/10.1109/iccirt59484.2024.10922065,,"In logistics systems, Multiple Automated Guided Vehicles (AGVs) have been extensively used for transportation. While determining the path by AGVs, Conflict-free route planning is a major research challenge. This study builds a novel efficient path-finding model using a Double QLearning reinforcement algorithm (DQL) to improve the efficiency of multi-robot path planning. Initially, training has been performed using a double Q-learning algorithm to learn the solutions to route-planning problems quickly. This algorithm determines the optimal route for AGV to reach the destination based on rewards without collision and ensures minimal transfer time. AGV selects the action based on Q-table values. Results show that this Double Q-learning path-finding algorithm executes faster than existing algorithms such as the $A^{*}$ algorithm, Conflict Based Search and Autonomous Distributed Route Planning Method (ADRPM) and reduces total picking distance by 5% than other methods. This DQL path finding algorithm has been executed with less computation time than ADRPM by nearly 57%."
https://openalex.org/W4408147819,Multi-objective optimization for submarine optical fiber cable route planning based on collaborative reinforcement learning with LPGP framework,2025,https://doi.org/10.1016/j.yofte.2025.104178,Optical Fiber Technology,
https://openalex.org/W3168367332,Reinforcement learning for the traveling salesman problem with refueling,2021,https://doi.org/10.1007/s40747-021-00444-4,Complex & Intelligent Systems,"Abstract The traveling salesman problem (TSP) is one of the best-known combinatorial optimization problems. Many methods derived from TSP have been applied to study autonomous vehicle route planning with fuel constraints. Nevertheless, less attention has been paid to reinforcement learning (RL) as a potential method to solve refueling problems. This paper employs RL to solve the traveling salesman problem With refueling (TSPWR). The technique proposes a model (actions, states, reinforcements) and RL-TSPWR algorithm. Focus is given on the analysis of RL parameters and on the refueling influence in route learning optimization of fuel cost. Two RL algorithms: Q-learning and SARSA are compared. In addition, RL parameter estimation is performed by Response Surface Methodology, Analysis of Variance and Tukey Test. The proposed method achieves the best solution in 15 out of 16 case studies."
https://openalex.org/W4410001291,"Enhancing Airport Traffic Flow: Intelligent System Based on VLC, Rerouting Techniques, and Adaptive Reward Learning",2025,https://doi.org/10.3390/s25092842,Sensors,"Airports are complex environments where efficient localization and intelligent traffic management are essential for ensuring smooth navigation and operational efficiency for both pedestrians and Autonomous Guided Vehicles (AGVs). This study presents an Artificial Intelligence (AI)-driven airport traffic management system that integrates Visible Light Communication (VLC), rerouting techniques, and adaptive reward mechanisms to optimize traffic flow, reduce congestion, and enhance safety. VLC-enabled luminaires serve as transmission points for location-specific guidance, forming a hybrid mesh network based on tetrachromatic LEDs with On-Off Keying (OOK) modulation and SiC optical receivers. AI agents, driven by Deep Reinforcement Learning (DRL), continuously analyze traffic conditions, apply adaptive rewards to improve decision-making, and dynamically reroute agents to balance traffic loads and avoid bottlenecks. Traffic states are encoded and processed through Q-learning algorithms, enabling intelligent phase activation and responsive control strategies. Simulation results confirm that the proposed system enables more balanced green time allocation, with reductions of up to 43% in vehicle-prioritized phases (e.g., Phase 1 at C1) to accommodate pedestrian flows. These adjustments lead to improved route planning, reduced halting times, and enhanced coordination between AGVs and pedestrian traffic across multiple intersections. Additionally, traffic flow responsiveness is preserved, with critical clearance phases maintaining stability or showing slight increases despite pedestrian prioritization. Simulation results confirm improved route planning, reduced halting times, and enhanced coordination between AGVs and pedestrian flows. The system also enables accurate indoor localization without relying on a Global Positioning System (GPS), supporting seamless movement and operational optimization. By combining VLC, adaptive AI models, and rerouting strategies, the proposed approach contributes to safer, more efficient, and human-centered airport mobility."
https://openalex.org/W219147395,REINFORCEMENT LEARNING FOR ITS : INTRODUCTION AND A CASE STUDY ON ADAPTIVE TRAFFIC SIGNAL CONTROL,2001,,,"The ability to exert real-time, adaptive control of transportation processes is arguably the core of many Intelligent Transportation Systems (ITS) decision support tools. Reinforcement learning, an artificial intelligence (AI) approach undergoing development in the machine-learning community, appears to offer some key advantages in this regard. The ability of a control agent to directly learn the relationships between control actions and their effect on the environment while pursuing a goal is seen as a distinct improvement over the use of pre-specified models of the environment. Such pre- specified models are a prerequisite of conventional control methods and their accuracy is usually a limiting factor in the performance of control agents. This paper contains a brief introduction to Q- learning, a conceptually simple yet potentially powerful reinforcement learning algorithm, and presents a case study involving application to the problem of traffic signal control. Encouraging results of application to an isolated traffic signal, particularly under variable traffic conditions, are presented. A broader research effort, now underway, is outlined, including extension to coordinated linear and network signal systems and integration with dynamic route guidance. The objective of this broader program involves the optimal control of traffic under a variety of congestion conditions across a two- dimensional road network, a challenging task for more conventional traffic signal control methodologies"
https://openalex.org/W4405249422,Optimizing Road Networks: A Graph-Based Analysis with Path-finding and Learning Algorithms,2024,https://doi.org/10.1007/s13177-024-00453-w,International Journal of Intelligent Transportation Systems Research,
https://openalex.org/W4411068266,Intelligent Route Planning for Waste Collection in Smart Cities via Reinforcement Learning,2025,https://doi.org/10.52783/jisem.v10i51s.10410,Journal of Information Systems Engineering & Management,"Introduction: The increasing complexity of urban infrastructure poses challenges for efficient and sustainable municipal waste management. This paper presents a framework based on reinforcement learning (RL) for real-time route planning in smart city waste collection systems. By integrating Iot-enabled smart bins with environmental data such as bin fill levels and real-time traffic, the approach frames the routing task as a Markov Decision Process (MDP). It employs Q-learning and Deep Q-Networks (DQN) to optimise navigation policies. A simulation based on Hanoi, Vietnam, assesses the method's adaptability and efficiency under varying bin distributions and traffic conditions. Results demonstrate that DQN outperforms traditional Q-learning regarding route stability, bin coverage, and learning convergence, particularly in complex urban environments. The system minimises route length and travel time while prioritising the collection of full bins, highlighting the potential of deep reinforcement learning for scalable and sustainable waste logistics in future smart citie."
https://openalex.org/W4408174915,Two-step Genetic Algorithm for Dynamic Route Optimization of Electric Vehicles Based on Demand Analysis,2025,https://doi.org/10.1007/s13369-025-10076-2,Arabian Journal for Science and Engineering,
https://openalex.org/W4309860043,Dynamic pickup and delivery problem with transshipments and LIFO constraints,2022,https://doi.org/10.1016/j.cie.2022.108835,Computers & Industrial Engineering,
https://openalex.org/W4360996150,An Adaptive Deep Q-Learning Strategy for Routing Schemes in SDN-Based Data Centre Networks,2022,https://doi.org/10.1109/isaiee57420.2022.00045,,"The enhancing size of uses on the cloud has improvised the requirement for dependable and elite execution network engineering in Datacentres. Programming Defined Networking has worked on the adaptability, postponement, and throughput of networks in contrast with static arrangements. To adjust to the quick advancement of distributed computing, enormous information, and different innovations, the mix of server farm rout and SDN is anticipated to type network the executives more advantageous and adaptable. With this benefit, routing methodologies have been widely concentrated by specialists. In any case, the systems in the regulator chiefly depend on manual plan, the ideal arrangements are hard to be acquired in the powerful network climate. A few routing calculations, for example, network geographies with repetitive connections, for example, Fat-tree to give proficient burden adjusting, be that as it may, the failure of these plans to adjust to quickly changing traffic conduct restricts their exhibition. This research suggests DL-based networking plan for SDN. We utilize an adaptive deep Q-network (ADQN) to fabricate the deep reinforcement learning routing plan. We exhibit the adequacy of the proposed framework through broad reproductions. Profiting from nonstop learning with a worldwide view, the proposed framework has lower stream fruition time, throughput and better burden stability as well as better vigor, contrasted with OSPF."
https://openalex.org/W3207502053,Virtual Testing and Policy Deployment Framework for Autonomous Navigation of an Unmanned Ground Vehicle Using Reinforcement Learning,2021,https://doi.org/10.23919/wac50355.2021.9559586,,"The use of deep reinforcement learning (DRL) as a framework for training a mobile robot to perform optimal navigation in an unfamiliar environment is a suitable choice for implementing AI with real-time robotic systems. In this study, the environment and surrounding obstacles of an Ackermann-steered UGV are reconstructed into a virtual setting for training the UGV to centrally learn the optimal route (guidance actions to be taken at any given state) towards a desired goal position using Multi-Agent Virtual Exploration in Deep Q-Learning (MVEDQL) for various model configurations. The trained model policies are to be transferred to a physical vehicle and compared based on their individual effectiveness for performing autonomous waypoint navigation. Prior to incorporating the learned model with the physical UGV for testing, this paper outlines the development of a GUI application to provide an interface for remotely deploying the vehicle and a virtual reality framework reconstruction of the training environment to assist safely testing the system using the reinforcement learning model."
https://openalex.org/W7160525922,Magnetic guiding system for unmanned ground vehicle using a fuzzy logic controller,2026,https://doi.org/10.1016/j.robot.2026.105517,Robotics and Autonomous Systems,
https://openalex.org/W4415366774,Deep Q-Learning for Autonomous Vehicle Navigation in Smart Mobility,2025,https://doi.org/10.1109/iccpct65132.2025.11176723,,"The proposed system leverages Deep Q-Learning to enhance autonomous vehicle navigation in smart mobility environments. By integrating reinforcement learning with deep neural networks, the system enables vehicles to make real-time decisions while adapting to dynamic traffic conditions. The framework employs a reward-based learning mechanism to optimize path selection, collision avoidance, and efficient maneuvering in complex urban scenarios. To improve decisionmaking accuracy, the proposed approach incorporates an experience replay mechanism, preventing overfitting and ensuring stable learning. Additionally, a target network is utilized to enhance training convergence, allowing the model to generalize effectively across varying road conditions. The system is further optimized through adaptive explorationexploitation strategies, enabling vehicles to balance learning new routes while prioritizing safe and efficient navigation. The proposed methodology demonstrates significant improvements in autonomous mobility, offering a scalable and robust solution for next-generation smart transportation systems."
https://openalex.org/W4364304228,A Deep Reinforcement Learning Approach for Non-homogeneous Patrolling using Wi-Fi Fleet-restricted Autonomous Vehicles,2022,https://doi.org/10.1109/raai56146.2022.10092959,,"The use of intelligent autonomous vehicles to monitor natural phenomena involves the optimization of multiple policies that must comply with physical restrictions of the environment. In the patrolling problem, typically addressed in the environmental surveillance of natural scenarios, it is required to fulfill the non-homogeneous coverage of an unknown scalar map, with limitations of navigable areas and communication. This work presents a framework based on deep reinforcement learning to deal with communication restrictions for online route planning and patrolling with multiple vehicles. This algorithm, based on the Deep Q-Learning algorithm, using a customized reward function and a fleet-informed deep network, is able to optimize every vehicle policy to maintain each vehicle’s distance from another within the limits of its wireless communication protocol (WiFi). The results show better performance than other path planning heuristics, while being a model-free approach and providing an effective method to use in similar patrolling scenarios."
https://openalex.org/W2783450085,Reinforcement Learning : MDP Applied to Autonomous Navigation,2017,https://doi.org/10.5121/mlaij.2017.4401,Machine Learning and Applications An International Journal,"The problem of autonomous vehicle navigation between lanes, around obstacles and towards a short term goal can be solved using Reinforcement Learning. The multi-lane road ahead of a vehicle may be represented by a Markov Decision Process (MDP) grid-world containing positive and negative rewards, allowing for practical computation of an optimal path using either value iteration (VI) or policy iteration (PI)."
https://openalex.org/W4200023552,Vehicle Navigation System based on Pollution Metric Analysis with Q-Learning Algorithm,2021,https://doi.org/10.36548/jaicn.2021.4.005,Journal of Artificial Intelligence and Capsule Networks,"The navigation systems available in the present scenario takes into account the path distance for their estimations. In some advanced navigation systems, the road traffic analysis is also considered in the algorithm for their predictions. The proposed work estimates a navigation path with respect to the present pollution level on the roadways. The work suggests an alternate path to avoid additional vehicles to enter the same road which is already impacted by air pollution. A Q-learning (Quality learning) prediction algorithm is trained in the proposed work with a self-made dataset for the estimations. The experimental work presented in the paper explores the accuracy and computational speed of the developed algorithm in comparison to the traditional algorithms."
https://openalex.org/W4400197765,Deep Q-Learning-Based Trajectory Optimization for Vehicle Navigation in CARLA,2024,https://doi.org/10.51485/ajss.v9i2.220,Algerian Journal of Signals and Systems,"This paper presents a comprehensive study that focuses on simulating a vehicle within the autonomousvehicle simulator, CARLA. The primary objective of this research is to enable the vehicle to accurately follow apredetermined trajectory while effectively avoiding obstacles in its environment. Deep Q-Learning algorithms areemployed to achieve this goal, aiming to optimize the safety of the vehicle'snavigation. The simulation of the vehicleserves as a platform for studying the rules of Deep Q-Networks (DQN) and their impact on the vehicle's navigation.The objective is to identify the most suitable rule that leads to improved optimization of the vehicle's trajectory. Byleveraging the capabilities of CARLA as the simulation environment and implementing state-of-the-art DQNalgorithms, this research contributes to the advancement of autonomous vehicle technology. The findings of this studyhave practical implications for enhancing the safety and efficiency of autonomous vehicle navigation systems, makingthem highly relevant to industryprofessionals, researchers, and academic scholars in this field."
https://openalex.org/W4412960830,Semantic-Aware Autonomous Vehicle Navigation with Causal Transformers and Q-Learning,2025,https://doi.org/10.1145/3749992,ACM Journal on Autonomous Transportation Systems,"Visual perception is crucial for autonomous vehicle navigation, enabling situational awareness through depth estimation and semantic segmentation. This study presents a novel transformer-based pipeline for depth perception and semantic aware path planning for enhanced visual understanding. Our approach combines a dense prediction model for relative depth estimation and semantic information with a causal transformer and Q-learning for navigation. We evaluate the pipeline’s performance using metrics such as Root Mean Square Error and Depth Accuracy alongside safety-based indicators. Qualitative assessments of agent behavior in diverse simulated environments and real-world scenarios demonstrate improvements in autonomous vehicles’ contextual understanding of surroundings. Our results demonstrate that the proposed pipeline enhances obstacle anticipation and vehicle responsiveness in simulated and real-world environments. By improving the reliability of autonomous navigation systems, this work contributes to SDG 9 by advancing resilient infrastructure for intelligent transportation while supporting SDG 11 through safer and more efficient urban mobility solutions."
https://openalex.org/W7104507905,Q-learning-based unmanned ground vehicle navigation in warehouse-like environments,2025,https://doi.org/10.47328/ufvbbt.2025.488,,"This dissertation investigates robot navigation in logistics environments, focusing on libraries and warehouses, using the Q-learning method. To this end, three studies are presented, each applying reinforcement learning to optimize task performance and navigation efficiency. The first study employs Q-learning to enhance book organization in the library of the Federal University of Viçosa, reducing planning time and movements by 20% compared to a greedy method while achieving a 100% success rate in task completion. Meanwhile, the second study proposes an offline Q- learning approach for unmanned ground vehicles in warehouses, outperforming traditional algorithms such as Dijkstra, A-star, and Breadth-First Search, with planning speeds up to seven times faster and a reduction in turns of up to 41%. Finally, the third study extends Q-learning to multi-agent navigation in libraries, integrating transfer learning and curriculum learning. As a result, simulations indicated a 94% success rate with nine agents, along with a 73.36% reduction in task steps compared to scenarios with only one agent. Thus, this dissertation highlights the significant potential of reinforcement learning, particularly Q-learning, to enhance robotic navigation efficiency, reduce operational complexity, and optimize logistics processes in dynamic and complex environments. Keywords: path Planning; reinforcement Learning; unmanned Ground Vehicles"
https://openalex.org/W2378887729,On-line selection method of the traffic control and route guidance collaboration mode based on Q-learning algorithm,2010,,Journal of Jilin University,"The on-line traffic control and route guidance collaboration mode selection was realized by the Q-learning algorithm. Using the multi-intelligence agents trained with the Q-learning algorithm, the optimal collaboration mode was obtained under different traffic conditions according to the inner inference of the multi-intelligence agent. So,the on-line selection and switching of the traffic control and route guidance collaboration mode was accomplished. The simulation results show that the proposed collaboration mode selection method based on the Q-learning is characterized by better collaboration control effect under the ordinary traffic congestion condition and more adaptive to constantly changing traffic condition than the traditional off-line mode selection method. The proposed method is helpful to avoiding the heavy traffic congestion and improving the traffic network performance."
https://openalex.org/W7140496954,A Q-Learning-Based Adaptive Ant Colony Algorithm for Electric Vehicle Routing Planning,2025,https://doi.org/10.1109/bddm68348.2025.11442182,,"In response to global energy transition and carbon neutrality goals, the electric vehicle routing problem has become a core challenge in green logistics research. Its complex charging constraints and energy consumption characteristics impose higher demands on traditional optimization algorithms. This paper proposes an improved adaptive ant colony algorithm integrated with Q-learning (Q-AACO), which enhances search efficiency through elite strategies and dynamic pheromone update mechanisms, maintains population diversity with maximum-minimum pheromone limits, and introduces a Q-learning framework to intelligently select local search operators, guiding the search direction with a multi-perspective reward function. Experiments show that the algorithm achieves or surpasses the known optimal solution in 91.67% of instances and outperforms comparison algorithms in 79.17% of instances, demonstrating excellent convergence performance and stability, providing an effective solution for electric vehicle routing under complex constraints."
https://openalex.org/W4393034266,RL-Planner: Reinforcement Learning-Enabled Efficient Path Planning in Multi-UAV MEC Systems,2024,https://doi.org/10.1109/tnsm.2024.3378677,IEEE Transactions on Network and Service Management,"Mobile edge computing (MEC), located at the networks edge, enhances distributed computing. However, its fixed position presents limitations during emergencies. Integrating unmanned aerial vehicles (UAVs) into MEC systems offers a solution but introduces challenges in managing UAV collaboration. This paper proposes a Reinforcement Deep Q-Learning based multi-UAV MEC framework to optimize quality of service (QoS) and route planning. The proposed framework addresses these challenges by modeling user demand and using multi-factor optimization considering user demand, risk, and distance. A Markov Decision Process (MDP) models user demand for higher QoS. The reinforcement learning reward matrix incorporates terminal user demand, risk, and distance for efficient energy use and resource allocation. Simulations demonstrate the effectiveness of our proposed method, offering valuable insights for future research in this domain."
https://openalex.org/W7162507432,A Parcel Consolidation Policy for Vehicle Routing Plans in Last-Mile Delivery: A Deep Q-Learning Approach,2026,https://doi.org/10.1504/ejie.2027.10078808,European J of Industrial Engineering,"Inderscience is a global company, a dynamic leading independent journal publisher disseminates the latest research across the broad fields of science, engineering and technology; management, public and business administration; environment, ecological economics and sustainable development; computing, ICT and internet/web services, and related areas."
https://openalex.org/W4376271202,Multi-UAV computing enabling efficient clustering-based IoT for energy reduction and data transmission,2023,https://doi.org/10.3233/jifs-231242,Journal of Intelligent & Fuzzy Systems,"Internet of Things (IoT) technologies increasingly integrate unmanned aerial vehicles (UAVs). IoT devices that are becoming more networked produce massive data. The process and memory of this enormous volume of data at local nodes, particularly when utilizing artificial intelligence (AI) algorithms to collect and utilize useful information, have been declared vital issues. In this paper, we introduce UAV computing to solve greater energy consumption, delay difficulties using task offload and clustered approaches, and make cloud computing operations accessible to IoT devices. First, we present a clustering technique to group IoT devices for data transmission. After that, we apply the Q-learning approach to accomplish task offloading and allocate the difficult tasks to UAVs that are not yet fully loaded. The sensor readings from the CHs are then collected using UAV path planning. Furthermore, We use a convolutional neural network (CNN) to achieve UAV route planning. In terms of coverage ratio, clustering efficiency, UAV motion, energy consumption, and the number of collected packets, the effectiveness of the current study is finally compared with the existing techniques using UAVs. The results showed that the suggested strategy outperformed the current approaches in terms of coverage ratio, clustering efficiency, UAV motion, energy consumption, and the number of collected packets. Additionally, the proposed technique consumed less energy due to CNN-based route planning and dynamic positioning, which reduced UAV transmits power. Overall, the study concluded that the suggested approach is effective for improving energy-efficient and responsive data transmission in crises."
https://openalex.org/W4405845221,Q-Learning Based Genetic Algorithm for Solving Pollution Route Planning Problem,2024,https://doi.org/10.1109/bigdia63733.2024.10808762,,"As China experiences rapid industrial and urban growth, vehicular emissions from road transport have increasingly contributed to CO2 levels. The Pollution Routing Problem (PRP) is a strategic approach designed to find the most cost-effective and eco-friendly transportation routes. This is achieved by balancing operational expenses with environmental impact, considering variables such as vehicle speed fluctuations, fuel usage, emissions output, and driver compensation, to create a solution that is both economically viable and environmentally responsible. This study introduces a novel approach to tackle the Pollution Routing Problem (PRP) by employing a Q-learning-enhanced genetic algorithm (Q-GA).This approach enhances the efficiency of vehicle routing by leveraging the strengths of both reinforcement learning and genetic algorithms in a synergistic manner, aiming to minimise operational and environmental costs. The core lies in the use of Q-learning reinforcement learning mechanism to guide the parameter selection of the genetic algorithm to efficiently explore and utilise the search space in order to find the optimal solution. Experimental results demonstrate that the Q-GA performs well in solving the PRP problem, converges faster than traditional methods, and provides an effective win-win solution for both environmental and economic benefits."
https://openalex.org/W2163709572,DAQL-Enabled Autonomous Vehicle Navigation in Dynamically Changing Environment,2011,https://doi.org/10.5772/13743,InTech eBooks,"this idea, we propose in this chapter a new approach, which incorporates two major features that are not found in solutions for static environments: (1) actions performed by obstacles are taken into account when the agent determines its own action; and (2) reinforcement learning is adopted by the agent to handle destination seeking (DS) and obstacle actions. Reinforcement Learning (RL) It can be defined as a class of problem solving approaches in which the learner (agent) learns through a series of trial-anderror searches and delayed rewards The purpose is to maximize not just the immediate reward, but also the cumulative reward in the long run, such that the agent can learn to approximate an optimal behavioral strategy by continuously interacting with the environment. This allows the agent to work in a previously unknown environment by learning about it gradually. In fact, RL has been applied in various CA related problems For RL to work in a DE containing multiple agents, the consideration of actions of other agents/obstacles in the environment becomes necessary (Littman, 2001). For example, Team Q-learning (QL) For agents that do not share the same reward function, Their results showed that by taking into account the actions of another agent, JAL performs somewhat better than the traditional QL. However, JAL depends crucially on the strategy adopted by the other agents and it assumes that other agents maintain the same strategy throughout the game. While this assumption may not be valid, Hu and Wellman proposed Nash Q-learning Nash equilibrium is used for the agent to adopt a strategy which is the best response to the other's strategy. This approach requires the agent to learn others Q-value by assuming that the agent can observe other's rewards. In this chapter, we propose an improved QL method called Double Action Q-Learning (DAQL) (Ngai & Yung, 2005a; Instead of assuming that the rewards of other agents can be observed, we use a probabilistic approach to predict their actions, so that they may work cooperatively, competitively or independently. Based on this, we further develop it into a solution for the two goal navigation problem in a dynamically changing environment, and generalize it for solving multiple goal problems. The solution uses DAQL when it is required to consider the responses of other moving agents/obstacles. If agent action would not cause the destination to move, then QL (Watkins & Dayan, 1992) would suffice for DS. Given two actions from two goals, a proportional goal fusion function is employed to maintain a balance in the final action decision. Extensive simulations of the proposed method in environments with single constant speed obstacle to multiple obstacles at variable speed and directions indicate that the proposed method is able to (1) deal with single obstacle at any speed and directions; (2) deal with two obstacles approaching from different directions; (3) cope with large sensor noise; (4) navigate in high obstacle density and high relative velocity environments. Detailed comparison with the Artificial Potential Field method The rest of this chapter is organized as follows: Section 2 introduces the concept of the proposed DAQL-enabled reinforcement learning framework. Section 3 describes the implementation method of the proposed framework in solving the autonomous vehicle www.intechopen.com"
https://openalex.org/W2742278193,Reinforcement Learning with Gaussian Processes for Unmanned Aerial Vehicle Navigation,2017,,VTechWorks (Virginia Tech),"We study the problem of Reinforcement Learning (RL) for Unmanned Aerial Vehicle (UAV) navigation with the smallest number of real world samples possible. This work is motivated by applications of learning autonomous navigation for aerial robots in structural inspec- tion. A naive RL implementation suffers from curse of dimensionality in large continuous state spaces. Gaussian Processes (GPs) exploit the spatial correlation to approximate state- action transition dynamics or value function in large state spaces. By incorporating GPs in naive Q-learning we achieve better performance in smaller number of samples. The evalua- tion is performed using simulations with an aerial robot. We also present a Multi-Fidelity Reinforcement Learning (MFRL) algorithm that leverages Gaussian Processes to learn the optimal policy in a real world environment leveraging samples gathered from a lower fidelity simulator. In MFRL, an agent uses multiple simulators of the real environment to perform actions. With multiple levels of fidelity in a simulator chain, the number of samples used in successively higher simulators can be reduced."
https://openalex.org/W7138908026,Maximizing Tourist Satisfaction: A Personalized Route Planning Model Based on Multi-objective Q-learning,2026,https://doi.org/10.21203/rs.3.rs-8983391/v1,Research Square,
https://openalex.org/W4417054197,Deep Q-Learning-based Route Optimization for Traffic Network,2025,https://doi.org/10.1109/iicaiet67254.2025.11265506,,"This paper presents a Deep Q-Learning (DQL) approach to enhance traffic rerouting in urban vehicular networks. The objective is to develop a dynamic route planning system that adapts to real-time traffic conditions using AI-based decision-making. Traffic congestion in Malaysia cities highlights the limitations of static route planning that lacks responsiveness to fluctuating travel demand and localized congestion. This study addresses the need for intelligent rerouting by manipulating learning-based models while controlling key traffic variables such as speed, acceleration, vehicle position, and travel time. The aim is to develop and evaluate an intelligent rerouting system that is capable of minimizing traffic delays and improving vehicular flow efficiency. This is achieved by integrating Simulation of Urban Mobility (SUMO) with MATLAB via Python Traffic Control Interface (TraCI) and User Datagram Protocol (UDP) sockets that enable real-time monitoring and data exchange. A deep Q-Learning agent was trained to make rerouting decisions based on live vehicle state inputs and traffic conditions, then the agent’s reward function was designed to reduce congestion. Quantitative evaluations show that DQL-based rerouting achieves 22% reduction in average travel time compared to conventional shortest-path routing. The proposed method demonstrates the potential of Deep Reinforcement Learning to solve complex travel problems. This work contributes toward intelligent transportation systems in smart cities which enable adaptive and scalable traffic control framework."
https://openalex.org/W4408358394,Enhancing Autonomous Vehicle Navigation Using Deep Learning-Based Scene Understanding,2024,https://doi.org/10.1109/icses63760.2024.10910335,,"To navigate complex environments, AV navigation relies on the accuracy of scene understanding. In this work, a new approach based on deep learning is brought into relation with the object recognition, scene segmentation, motion prediction, and reinforcement learning for enhancing AV navigation. The methodology starts by utilizing the scene segmentation accomplished by breaking down the drivable areas along with obstacles using the U-Net architecture. Real-time object recognition using YOLO is incorporated at the end. With an LSTM network, the AV can predict potential future behaviors of moving objects. RRT*is best for collision avoidance while navigating to build up a route. Conclusion: A Deep Q-Learning reinforcement learning system improves real-time navigation and provides a framework for optimization for dynamic decision-making and vehicle control situations. Simulation and experimental results also demonstrate that the technology increases the navigation efficiency and reduces the frequency of collisions, which improves the process of obstacle avoidance. Thereby, 92.5 % precision for U-Net can be proven."
https://openalex.org/W7133315928,Q-Learning on Efficient Routing for Electric Vehicles with Travel Time Optimization,2025,https://doi.org/10.1109/cins67018.2025.11412060,,"The wide-ranging adaptation of electric vehicles (EVs) is hindered by uncertainties in travel time, often caused by unplanned charging needs, which increase drivers’ anxiety about completely discharging the battery before reaching their destinations. To address this issue, this work suggests a Q-learning–based strategy for optimizing EV routes, focusing on minimizing journey time. By modeling the proposed approach as a constrained Markov decision process (CMDP), optimizing journey time enables adaptive decision-making for efficient route planning. Considering the journey time minimization, the suggested approach achieves an 83.6% improvement compared to the related work."
https://openalex.org/W2782637183,Data-driven inverse learning of passenger preferences in urban public transits,2017,https://doi.org/10.1109/cdc.2017.8264410,,"Urban public transit planning is crucial in reducing traffic congestion and enabling green transportation. However, there is no systematic way to integrate passengers' personal preferences in planning public transit routes and schedules so as to achieve high occupancy rates and efficiency gain of ride-sharing. In this paper, we take the first step tp exact passengers' preferences in planning from history public transit data. We propose a data-driven method to construct a Markov decision process model that characterizes the process of passengers making sequential public transit choices, in bus routes, subway lines, and transfer stops/stations. Using the model, we integrate softmax policy iteration into maximum entropy inverse reinforcement learning to infer the passenger's reward function from observed trajectory data. The inferred reward function will enable an urban planner to predict passengers' route planning decisions given some proposed transit plans, for example, opening a new bus route or subway line. Finally, we demonstrate the correctness and accuracy of our modeling and inference methods in a large-scale (three months) passenger-level public transit trajectory data from Shenzhen, China. Our method contributes to smart transportation design and human-centric urban planning."
https://openalex.org/W4416384823,Intelligent Path Planning for Off-Road Navigation: A Q Learning Approach with Terrain and Distance Optimization,2025,https://doi.org/10.1007/978-981-95-4990-0_23,Communications in computer and information science,
https://openalex.org/W4408134659,Optimizing Autonomous Vehicle Control Through Deep Q-Learning: A Simulation-Based Approach with CARLA,2025,https://doi.org/10.1007/978-3-031-83435-6_11,Communications in computer and information science,
https://openalex.org/W3178763036,Route Planning using Reinforcement Learning and Battery Optimization in Phev’s,2021,,Journal of Emerging Technologies and Innovative Research,"This paper presents a careful comparative analysis of two different reinforcement learning algorithms,An agent with specified coordinates in a gird based environment with obstacles calculates a route for it to travel using q-learning and sarsa.An individual component
To solve optimization of energy in Pliug-in hybrid vehicles based on power demand by utilizing dynamic programming.The principle objective of the paper is to track down the ideal way and to recognize the Q-learning and SARSA calculations and furthermore streamlining the battery phev vehicle. These calculations utilize either the on-strategy or off-arrangement systems of support learning. For the on-approach technique, we have used the SARSA calculation and for the off-arrangement methodology, the Q-learning calculation has been used. These computations also affectingly affect tracking down the most short route possible for the robot"
https://openalex.org/W3175981141,DYNAMIC ROUTING FOR NAVIGATION IN CHANGING UNKNOWN MAPS USING DEEP REINFORCEMENT LEARNING,2021,https://doi.org/10.5194/isprs-annals-v-1-2021-145-2021,"ISPRS annals of the photogrammetry, remote sensing and spatial information sciences","Abstract. In this work, we propose an approach for an autonomous agent that learns to navigate in an unknown map in a real-world environment. Recognizing that the real-world environment is changing overtime such as road-closure happening due to construction work, a key contribution of our paper is adopt the dynamic adaptation characteristic of the reinforcement learning approach and develop a dynamic routing ability for our agent. Our method is based on the Q-learning algorithm and modifies it into a double-critic Qlearning model (DCQN) that only uses visual input without other aids such as GPS. Our treatment of the problem enables the agent to learn the navigation policy while interacting with the environment. We demonstrate that the agent can learn navigating to the destination kilometers away from the starting point in a real world scenario and has the ability to respond to environment changes while learning to adjust the routing plan dynamically by adjusting the old knowledge. The supplementary video can be accessed at the following link: https://www.youtube.com/watch?v=tknsxVuNwkg."
https://openalex.org/W4417484789,Multi-modal Mission Route Planning Method for Flying Vehicles Considering Running Distance and Energy Consumption,2025,https://doi.org/10.3901/jme.2025.02.222,Journal of Mechanical Engineering,摘要： 凭借着空地多域协同运行的特点，飞行车辆的路径规划问题扩大到了三维空间，有效提高任务完成的效率。传统的路径规划算法不再满足飞行车辆多模态三维路径的规划需求。因此，一种基于博弈学习兼顾车辆运行距离与能耗的多模态路径规划策略被提出。首先，考虑飞行车辆的飞行越障能力，设计一种新型的Q-learning奖励函数，引导车辆进行模态切换以探索尽可能短的二维地面距离。其次，双层追逐博弈用于生成模态切换时机与位置的决策序列，构建“间隔距离-能耗”复合效益表从而获取切换的纳什均衡解。通过车辆与环境的不断交互学习，效益表可实现不断更新，最终获得一系列兼顾车辆运行距离与能耗的模态切换动作集。最后，在40 km×40 km的任务地图中验证策略的有效性。该策略为飞行车辆规划的多模态路径比传统强化学习规划的地面行驶路径缩短了10.785 km的运行距离，而比距离最优的多模态路径降低了16.38%的路径能耗。当执行任务较紧急时，飞行车辆更侧重于运行距离的缩短，此时该策略为其规划的多模态路径比地面行驶路径缩短了11.933 km，能耗比距离最优的多模态路径降低了0.04%。
https://openalex.org/W2073928432,Acquisition of communication protocol for autonomous multi-AGVs driving,1999,https://doi.org/10.1109/ipmm.1999.791535,,"In order to realize autonomous AGV driving, two problems arise: the autonomous vehicle navigation problem; and the acquisition of communication protocol. The communication protocol means that an AGV can understand other AGV intention by its behavior. This paper proposes an acquisition method for communication protocol using Q-learning. Multi-AGVs are defined by a set of agents and each agent is defined by a learning automaton with Q-learning function. Numerical experiments are executed to examine what kind of communication protocol is acquired by Q-learning by the multi-AGVs operating together. By comparing the acquired communication protocol with other options, the AGVs that adopt the correct communication protocol process the given workpieces slightly faster. This result shows that an AGV can acquire a suitable communication protocol by learning in any environment."
https://openalex.org/W125729920,"Vehicular ad hoc networks : dissemination, data collection and routing : models and algorithms",2013,,HAL (Le Centre pour la Communication Scientifique Directe),"Each day, Humanity loses thousands of persons on roads when they were traveling to work, to study or even to distract. The financial cost of these injuries is also terrifying: Some statistics evaluate the financial cost of vehicle accidents at 160 billion Euro in Europe each year. These alarming figures have driven researchers, automotive companies and public governments to improve the safety of our transportation systems and communication technologies aiming at offering safer roads and smooth driving to human beings. In this context, Vehicular Adhoc Networks, where vehicles are able to communicate with each others and with existent road side units, emerge as a promising wireless technology able to enhance the vision of drivers and offer larger telematic horizon. VANETs promising applications are not only restricted to road safety but span from vehicle trafficoptimization like flow congestion control to commercial applications like file sharing and internet access. Safety applications require that their alert information is propagated to the concerned vehicles (located in the hazardous zone) with little delay and high reliability. For these reasons, this category of applications is considered as delay sensitive and broadcast-oriented nature. While classical blind flooding is rapid, its major drawback is its huge bandwidth utilization. In this thesis, we are interested on enhancing vehicular communications under different scenarios and optimizations: First, We focus on deriving a new solution (EBDR) to disseminate alert messages among moving vehicles while maintaining it efficient and rapid. Our proposal is based on directional antennas to broadcast messages and a route guidance algorithm to choose the best path for the packets. Findings confirmed the efficiency of our approach in terms of probability of success and end-to-end delays. Moreover, in spite of the broadcast nature of the proposed technique, all transmissions stop very soon after the arrival of a packet to its destination representing a strong feature in the conception of EBDR. Second, we propose a novel mathematical framework to evaluate the performance of EBDR analytically. Although most of the proposed techniques present in literature use experimental or simulation tools to defend their performance, we rely here on mathematical models to confirm our achieved results. Our proposed framework allows to derive meaningful performance metrics including the probability of transmission success and the required number of hops to reach thefinal destination. Third, we refine our proposed broadcast-based routing EBDR to provide more efficient broadcasting by adjusting the transmission range of each vehicle based on its distance to the destination and the local node density. This mechanism allows better minimization of interferences and bandwidth's saving. Furthermore, an analytical model is derived to calculate thetransmission area in the case of a simplified node distribution. Finally, we are interested on data collection mechanisms as they make inter-vehicle communications more efficient and reliable and minimize the bandwidth utilization. Our technique uses Q-learning to collect data among moving vehicles in VANETs. The aim behind using the learning technique is to make the collecting operation more reactive to nodes mobility and topology changes. For the simulation part, we compare it to a non-learning version to study the effect of the learning technique. Findings show that our technique far outperforms other propositions and achieves a good trade off between delay and collection ratio. In conclusion, we believe that the different contributions presented in this Thesis will improve the efficiency of inter-vehicle communications in both dissemination and data collection directions. In addition, our mathematical contributions will enrich the literature in terms of constructing suitable models to evaluate broadcasting techniques in urban zones"
https://openalex.org/W4200614336,A Floyd-Warshall-Based Reoptimization of Q Matrix on the Single DVRPPD with On-Demand Cancellations,2021,https://doi.org/10.1109/ictc52510.2021.9621108,2021 International Conference on Information and Communication Technology Convergence (ICTC),"Delivery services have reached an all-time high in terms of demands due to the COVID-19 pandemic. An optimal routing plan for these different courier services is a must. The vehicle routing problem (VRP) is an NP-hard problem in logistics research and it can be solved by exact algorithms, heuristics, and machine learning through reinforcement learning. This study introduces a reoptimization alternative as opposed to trivial Q-learning retraining on a newly introduced subproblem of dynamic VRP and VRPPD, the dynamic vehicle routing problem with pickup, delivery, and cancellation (DVRPPDC). The reoptimization technique is called Floyd-Warshall LookUp Reoptimization of Rewards Yearned (FLURRY). Combined with a one-time Q-learning computation beforehand, the Q matrix produced is updated at the cell level by a lookup table containing all the shortest paths among the pairs of parcel lockers. The lookup table is generated via Floyd-Warshall algorithm, a well-known shortest path algorithm. Upon testing on a new dataset for DVRPPDC, one-time Q-learning combined with FLURRY is 6.1x to 10.6x faster to compute than Q-learning retraining. Furthermore, an additional study done after the main series of experiments reveal that the methodology does not necessitate any Q-learning training at the first time step at all. FLURRY can be done on a Q matrix of zeroes and achieve the same path output and traversal time as Q-learning with FLURRY. The standalone FLURRY algorithm further speeds up the computation, compared to the naive Q-learning approach, from 6.1x – 10.6x to 26.5x – 117.5x."
https://openalex.org/W4392126347,Improved Q-Learning Algorithm for AGV Path Optimization,2024,https://doi.org/10.1007/978-981-97-0665-5_8,Lecture notes in electrical engineering,
https://openalex.org/W4411054981,Path Planning for Transoceanic Underwater Glider Based on Hybrid Reinforcement Learning Algorithm,2025,https://doi.org/10.1109/jiot.2025.3576911,IEEE Internet of Things Journal,"Underwater gliders (UGs) represent a class of autonomous underwater vehicles renowned for their extended operational endurance, capable of traversing thousands of kilometers. As the primary environmental factor influencing UG navigation, ocean currents profoundly affect path planning strategies, with temporal variability exhibiting significant regional disparities across marine domains. This study introduces a hybrid path-planning methodology for transoceanic UGs, synergizing classical algorithms with reinforcement learning techniques. The framework initiates by constructing a transoceanic current model through integration of multi-temporal hydrodynamic data from the Global Ocean Physics Analysis and Forecast system. Subsequently, the Dijkstra algorithm generates initial trajectory planning within a static current field derived from long-term averaged flow patterns. Leveraging these preliminary waypoints, a Q-learning algorithm performs segmented trajectory optimization using real-time current data. The refined path undergoes final processing through a smoothing algorithm to yield navigable routes compatible with UG operational constraints. Accompanying this methodology, a dedicated software platform, underwater glider path planning platform (UGPPP), facilitates path planning and performance evaluation. Validation through case studies in the South China Sea, Western Pacific, and transoceanic regions demonstrates the proposed method’s superior overall performance compared to benchmark approaches, achieving a 35.946% hydrodynamic energy utilization rate. This systematic approach establishes a foundational framework for optimizing long-range marine vehicle navigation in dynamic oceanic environments."
https://openalex.org/W7166590786,Enhancing non-motorized travel using reinforcement learning: a novel dynamic route planning approach,2026,https://doi.org/10.1080/10095020.2026.2684864,Geo-spatial Information Science,"Non-motorized travelers, such as pedestrians and cyclists, are highly sensitive to infrastructures like stairs, tunnels, and overpasses that impede movement. Dynamically avoiding such barriers to find optimal paths remains a key challenge in route planning, as existing models often inadequately capture the interplay of road types, traveler behavior, and environmental dynamics. To address this, we propose UED-Q, a novel path planning method based on Q-learning, enhanced by Upper Confidence Bound (UCB)-guided exploitation and a dynamic learning rate tuning mechanism. UED-Q introduces a reward-shaping function that integrates road characteristics, user behavior, and real-time environmental changes. Evaluated on Wuhan’s real-world road network, UED-Q outperforms several advanced methods, including Q-learning with the Artificial Potential Field (QAPF), Combining Manhattan Distance and Q-Learning (CMDQL), Deep Q-Network (DQN), Dueling DQN, and A* in both static and dynamic scenarios. It reduces the average path length by 7.12% (vs. DQN), 4.26% (vs. A*), and 9.47% (vs. Dueling DQN), and cuts the estimated travel time by up to 8.36%. Notably, the convergence speed improves by 92.58% over DQN and 96.71% over Dueling DQN. This work delivers an efficient, empirically validated framework for intelligent non-motorized navigation, supporting sustainable urban mobility."
https://openalex.org/W4389251112,A Novel Route Planning Approach Based on Energy-Based Action Sample Reinforcement Learning,2023,https://doi.org/10.1109/ccdc58219.2023.10327188,,"Route planning for driverless vehicles in given environment has been widely studied. In this paper, a novel route path planning approach is proposed for self-driving based on energy-based action sample reinforcement learning. Firstly, based on the established graph, Q-learning is adopted in agent training with an novel considering steering penalty into reward function. Secondly, an innovative energy-based action sampling method is used to choose the most valuable action. Thirdly, the agent interacts with environment to plan a global path from the start to the goal point. As the results shown in experiments, this approach can complete the route planning task, and perform better in path length and turns (i.e. evaluation indicators)."
https://openalex.org/W4396629588,Ethical Decision-Making for the Inside of Autonomous Buses Moral Dilemmas,2024,https://doi.org/10.1109/tai.2024.3396415,IEEE Transactions on Artificial Intelligence,"The emergence of moral dilemmas inside autonomous buses can lead to unpredictable consequences for manoeuvre and amplify potential harms to passengers onboard. However, most existing approaches solely focus on ensuring ethical decision-making in scenarios outside of vehicles. To ensure ethical decision-making for autonomous buses when moral dilemmas occur inside, there are many urgent challenges that need to be addressed. Firstly, the non-commensurability of ethical values presents difficulties in designing quantifiable environments and decision-making models. Moreover, ethical dilemmas involve multiple conflicting objectives, often necessitating the consideration of multiple moral theories to comprehensively evaluate different perspectives. Additionally, accurately representing these dilemmas and identifying optimal solutions that address conflicting objectives poses further challenges. This paper proposes a general ethical decision-making system to handle ethical dilemmas inside autonomous buses. The system’s design adheres to multiple ethical principles, and it comprises two stages: 1) develop a generative adversarial network (GAN) based human-value-aligned data collection scheme to gather representative moral values and generate comprehensive moral scenarios, which address the incommensurable ethical metrics issue, and 2) propose an ethical compliant multi-objective thresholded lexicographic Deep Q-learning method to ensure optimal policies that satisfies multiple ethical objectives. In a case study of autonomous bus route planning, our system outperforms benchmarks in showing a greater number and more evenly distributed policies in the Pareto Front and a 27% increase in coverage rate. Extensive experiments against non-ethical systems show superior outcomes in convergence, average reward and cost. Finally, user studies demonstrate the system’s accuracy and usability."
https://openalex.org/W7126267039,Deep Q-Learning for Autonomous Path Following: A Multi-environment Study with Obstacle Avoidance,2026,https://doi.org/10.1007/978-3-032-14038-8_36,Lecture notes in networks and systems,
https://openalex.org/W4403675199,A Reinforcement Approach for Fleet Optimization in Multi-Agent Autonomous Cars,2024,https://doi.org/10.1109/iceeict61591.2024.10718531,,"The problems of fleet optimisation and safety are significant in the field of multi-agent autonomous automobile systems. This study focuses on the exploration of the application of reinforcement learning (RL) in tackling the challenges associated with fleet management and safety within multi-agent autonomous vehicle systems. Using Q-learning, self-driving taxis are trained to efficiently handle passenger requests and complex route planning in a simulated setting. The studys’ contributions include the creation of a Q-learning algorithm optimized for taxi routing, a simplified yet robust training environment. By conducting detailed simulation tests, the research demonstrates how RL can substantially improve the efficiency of vehicle fleets and enhance passenger satisfaction, thereby emphasizing its critical role in advancing autonomous vehicle technology. The results provide useful information about how RL-based methods can transform the way we design and operate transportation systems, making them safer and more effective for cities of the future."
https://openalex.org/W4408757723,Q-Learning-Based Multi-step Model Predictive Control (QM-MPC) for UGVs Trajectory Tracking,2025,https://doi.org/10.1007/978-981-96-3572-6_16,Lecture notes in electrical engineering,
https://openalex.org/W4399859278,Advanced Object Detection and Decision Making in Autonomous Medical Response Systems,2024,https://doi.org/10.55041/ijsrem35985,INTERANTIONAL JOURNAL OF SCIENTIFIC RESEARCH IN ENGINEERING AND MANAGEMENT,"Abstract—This paper focuses on enhancing the object detection and decision-making capabilities of Autonomous Emergency Medical Response Systems (AEMRS). Using advanced sensors, Convolutional Neural Networks (CNN), and reinforcement learn- ing, we propose a model that processes environmental data to identify obstacles and make optimal navigation decisions. The integration of these technologies aims to minimize response time and improve the efficiency of emergency medical services. The perception system utilizes radar, LiDAR, and camera inputs to create a comprehensive understanding of the environment. These data are processed through a series of CNN layers to detect and classify objects such as vehicles, pedestrians, and road signs. On the decision-making front, a Q-learning algorithm is employed to enable the ambulance to learn from its interactions with the environment, continuously improving its route planning and collision avoidance strategies. By combining these advanced AI techniques, the proposed AEMRS can significantly enhance the speed and reliability of emergency responses, ultimately saving more lives. This paper presents the design, implementation, and simulation results of the proposed system, demonstrating its potential to revolutionize emergency medical services. Index Terms—Object Detection, Convolutional Neural Net- works (CNN), Reinforcement Learning, Q-Learning, AI-Driven Ambulance, Autonomous Systems, Emergency Medical Services, Real-Time Navigation."
https://openalex.org/W4411949689,Supervised Deep Learning Methodology for Autonomous Vehicle Routing,2024,https://doi.org/10.1109/icaccm61117.2024.11059045,,"Automated driving is a revolutionary technology that is fundamentally changing worldwide transportation networks. An essential component of autonomous vehicle operation is path planning, which guarantees secure and effective navigation across intricate and ever-changing surroundings. This work presents an innovate neural network design that integrates deep Q-learning with policy gradients, therefore improving the current deep reinforcement learning paradigm. This methodology allows the self-driving vehicle to acquire knowledge and adjust to intricate situations using huge quantities of data, strict adherence to demanding global criteria. To verify the efficacy of our suggested approach, we performed simulations using both realistic and benchmark scenarios. The findings illustrate that our methodology greatly improves the vehicle's performance in difficult circumstances while upholding a commendable degree of safety. An analysis was conducted on important parameters like route completion time, energy usage, and adaptation to changing environmental circumstances. This approach demonstrates superior performance compared to both conventional and modern autonomous driving methods, therefore highlighting its capacity to propel the field of route planning in autonomous systems forward. The present study makes a valuable contribution to the advancement of autonomous driving technology by the introduction of an advanced deep learning framework that enhances path planning and decision-making capabilities."
https://openalex.org/W7136063143,"Realistic scenario-based trajectory control, path planning, and collision avoidance for autonomous vehicles",2026,https://doi.org/10.1016/j.eswa.2026.132078,Expert Systems with Applications,
https://openalex.org/W4391750747,Exploring the Noise Resilience of Successor Features and Predecessor Features Algorithms in One and Two-Dimensional Environments,2024,https://doi.org/10.21203/rs.3.rs-3936627/v1,Research Square,
https://openalex.org/W7160962627,Knowledge-driven MOEA/D for optimizing the road network of open-pit mines,2026,https://doi.org/10.1016/j.eswa.2026.132562,Expert Systems with Applications,
https://openalex.org/W4405128071,A Reinforcement Learning Approach for Training Complex Decision - Making Models,2022,https://doi.org/10.21275/sr22051120903,International Journal of Science and Research (IJSR),"Reinforcement learning (RL) is a powerful branch of machine learning that enables systems to learn optimal strategies through trial-and-error interactions with their environments, making it a natural fit for tackling complex decision-making problems. Unlike traditional methods that rely on predefined rules or labelled datasets, RL trains models by rewarding desired behaviours, allowing them to adapt dynamically to changing conditions. This ability to self-learn and improve has made RL increasingly crucial across industries, from robotics and gaming to finance and healthcare, where intelligent systems must make nuanced decisions in unpredictable settings. This article explores the core principles of reinforcement learning, shedding light on how agents learn by balancing exploration and exploitation. We dive into popular algorithms like Q-learning, Deep Q-Networks, and Policy Gradient methods, explaining their relevance in solving real-world challenges. Through practical examples, such as optimizing supply chain logistics or enhancing autonomous vehicle navigation, we illustrate the transformative potential of RL in training systems to handle intricate decision-making tasks. However, implementing RL in real-world scenarios is not without hurdles?issues like sample inefficiency, reward shaping, and the complexity of scaling solutions can impede progress. We provide actionable recommendations for addressing these challenges, including leveraging hybrid methods, improving environment simulation fidelity, and designing robust reward structures. Furthermore, we discuss the importance of combining RL with other techniques, such as supervised learning or evolutionary algorithms, to unlock its full potential. This discussion highlights RL's opportunities and limitations, emphasizing the need for continued innovation and collaboration between researchers and practitioners. This article is a comprehensive guide for those looking to harness reinforcement learning in building intelligent, adaptable decision-making models by bridging theoretical concepts with hands-on strategies."
https://openalex.org/W7161062678,Adaptive Waste Collection Routing in Smart Cities Using Multi-agent Systems,2026,https://doi.org/10.1007/978-3-032-22914-4_8,Lecture notes in networks and systems,
https://openalex.org/W4406260264,Machine Learning Method for Optimal Route Calculation,2024,https://doi.org/10.1109/ic2e362166.2024.10827534,,"This study unveils an innovative approach to optimizing routes by merging the capabilities of the BellmanFord algorithm with the adaptive nature of Q-Learning, addressing the dynamic obstacles encountered in route planning. By integrating the Bellman-Ford algorithm, renowned for its shortest path calculation even with negative weights, with the dynamic adaptability offered by Q-Learning, we introduce a method that surpasses the limitations of traditional routing strategies. Through a series of simulations, our proposed methodology showcases enhanced adaptability, efficiency, and precision in navigating dynamic environments, outperforming both conventional routing strategies and standalone machine learning approaches. The collaboration between Bellman-Ford and Q-Learning yields a robust solution for real-time routing challenges, making it indispensable for applications in logistics, autonomous vehicle navigation, and efficient traffic management. This contribution signifies a groundbreaking step in the domain of route optimization, offering a model that proficiently adjusts to evolving conditions, thus leading the way for future research and applications in this field."
https://openalex.org/W3210105096,Dynamics of Cyber-Physical Systems for Intelligent Transportations,2021,https://doi.org/10.1007/978-981-16-7213-2_49,Communications in computer and information science,
https://openalex.org/W4411688767,Comparative Analysis of Reinforcement Learning for Reliable Real-Time EV Routing and Charging,2025,https://doi.org/10.1109/drcn65040.2025.11046050,,"This paper presents a comparative analysis of reinforcement learning (RL) and deep reinforcement learning (DRL) techniques for optimizing reliable electric vehicle (EV) routing and charging in dynamic urban environments. By modeling the EV routing problem as a Markov Decision Process, our study accounts for real-world constraints such as battery levels, charging station availability, traffic conditions, and range anxiety. We evaluate three approaches: traditional Q-Learning, heuristicaugmented Q-Learning (TQL), and Deep Q-Learning (DQL) across simulated networks of varying scales. The experimental results demonstrate that DQL achieves faster convergence and consistently outperforms the other methods in minimizing travel time, improving distance efficiency, and maximizing cumulative rewards while ensuring more reliable route planning. These findings highlight the potential of advanced RL frameworks to enhance EV operational efficiency and charging reliability, offering valuable insights for future smart and sustainable transportation systems."
https://openalex.org/W2236212305,Intelligent Agents Approach To The On-Line Management And Control Of Transportation Networks,2006,,"Proceedings of the Joint CIB W78, W102, ICCCBE, ICCC, and DMUCE International Conference on Computing and Decision Making in Civil and Building Engineering, Montreal, Canada, 14-16 June","The primary objective of Intelligent Transportation Systems (ITS) is to take advantage of the advances in communications, electronics, and Information Technology in order to improve the efficiency and safety of transportation systems. Among the several ITS applications is the notion of Dynamic Traffic Routing (DTR), which involves generating optimal routing recommendations to drivers with the aim of maximizing network utilizing. The objective of this study is to demonstrate the feasibility of using a selflearning intelligent agent to solve the DTR problem to achieve traffic user equilibrium in a transportation network. To do this, the study uses the Cell Transmission Model to simulate a simple network that has two main routes. The learning algorithm implemented in the agent is based on the SARSA algorithm which is one variation of Reinforcement Learning (RL). SARSA allows the agent to learn by itself through interaction with the simulation model. Preliminary results indicate that the agent is capable of learning the correct strategies for the different states of the problem, provided that each state is visited long enough. Once the agent reaches a certain degree of expertise, it can be deployed to a real transportation system where the agent can use his knowledge and learned expertise to provide online routing guidance for motorists. Moreover, since any real life transportation system is a stochastic and ever-changing system, the agent will continue refining and adapting its expertise through its communication with the real transportation system."
https://openalex.org/W4399749839,Advanced Object Detection and Decision Making in Autonomous Medical Response Systems,2024,https://doi.org/10.20944/preprints202406.0811.v1,Preprints.org,"This paper focuses on enhancing the object detection and decision-making capabilities of Autonomous Emergency Medical Response Systems (AEMRS). Using advanced sensors, Convolutional Neural Networks (CNN), and reinforcement learning, we propose a model that processes environmental data to identify obstacles and make optimal navigation decisions. The integration of these technologies aims to minimize response time and improve the efficiency of emergency medical services. The perception system utilizes radar, LiDAR, and camera inputs to create a comprehensive understanding of the environment. These data are processed through a series of CNN layers to detect and classify objects such as vehicles, pedestrians, and road signs. On the decision-making front, a Q-learning algorithm is employed to enable the ambulance to learn from its interactions with the environment, continuously improving its route planning and collision avoidance strategies. By combining these advanced AI techniques, the proposed AEMRS can significantly enhance the speed and reliability of emergency responses, ultimately saving more lives. This paper presents the design, implementation, and simulation results of the proposed system, demonstrating its potential to revolutionize emergency medical services."
https://openalex.org/W4399696743,Advanced Object Detection and Decision Making in Autonomous Medical Response Systems,2024,https://doi.org/10.2139/ssrn.4867030,SSRN Electronic Journal,
https://openalex.org/W4412963191,Harnessing Robotic Scouts for Resilient Evacuation Policies in Disaster Scenarios,2025,https://doi.org/10.1109/ur65550.2025.11078047,,"Efficient evacuation route planning is critical for enhancing emergency response systems in disaster scenarios. Unlike traditional navigation systems that rely on pre-existing data and provide traffic-based routing under normal conditions, our method integrates robotic scouts-comprising drones and ground vehicles-to dynamically assist in evacuation planning during disasters. We propose an effective method for synthesizing evacuation policies that enable robotic scouts to guide evacuees through disaster-affected areas. By leveraging realworld disaster assessment data mapped onto a roadmap, we model the disaster environment and formulate the problem of generating evacuation policies in a stochastic framework using a Markov Decision Process (MDP). Within this framework, we assign location-specific costs on the roadmap based on the degree of structural damage in surrounding areas. Through policy iteration, we solve the MDP to synthesize the optimal evacuation policy for robotic scouts, ensuring effective routes from impacted zones to safe locations. Our simulation results based on real-world data from previous disaster assessments and performance analysis demonstrate the effectiveness of our method and validate its potential to significantly improve disaster management and emergency response strategies."
https://openalex.org/W4412164596,Intelligent Routing Strategies in UAV Swarm Operations,2025,https://doi.org/10.1109/aicconf64766.2025.11064270,,"This study explores the potential of artificial intelligence-based methods for route planning in unmanned aerial vehicle (UAV) swarm systems, with a particular focus on the advantages of the Q-learning algorithm in dynamic and uncertain environments, where traditional methods often fall short. A review of the literature reveals that swarm UAV mission planning typically relies on fixed-rule or predefined models, which impose significant limitations in real-time decision-making and adaptability to changing conditions. Q-learning’s ability to balance exploration and exploitation provides a flexible, adaptive structure for route optimization. Future work will focus on implementing this approach and examining its practical applications and operational impact in more detail."
https://openalex.org/W4409495103,Strengthening Acquiring Knowledge for Optimizing Dynamic Delivery Routes,2025,https://doi.org/10.1109/ic363308.2025.10957539,,"One of the most important challenges for delivery networks in logistics is the dynamic route optimization problem, which becomes increasingly important over time given the complexity of real-time constraints, such as traffic and road conditions, as well as order and customer demand. In general, conventional route optimization techniques such as static algorithms or heuristic approaches cannot respond to these changing landscapes, resulting in non-optimal solutions. Recently, Reinforcement Learning has become a potential candidate to tackle this problem, due to its ability to learn from interaction within the environment and improve decisions progressively. The soundness of RL approaches used in developing quasi-optimal dynamic routes provides an opportunity to optimize route plans, enhance efficiency, reduce operational costs, and further improve service quality in delivery networks. Reinforcement learning is actually a subfield of machine learning in which an agent learns to behave in an environment, in avow to maximize the long-term expected cumulative reward. The space in the case is the delivery network that includes the roads and traffic conditions as well as customers and other time variant spaces. In this case, the agent is the route optimization algorithm which takes in real-time feedback on which routes to take. This enables it to take the best possible action according to the state of the environment and discern from having learned over a time based on the reward signals provided for the actions it performed while interacting with its neighbouring environment to adapt better and reach optimal positive feedback towards the deliveries of packages. As such, the best routes and timing of deliveries needs to be matched such that the respective time and cost may be minimized, resulting in already significant gains made from traditional optimization approaches being used to solve these problems in delivery networks. It then elaborates on the RL framework, with an emphasis on the indispensable facets: states, actions, and rewards, and how to apply it to route optimization. Moreover, the document illustrates several important RL algorithms such as Q-learning, Deep Q-Networks, and Actor-Critic algorithms and discusses their successful use for addressing dynamic route optimization challenges. We assess the pros and cons of each algorithm, highlighting their ability to maintain a good exploration versus exploitation tradeoff, to tackle continuous action spaces, and to extend to large delivery networks."
https://openalex.org/W4366197563,Exploring the Noise Resilience of Successor Features and Predecessor Features Algorithms in One and Two-Dimensional Environments,2023,https://doi.org/10.48550/arxiv.2304.06894,arXiv (Cornell University),"Based on the predictive map theory of spatial learning in animals, this study delves into the dynamics of Successor Feature (SF) and Predecessor Feature (PF) algorithms within noisy environments. Utilizing Q-learning and Q($λ$) learning as benchmarks for comparative analysis, our investigation yielded unexpected outcomes. Contrary to prevailing expectations and previous literature where PF demonstrated superior performance, our findings reveal that in noisy environments, PF did not surpass SF. In a one-dimensional grid world, SF exhibited superior adaptability, maintaining robust performance across varying noise levels. This trend of diminishing performance with increasing noise was consistent across all examined algorithms, indicating a linear degradation pattern. The scenario shifted in a two-dimensional grid world, where the impact of noise on algorithm performance demonstrated a non-linear relationship, influenced by the $λ$ parameter of the eligibility trace. This complexity suggests that the interaction between noise and algorithm efficacy is tied to the environmental dimensionality and specific algorithmic parameters. Furthermore, this research contributes to the bridging discourse between computational neuroscience and reinforcement learning (RL), exploring the neurobiological parallels of SF and PF learning in spatial navigation. Despite the unforeseen performance trends, the findings enrich our comprehension of the strengths and weaknesses inherent in RL algorithms. This knowledge is pivotal for advancing applications in robotics, gaming AI, and autonomous vehicle navigation, underscoring the imperative for continued exploration into how RL algorithms process and learn from noisy inputs."
https://openalex.org/W7108465780,Data-Driven Routing for Autonomous Trucks: Learning from Human Behavior with Context Awareness and Privacy Protection,2025,https://doi.org/10.11575/prism/50765,Open MIND,"Efficient and resilient freight transportation is a cornerstone of modern economies. In Canada, where long distances, dispersed populations, and reliance on cross-border trade amplify the importance of trucking, heavy-duty vehicles carry most domestic and international shipments. However, trucking operations increasingly face challenges related to congestion, infrastructure limitations, and disruptive extreme weather events. These factors directly affect delivery reliability, operating costs, and emissions. As the industry moves toward automation, the need for adaptive and data-driven route recommendation for autonomous truck fleets has become urgent. Unlike human drivers who draw on experiential knowledge to navigate disruptions, autonomous systems must infer driver expertise, predict traffic under adverse conditions, and coordinate decisions across fleets, while respecting privacy constraints. This thesis focuses specifically on these data-driven and behavior-learning challenges, not on hardware or sensor-level issues. This work presents a unified framework for smart route planning for autonomous heavy-duty trucks and pursues three technical objectives: (i) accurate map matching under sparse GPS sampling, (ii) truck-specific traffic prediction under extreme weather, and (iii) privacy-preserving, context-aware route planning informed by human driving behavior. The first objective introduces the Multi-Intention Deep Inverse Reinforcement Learning (MIDIRL) framework for reconstructing truck trajectories from low-frequency GPS data. MIDIRL models diverse driver preferences by learning reward functions from high-frequency trajectories and identifying intention groups using expectation–maximization clustering. A Q-learning search then selects the most plausible driving path. Compared with classical Hidden Markov Model (HMM) and deep-learning baselines, MIDIRL achieves substantially higher segment-level and length-based accuracy on Calgary and Edmonton datasets. The second objective develops the Multi-Task Context-Based GRU Graph Convolutional Network (MT-C2G) for predicting truck traffic under extreme weather. MT-C2G integrates Graph Convolutional Networks (GCNs) for spatial structure, Gated Recurrent Units (GRUs) for temporal dynamics, and attention mechanisms for environmental context. To address the scarcity of rare weather events, Synthetic Minority Oversampling (SMOTE) is applied during training. Experiments on Alberta data show that MT-C2G reduces prediction errors compared with state-of-the-art spatio-temporal baselines, improving robustness required for proactive routing. The third objective proposes MetaFAIRL-Routing, a two-stage framework for learning human-like routing behavior while preserving data privacy. First, Meta-Federated Adversarial Inverse Reinforcement Learning enables multiple fleet operators to jointly learn a shared reward model without exchanging raw trajectory data. Second, a Multi-Agent Deep Q-Network (MA-DQN) uses this learned reward to coordinate decentralized routing decisions across trucks under dynamic conditions. Evaluations demonstrate 5–12\% reductions in travel time and 15–35\% reductions in congestion exposure, achieving near-centralized performance despite decentralized and privacy-restricted data. Collectively, this thesis advances behavior-aware and climate-resilient routing for autonomous truck fleets by addressing sparse trajectory data, extreme weather prediction, and privacy-sensitive fleet coordination. The proposed methods integrate human expertise, environmental awareness, and adaptive multi-agent decision-making, delivering practical benefits for logistics operators and offering policymakers tools for designing climate-resilient freight networks."
