paperId,title,year,venue,citationCount,abstract,source,pre_score,include
ea0485b9dcfbc214d40d2722a30957a4dedba15c,Dynamic Graph Network with Spatial-Temporal Gated Attention: A Deep Reinforcement Learning Approach for Urban Logistics Optimization,2025,Cybersecurity and Cyberforensics Conference,0,"With the development of smart transportation in cities, the dynamic vehicle routing problem has become increasingly important in urban logistics distribution, which requires optimizing vehicle routes in a dynamic environment where customer orders fluctuate in real-time and traffic conditions vary, aiming to achieve efficient resource utilization and cost minimization. Therefore, this paper focuses on solving the urban logistics distribution problem with dynamic traffic flow. The optimization obj",gnn_rl,3,n/a
a0ac1a1bd6a997f7b5ba36e1304b9747af0c1214,AI‐Infused Evolutionary Optimization for Multi‐Depot Vehicle Routing: A Case Study of Beverage Distribution,2025,Concurrency and Computation,0,"This study addresses the multi‐depot vehicle routing problem (MDVRP) using real‐world data from a beverage distribution company in Istanbul. Seven models are evaluated: Slime Mold Algorithm (SMA), Deep Q‐Network (DQN), Attention, Attention‐based SMA (ATSMA), Graph Neural Network+Long Short‐Term Memory (LSTM)+Reinforcement Learning (NGL‐RL), Graph Neural Network+RL (GR), and Evolutionary Optimization+Fuzzy Logic (EF). A key contribution is the construction of a time‐distance matrix based on histo",gnn_rl,3,n/a
20fae8b8dcd897fde681d2802d99e32fbf93144f,A Reinforcement Learning Hyper-Heuristic with Cumulative Rewards for Dual-Peak Time-Varying Network Optimization in Heterogeneous Multi-Trip Vehicle Routing,2025,Algorithms,1,"Urban logistics face complexity due to traffic congestion, fleet heterogeneity, warehouse constraints, and driver workload balancing, especially in the Heterogeneous Multi-Trip Vehicle Routing Problem with Time Windows and Time-Varying Networks (HMTVRPTW-TVN). We develop a mixed-integer linear programming (MILP) model with dual-peak time discretization and exact linearization for heterogeneous fleet coordination. Given the NP-hard nature, we propose a Hyper-Heuristic based on Cumulative Reward Q",gnn_rl,3,n/a
6c9ef44fe8f24a29b032a2bf0ee469fa57f69df0,Intelligent QV2X Routing for Traffic Management in Consumer IoV Using STGNN and Reinforcement Learning,2025,IEEE transactions on consumer electronics,4,"In the Consumer Internet of Vehicles (CIoV), reliable and timely data communication is essential for enhancing driver experience and safety. This paper introduces an innovative QV2X routing strategy that uses Spatio-Temporal Graph Neural Networks (STGNN) and Q-learning to optimize packet traffic in CIoV. By predicting network conditions and adapting to real-time data flows, our approach directly addresses consumer needs for efficient data transmission, reduced communication delays, and improved ",gnn_rl,3,n/a
a1d975d860d60e499c0814431c8ebc8883a57719,Optimizing Heterogeneous Capacitated Vehicle Routing with Linformer and Multi-Relationship Decoding: A Deep Reinforcement Learning Approach,2025,Transportation Research Record,0,"The heterogeneous capacitated vehicle routing problem (HCVRP) presents a pivotal challenge in urban grocery delivery, requiring the optimization of routes for a diverse fleet of vehicles with varying capacities and speeds to meet diverse customer demands efficiently. Traditional approaches, particularly exact and heuristic algorithms, encounter significant computational hurdles when scaled to larger problem sizes. To address these challenges, this study introduces a new neural network architectu",gnn_rl,3,n/a
b7e2ec71ea21081227387b86715b19103b282fcc,Research on Dynamic Waste Collection Routing Optimization Based on Deep Learning and Incremental Reinforcement Learning,2025,2025 6th International Conference on Computer Engineering and Intelligent Control (ICCEIC),0,"With the rapid development of intelligent control systems in smart cities, dynamic routing optimization for urban waste collection has become a critical challenge in computer engineering applications. Addressing the limitations of traditional methods in handling dynamic environments with real-time waste volume fluctuations and traffic changes, this paper proposes an intelligent dynamic waste collection routing optimization framework that integrates deep learning architecture with incremental rei",gnn_rl,3,n/a
8aef11c516c256cef48436b3e3a2abe74e4edf26,A deep reinforcement learning approach for flexible multipath routing using graph neural networks,2025,MATEC Web of Conferences,1,"Conventional dynamic routing protocols such as RIP and OSPF predominantly adopt singlepath transmission strategies, which often result in inefficient bandwidth utilization and network congestion, especially under dynamic traffic demands. To solve these problems, this paper proposes a flexible multipath routing optimization framework that integrates Deep Reinforcement Learning (DRL) with Graph Neural Networks (GNN). Specifically, the proposed approach introduces a multi-path decision-making mecha",gnn_rl,3,n/a
91d0a23661f4476333fac8c3f0ebd5793f419ca1,Deep Reinforcement Learning for Optimizing Route Planning in Urban Traffic,2025,"2025 International Conference on Computational, Communication and Information Technology (ICCCIT)",1,"Urban traffic networks are efficient route design problems due to the intricacy and dynamic character of contemporary cities. Conventional methods hamper real time adjustment to continually changing traffic conditions, thereby providing suboptimal routes, a greater burden on the roadways, and greater air pollution. This thesis presents a novel deep reinforcement learning (DRL) method to optimize the route planning for urban traffic networks. With this rendering of real time traffic data, we use ",gnn_rl,3,0
4579f1fed8675a37c15b1bbaba28ff61cee712b5,A Hybrid Deep Reinforcement Learning and Graph Neural Network Approach for Multi-objective Waste Transportation Optimization,2025,International Conference on Advances in Computing and Artificial Intelligence,0,"With the increasing amount of urban waste generated, optimizing and scheduling waste transportation routes has become a major challenge in the development of smart cities. This paper proposes a method based on combining deep reinforcement learning (PPO) with graph neural networks (GNNs) to address the path planning and scheduling problem in urban waste transportation. By combining PPO with GNNs, this study is able to optimize the transportation routes and vehicle scheduling strategies for multip",gnn_rl,3,n/a
d31998f5c01cb444583cfe575fb366d48752219b,Graph Deep Reinforcement Learning for Electric Vehicle Charging Navigation Considering Power-Transportation Interactions,2025,IEEE Power & Energy Society General Meeting,0,Optimized real-time electric vehicle (EV) scheduling is important for grid-managed charging under high penetration of EVs. This paper develops a real-time traffic and power distribution co-simulation-based approach to solve the EV en-route charging navigation problem. The EV navigation problem can be modeled as a Markov Decision Process (MDP) with vehicle destination selection to minimize charging and driving costs. The Power-Transportation Co-simulation (PTCS) platform provides merged databases,gnn_rl,3,0
f2fc60b6cbd6bb62ee5f232f8ad8cfd546c0f195,Rapid Solution for Flexible Pickup and Delivery Services Problem Based on Improved Actor-Critic Deep Reinforcement Learning,2025,IEEE transactions on intelligent transportation systems (Print),3,"The problem of the Flexible Pickup and Delivery Services Problem (FPDSP) arises from the actual needs of multi-warehouse management strategies and is one of the key challenges in the current urban distribution logistics industry. The problem aims to quickly calculate the route planning in complex scenarios to ensure that the total traveling time of the vehicle is minimized while meeting the time window requirements. To address this problem, we propose a deep reinforcement learning method based o",gnn_rl,3,n/a
95e3e387b74f4dfe3809f4ee615495b1a90950eb,A Deep Reinforcement Learning and Graph Convolution Approach to On-Street Parking Search Navigation,2025,Italian National Conference on Sensors,3,"Highlights What are the main findings? A Multi-Agent Reinforcement Learning (MARL) framework is proposed for dynamic parking allocation, integrating Graph Neural Networks (GNNs) to model spatial correlations and Gated Recurrent Units (GRU) to capture temporal variations in parking demand. Experimental results reveal that the proposed model greatly outperforms established methods (FIFO, SIRO) in optimizing parking resource allocation, lowering cruising time, and boosting parking success rates. Wh",gnn_rl,3,n/a
85317048752487e06ba31239eb5b4233c4337242,Bridging Deep Reinforcement Learning and Motion Planning for Model-Free Navigation in Cluttered Environments,2025,arXiv.org,3,"Deep Reinforcement Learning (DRL) has emerged as a powerful model-free paradigm for learning optimal policies. However, in navigation tasks with cluttered environments, DRL methods often suffer from insufficient exploration, especially under sparse rewards or complex dynamics with system disturbances. To address this challenge, we bridge general graph-based motion planning with DRL, enabling agents to explore cluttered spaces more effectively and achieve desired navigation performance. Specifica",gnn_rl,3,n/a
d48e3a6775c7fe68068f781b4c985b3a0cdf1f71,A Cost-Aware Adaptive Bike Repositioning Agent Using Deep Reinforcement Learning,2025,IEEE transactions on intelligent transportation systems (Print),0,"Bike Sharing Systems (BSS) represent a sustainable and efficient urban transportation solution. A major challenge in BSS is repositioning bikes to avoid shortage events when users encounter empty or full bike lockers. Existing algorithms unrealistically rely on precise demand forecasts and tend to overlook substantial operational costs associated with reallocations. This paper introduces a novel Cost-aware Adaptive Bike Repositioning Agent (CABRA), which harnesses advanced deep reinforcement lea",gnn_rl,3,n/a
2d002d1013b651de06b8434c4cef20536ccce320,CARLA Autonomous Driving Using Deep Reinforcement Learning,2025,"International Conference Emerging Trends Engineering, Science and Technology",0,"Artificial intelligence (AI) has made remarkable strides in many technological domains, and one of the most prominent areas of growth in AI is self-driving cars. Recent interest in deep learning, particularly in visual-based subsystems, has been very beneficial to this field. This work employs state-of-the-art deep reinforcement learning (DRL) techniques for autonomous driving agent training. Using the open-source simulator Carla, we conduct experiments and construct a realistic urban simulation",gnn_rl,3,n/a
80275e429a0066925762bfb6c6689ac7cc46365c,Intelligent Route Planning for Waste Collection in Smart Cities via Reinforcement Learning,2025,Journal of Information Systems Engineering & Management,0,"Introduction: The increasing complexity of urban infrastructure poses challenges for efficient and sustainable municipal waste management. This paper presents a framework based on reinforcement learning (RL) for real-time route planning in smart city waste collection systems. By integrating Iot-enabled smart bins with environmental data such as bin fill levels and real-time traffic, the approach frames the routing task as a Markov Decision Process (MDP). It employs Q-learning and Deep Q-Networks",gnn_rl,3,n/a
adbeb256d31a17d443525564c9f9b0cd2f6e26ea,Multi-Agent Tsallis Actor–Critic for Autonomous Vehicle Fleet Coordination on Road Graph Networks,2025,"International Conference on Control, Automation and Systems",0,"We introduce the multi-vehicle road graph delivery problem, aimed at solving real-time delivery tasks using autonomous vehicle fleets. Our approach utilizes road graph representations to accurately capture the characteristics of urban road networks. To address this problem efficiently, we propose a multi-agent reinforcement learning (MARL) framework incorporating an attention-based state encoder, which effectively encodes the road network structure and package information. Our modified implement",gnn_rl,3,n/a
c29b65dfa41c55df5f50a5cd497878eeb8d5fd61,Heterogeneous Attention-Based Graph Convolutional Network for Solving Asymmetric Pickup and Delivery Problem,2025,IEEE Transactions on Automation Science and Engineering,6,"In recent years, there has been a notable increase in demand for pickup and delivery services, mainly driven by the expansion of e-commerce. These services can be conceptualized as pickup and delivery problems (PDPs), which are important variants of vehicle routing problems (VRPs). While neural methods based on deep reinforcement learning (DRL) have demonstrated success in solving VRPs, current neural methods for PDP predominantly depend on customer coordinates and Euclidean distances. This heav",gnn_rl,3,n/a
258afa0747f93f4409f76f2964b59d770bd7a66a,Adaptive vehicle routing for humanitarian aid in conflict-affected regions: a practitioner-informed deep reinforcement learning approach,2025,Frontiers in Future Transportation,3,"Humanitarian aid delivery in conflict-affected regions faces significant challenges due to dynamic security risks, uncertain demand, and complex operational constraints. Traditional optimization methods struggle with computational intractability and lack adaptability for real-time decision-making in volatile environments. To address these limitations, we propose a novel hybrid framework that integrates Deep Reinforcement Learning (DRL) with Graph Neural Networks (GNNs) and deterministic constrai",gnn_rl,3,n/a
b379a43a3a541a7c3b04d91450cab7e280366db4,Predictive Traffic Rule Compliance using Reinforcement Learning,2025,arXiv.org,1,"Autonomous vehicle path planning has reached a stage where safety and regulatory compliance are crucial. This paper presents an approach that integrates a motion planner with a deep reinforcement learning model to predict potential traffic rule violations. Our main innovation is replacing the standard actor network in an actor-critic method with a motion planning module, which ensures both stable and interpretable trajectory generation. In this setup, we use traffic rule robustness as the reward",gnn_rl,3,n/a
e501a8062dbefe29fce49e24cb5f13bfed226753,A QoS-Aware Routing Protocol for High-Speed Optical Networks Using Reinforcement Learning,2025,OPTIMA,0,"This paper proposes a QoS-aware routing protocol for high-speed optical networks that leverages reinforcement learning (RL) to adapt path selection to dynamic traffic, physical-layer impairments, and service-level objectives. The RL agent observes network state (e.g., residual bandwidth, path length, OSNR margins, and historical blocking) and selects routes that jointly optimize blocking probability, end-to-end latency, and differential delay while respecting wavelength/slot continuity constrain",gnn_rl,3,n/a
a8108832d01dff84979de64a268134e967b6a49a,Optimizing Autonomous Vehicle Navigation Through Reinforcement Learning in Dynamic Urban Environments,2025,World Electric Vehicle Journal,2,"Autonomous vehicle (AV) navigation in dynamic urban environments faces challenges such as unpredictable traffic conditions, varying road user behaviors, and complex road networks. This study proposes a novel reinforcement learning-based framework that enhances AV decision making through spatial-temporal context awareness. The framework integrates Proximal Policy Optimization (PPO) and Graph Neural Networks (GNNs) to effectively model urban features like intersections, traffic density, and pedest",gnn_rl,3,0
9a5679cd623131354e3bf13c368442f3139cce58,A Software-Defined Networking-Based Computing-Aware Routing Path Selection Method,2025,Electronics,0,"With the rapid advancement of cloud computing, edge computing, and the Internet of Things, traditional routing protocols such as OSPF—which rely solely on network topology and link state while neglecting computing power resource status—struggle to meet the network-computing synergy demands of the Computing Power Network (CPN). Existing reinforcement learning-based routing approaches, despite incorporating deep strategies, still suffer from issues such as resource imbalance. To address this, this",gnn_rl,3,n/a
a76335fa5cfe61d3d579f2edf8d34123d9003a61,MHA-DQN: Personalized Route Planning for Asthma Patients Using Multi-Head Attention and Deep Reinforcement Learning,2025,ACS/IEEE International Conference on Computer Systems and Applications,0,"Individuals with asthma face significant health risks in urban environments with poor air quality, yet traditional navigation systems fail to account for environmental factors that exacerbate respiratory conditions. To address this, we propose a novel hybrid deep learning framework integrating Multi-Head Attention (MHA) with Deep Q-Network (DQN) reinforcement learning for personalized, health-aware pedestrian route optimization. Our approach uniquely combines real-time environmental data—such as",gnn_rl,3,n/a
d43beec8c7ce886b5e63f70b2f145912a1b2f252,Sustainable EV routing using spectral clustering and fuzzy reinforcement learning with energy constrained A* under mobility index and waiting constraints,2025,Scientific Reports,1,"This research presents a comprehensive electric vehicle (EV) routing framework designed to address the complex interplay of real-world constraints in EV navigation. The proposed system integrates spectral clustering, fuzzy reinforcement learning, and enhanced pathfinding algorithms to compute optimal routes while considering battery limitations, traffic dynamics, terrain elevation, and charging station delays. Unlike conventional multi-objective EV routing solutions, which typically optimize met",gnn_rl,3,n/a
52a9dc60986e6e1efa4ec293c18526b6ed96512e,Spatiotemporal Risk-Aware Patrol Planning Using Value-Based Policy Optimization and Sensor-Integrated Graph Navigation in Urban Environments,2025,Applied Sciences,0,"This study proposes an intelligent patrol planning framework that leverages reinforcement learning, spatiotemporal crime forecasting, and simulated sensor telemetry to optimize autonomous vehicle (AV) navigation in urban environments. Crime incidents from Washington DC (2024–2025) and Seattle (2008–2024) are modeled as a dynamic spatiotemporal graph, capturing the evolving intensity and distribution of criminal activity across neighborhoods and time windows. The agent’s state space incorporates ",gnn_rl,3,n/a
e4f0e8b013870ccf722f7236e6e4ba950389e3b4,Vehicle–Infrastructure Cooperation Framework for Vehicle Navigation and Traffic Signal Control using Deep Reinforcement Learning,2025,Transportation Research Record,1,"As the number of vehicles continues to rise, traffic congestion has become a significant factor affecting travel efficiency. The development of intelligent connected technology offers new approaches for achieving coordinated optimization in road traffic. This study proposes a deep reinforcement learning-based vehicle–infrastructure cooperation framework to achieve cooperative control of vehicle navigation and traffic signals, aiming to minimize the impact of traffic congestion on road traffic ef",gnn_rl,3,0
cb2fa31c7e74ab75c1e7600b5e8311fbed3dd984,Intelligent Routing in Connected Autonomous Vehicles using the ADAPT-S Learning Architecture,2025,"International Conference Electronic Systems, Signal Processing and Computing Technologies [ICESC-]",0,"The increasing complexity of intelligent transportation systems driven by the deployment of connected autonomous vehicles necessitates advanced, adaptive traffic management solutions. This paper presents a novel hybrid learning architecture that integrates deep reinforcement learning with ant colony optimization to enable edge-aware, real-time routing decisions for connected vehicle networks. Each vehicle functions as an intelligent agent trained via a multi-agent actor-critic deep reinforcement",gnn_rl,3,1
7e18565420dcc6dd854463a0403c946d81fb8276,Satellite Network Intelligent Routing Optimization Mechanism,2025,Software Engineering and Applications,0,"Aiming at the problem of mismatch between dynamic topology and multi-priority service requirements in low-orbit satellite networks, this paper proposes a dynamic routing optimization scheme combining hierarchical service identification and deep reinforcement learning. The scheme consists of three core modules: first, a zero-overhead service identification mechanism based on IPv6 native fields is used to distinguish services of different priorities; second, a hierarchical traffic-aware model (H-C",gnn_rl,3,n/a
7206ffc3dddb43753f2e93ec17adcd46f60a46fd,Unmanned Surface Vehicle Navigation Under Disturbances: World Model Enhanced Reinforcement Learning,2025,IEEE/ASME transactions on mechatronics,7,"Rapidly developing deep reinforcement learning (DRL) methods are suited to address the increasingly complex task requirements of unmanned surface vehicles (USV) that traditional methods cannot resolve. However, current DRL methods fail to make full use of the USV dynamics characteristics and do not consider unknown external disturbances. This article presents a state prediction reinforcement learning (SPRL) framework, to enhance the robustness against disturbances in obstacle avoidance navigatio",model_based_rl,3,n/a
49dbed9b8ff4fa098ea01cb5d394b53916870e0d,Dynamic Harris Hawks Optimization and deep reinforcement learning framework for autonomous vehicle path planning,2025,Advances in Production Engineering &amp; Management,0,"Urban intelligent transportation systems require real‑time, near‑optimal routing for autonomous vehicles navigating dynamic and uncertain traffic. We propose a Harris Hawks Optimization–deep reinforcement learning framework (HHO‑DRL) that unites HHO’s global exploration with DRL’s adaptive policy search through (i) a dynamic‑weight fusion scheme that continuously balances exploration and exploitation and (ii) a bidirectional experience‑feedback loop that exchanges elite solutions between the two",model_based_rl,3,n/a
663585bf4afbc4fc503c63d465e1f57a5b7bd28a,A Deep Reinforcement-Learning-Based Route Optimization Model for Multi-Compartment Cold Chain Distribution,2025,Mathematics,3,"Cold chain logistics is crucial in ensuring food quality and safety in modern supply chains. The required temperature control systems increase operational costs and environmental impacts compared to conventional logistics. To reduce these costs while maintaining service quality in real-world distribution scenarios, efficient route planning is essential, particularly when products with different temperature requirements need to be delivered together using multi-compartment refrigerated vehicles. ",model_based_rl,3,n/a
e32ae745347ae3c37fe4dc5bd36cbd387925246f,Domain-Adaptive Reinforcement Learning Framework for Robust Autonomous Vehicle Navigation,2025,2025 2nd International Conference on Intelligent Algorithms for Computational Intelligence Systems (IACIS),0,"In recent years, autonomous vehicle navigation systems have been progressively confronted with various environmental situations and unpredictable traffic states. However, traditional Deep-Learning (DL)-based navigation models often suffer from domain shifts in simulation and real-world environments, which leads to reduced perception accuracy and suboptimal control decisions. Hence, this research proposes an enhanced navigation framework that integrates a domain-adaptive semantic segmentation net",model_based_rl,3,n/a
fa1ed9e3843fc0c25a95991166ce6810e98d657e,Integration of Visible Light Communication and Deep Reinforcement Learning to Enhance Urban Traffic Management,2025,2025 9th International Young Engineers Forum on Electrical and Computer Engineering (YEF-ECE),0,"This study integrates Visible Light Communication (VLC) and a Deep Reinforcement Learning (DRL) system to enhance traffic signal control, reduce congestion, and improve safety through real-time data-driven management. VLC leverages existing infrastructure to transmit real-time data on vehicle and pedestrian dynamics, while trained agents optimize traffic signals and vehicle trajectories across intersections. A centralized system trains a unified DRL model to coordinate local agents managing indi",model_based_rl,3,n/a
110c07d70bd106bbb2163bcfdc71c9d238f62f74,"Real-Time Planning of Route, Speed, and Charging for Electric Delivery Vehicles: A Deep Reinforcement Learning Approach",2025,IEEE Transactions on Transportation Electrification,2,"Motor vehicles typically exhibit a “speed-varying range” (SVR) characteristic. For battery-powered electric vehicles (BEVs), the range diminishes at higher speed. This characteristic greatly impacts BEV operation for demanding commercial uses like express delivery, given their limited range and long recharge times. In view of the above, this article examines a new electric vehicle routing problem (VRP) that explicitly models BEVs’ SVR and considers the joint planning of BEV route, speed, and cha",model_based_rl,3,n/a
2fba3143a6b66ab56b95176f0dc3e3db3f6e1f0a,Reinforcement Learning for Dynamic Traffic Management: A Scalable Approach to Congestion Reduction,2025,"2025 International Conference on Artificial Intelligence, Computer, Data Sciences and Applications (ACDSA)",2,"Large-scale urban events with high population density often lead to severe traffic congestion around the event venue, disrupting normal traffic flow and reducing commuter efficiency. This study proposes a reinforcement learning (RL)-based traffic management framework to dynamically optimize vehicle routing in such high-density scenarios. By leveraging a predefined shortest path as a baseline, the system intelligently reroutes origin-destination (OD) vehicles to mitigate congestion near the event",model_based_rl,3,1
46a098116d9318c050be8c6d97c60ed7d3ff0c39,"Intelligent cloud networking: Applying ai and reinforcement learning for dynamic traffic engineering, QoS optimization and threat detection in software-defined cloud architectures",2025,World Journal of Advanced Research and Reviews,1,"Cloud networks form the foundation for applications that need distributed systems and require low latency and top performance. The rising implementation of SDN alongside multi-cloud networks and edge systems has created significant hurdles in managing instantaneous traffic flow patterns and security threats together with network congestion. Conventional network management using rules is unable to properly control the large, diverse security threats present in current cloud environments. The inve",model_based_rl,3,n/a
3321ce8861ba53966d13cb5fcfac0c86be49c44c,Eco-Driving With Deep Reinforcement Learning at Signalized Intersections Considering On-the-Fly Queue Dissipation Estimation and Lane-Merging Disturbances,2025,IEEE Open Journal of Vehicular Technology,0,"Eco-driving research has grown significantly over the past decade, increasingly incorporating real-world traffic and road conditions such as road gradients, lane changes, and queue effects. However, most existing studies that account for queue effects are limited to single-lane scenarios, without considering lane-merging disturbances, and can only estimate queue length or discharge time within restricted regions. To address these limitations, this paper proposes a novel deep reinforcement learni",model_based_rl,3,n/a
790d5f91340d411e72bb4e0bc7a71509f73fbe27,Intelligent Road Network Management Supported by 6G and Deep Reinforcement Learning,2025,IEEE transactions on intelligent transportation systems (Print),6,"The high bandwidth, low latency, and extensive coverage of Sixth Generation (6G) communication technology provide robust data support and communication guarantees for intelligent road network management. This study aims to explore the application of 6G communication technology and deep reinforcement learning (DRL) algorithms in smart road network management, with the goal of enhancing the intelligence of traffic management systems. DRL algorithms are capable of handling complex traffic environme",model_based_rl,3,0
3d838aedbece7cf52a95de710343885cf05e12b2,Adaptive Tuning of Parameterized Traffic Controllers via Multi-Agent Reinforcement Learning,2025,arXiv.org,0,"Effective traffic control is essential for mitigating congestion in transportation networks. Conventional traffic management strategies, including route guidance and ramp metering, often rely on state feedback controllers, which are used for their simplicity and reactivity; however, they lack the adaptability required to cope with complex and time-varying traffic dynamics. This paper proposes a multi-agent reinforcement learning (RL) framework in which each agent adaptively tunes the parameters ",constrained_rl,3,0
75476c511a3c619a246788f287a643236a9d3a02,A Dynamic Cooperative Ramp Metering and Navigation Guidance Approach Based on Heterogeneous-Agent Reinforcement Learning,2025,IEEE Internet of Things Journal,0,"Ramp metering (RM) or navigation guidance (NG) plays a vital role in alleviating congestion. However, dynamically integrating RM and NG to achieve a “1+1>2” effect remains a challenge. To fill the technological gap, this article proposes a reinforcement learning-based dynamic cooperative RM and NG (DCRMNG) approach to conduct cooperative traffic control on the expressway system, which simultaneously adjusts demand and supply. Traffic congestion estimation (TCE) and route generation (RG) models a",constrained_rl,3,0
5caa359542a396b6788d22ca66f1391d2546eaa1,Risk-Constrained Multi-Objective Deep Reinforcement Learning for AGV Path Planning in Rail Transit,2025,Applied System Innovation,0,"Sensor-rich Automated Guided Vehicles (AGVs) are increasingly deployed in logistics, yet large fleets relying on fixed tracks face high maintenance costs and frequent route conflicts. This study targets rail-based material handling and proposes an end-to-end multi-AGV navigation pipeline under realistic operational constraints. A conflict-aware global planner, extended from the A* algorithm, generates feasible routes, while a multi-sensor perception stack integrates LiDAR and camera data to dist",constrained_rl,3,n/a
4b6b9f83eca768666e85443091f9c3015b14b2b0,Deep reinforcement learning for dynamic vehicle routing with demand and traffic uncertainty,2025,Operations Research Perspectives,13,,constrained_rl,3,n/a
828ff1d7d12070a1407eb05fa7a1f7cdeb99cdb3,Hierarchical Reinforcement Learning for Energy-Efficient API Traffic Optimization in Large-Scale Advertising Systems,2025,IEEE Access,28,"Digital advertising infrastructure represents a substantial component of global computing resources, with significant environmental impact due to its massive energy consumption and carbon footprint. This work addresses the sustainability challenges posed by inefficient API traffic management in large-scale advertising systems, where conventional static approaches lead to resource overprovisioning and energy waste. We propose AdaptiveGate, a sustainability-oriented hierarchical reinforcement lear",constrained_rl,3,n/a
f5a6e70837194a34c25fdafbcbb7b690ba2bca77,Multi-Agent Reinforcement Learning for Collaborative Autonomous Vehicle Fleets,2025,"2025 2nd International Conference on Recent Trends in Electrical, Electronics and Computing Technologies (ICRTEECT)",0,"Multi-agent reinforcement learning (MARL) is now a disruptive technology of autonomous vehicle (AV) fleets, which involves continuous vehicle decisions and coordination of vehicles to operate dynamically. The MARL allows AVs to acquire cooperative behaviors, such as adaptive platooning, intersection navigation, and collision avoidance, without any explicit programming: it uses either decentralized or centralized training regimes. Other techniques, like QMIX, MADDPG, and graph-based RL, may exten",constrained_rl,3,n/a
f212eec658df026876c5e16324cb17e9583a288e,Federated Reinforcement Learning for Edge AI Decision-Making in 6g-Enabled V2x Systems,2025,Journal of Artificial Intelligence &amp; Cloud Computing,1,"The evolution toward sixth‑generation (6G) networks introduces transformative capabilities in intelligent transportation, particularly throughultra‑reliable,
low‑latency vehicle‑to‑everything (V2X) communication. As autonomous and connected vehicles generate vast amounts of data at the edge, conventional
centralized learning approaches are increasingly constrained by privacy, bandwidth, and latency limitations. In this paper, we present a federated
reinforcement learning (FRL) framework that ena",constrained_rl,3,n/a
d30211fbd07af390c56faaeb0dadce132448a390,Ethics-Aware Safe Reinforcement Learning for Rare-Event Risk Control in Interactive Urban Driving,2025,,2,"Autonomous vehicles hold great promise for reducing traffic fatalities and improving transportation efficiency, yet their widespread adoption hinges on embedding credible and transparent ethical reasoning into routine and emergency maneuvers, particularly to protect vulnerable road users (VRUs) such as pedestrians and cyclists. Here, we present a hierarchical Safe Reinforcement Learning (Safe RL) framework that augments standard driving objectives with ethics-aware cost signals. At the decision ",constrained_rl,3,n/a
60a74362a93d1234b4ebe37b368151aaaeb21201,Safe Reinforcement Learning for Autonomous Electric Vehicles: A Comparative Analysis of RL,2025,"2025 IEEE 4th International Conference on Robotics, Automation, Artificial-Intelligence and Internet-of-Things (RAAICON)",0,"Autonomous vehicles (AVs) represent a key frontier in transportation innovation, offering advancements in safety, efficiency, and accessibility. Reinforcement Learning (RL), a specialized branch of machine learning, supports adaptive decision-making and autonomous control by enabling agents to learn optimal behaviors through interaction with dynamic environments. This study integrates safe reinforcement learning (Safe RL) techniques into diverse algorithms and simulated driving scenarios to enha",constrained_rl,3,n/a
11b7707c3e5edeee47d352a8fdf4ff7de67caa5b,Enhancing Autonomous Vehicle Navigation in Complex Environment With Semantic Proto‐Reinforcement Learning,2025,J. Field Robotics,2,"Despite great progress in autonomous vehicle (AV) navigation, the technical challenges within this space are still considerable when it comes to successful integration of AVs into complex real‐world environments. To tackle these challenges, this paper presents a new semantic proto‐reinforcement learning (SP‐RL) method for dynamic path planning and real‐time obstacle avoidance of an autonomous car that can be adapted to various weather conditions in localization‐deficient environments, while pred",constrained_rl,3,n/a
fea1f4f5807742d470b40ca381d711378c0041f4,Path Planning Strategy Optimization of Autonomous Driving Decision System Based on Reinforcement Learning,2025,"2025 5th International Conference on Electronics, Circuits and Information Engineering (ECIE)",0,"To address the challenge of balancing safety and efficiency in dynamic and constrained traffic environments, this study employs the Twin Delayed Deep Deterministic Policy Gradient (TD3) algorithm with a dual critic network to mitigate Q-value overestimation and optimize path planning in a continuous action space. A multi-dimensional state vector— including vehicle position, dynamic targets, traffic light status, and historical actions—is constructed, alongside a continuous velocity-curvature act",constrained_rl,3,n/a
1b5a126a58d40a1711eb1a328ac4aa707392c08b,Context-Aware Autonomous Driving System using Deep Reinforcement Learning and Edge-Assisted Trajectory Optimization Model,2025,2025 3rd International Conference on Data Science and Information System (ICDSIS),0,Autonomous vehicles encounter multiple obstacles when controlling themselves in complex and dynamic environments during real-time operations. The presented system implements driving autonomy with deep reinforcement learning and edge-computed trajectory optimization in a context-dependent fashion. We established a dual architecture structure which uses deep Q-network(s) for strategic choices and moves trajectory optimization to edge nodes for efficiency. The system achieved enhanced contextual un,constrained_rl,3,n/a
a2f8f94cf002887e197101b2374e2a5f6775964b,Hierarchical Deep Reinforcement Learning-Based Path Planning with Underlying High-Order Control Lyapunov Function—Control Barrier Function—Quadratic Programming Collision Avoidance Path Tracking Control of Lane-Changing Maneuvers for Autonomous Vehicles,2025,Electronics,6,"Path planning and collision avoidance are essential components of an autonomous driving system (ADS), ensuring safe navigation in complex environments shared with other road users. High-quality planning and reliable obstacle avoidance strategies are essential for advancing the SAE autonomy level of autonomous vehicles, which can largely reduce the risk of traffic accidents. In daily driving scenarios, lane changing is a common maneuver used to avoid unexpected obstacles such as parked vehicles o",constrained_rl,3,n/a
d90c9716c736780921ab8f75a0bb56194c8b021d,Multi-Agent Reinforcement Learning-Based Capacity Planning for On-Demand Vehicular Fog Computing,2025,IEEE Transactions on Intelligent Vehicles,7,"Fog computing reduces network latency by moving computational resources close to where the data is generated. Vehicular fog computing (VFC) is an emerging computing paradigm where fog nodes deployed on moving vehicles (i.e., vehicular fog nodes (VFNs)) complement stationary fog nodes (e.g., the ones co-located with cellular base stations) to satisfy the spatio-temporally varying demand for computing resources in a cost-efficient manner. On-demand VFC (ODVFC) supports the dynamic routing of VFNs ",constrained_rl,3,n/a
1ae0bc8360cd141618639b1eb6d30b08a6533445,Hybrid DCGAN-based Framework for Robust and Efficient Vehicle Path Planning in Autonomous Driving,2025,2025 International Conference on NexGen Networks and Cybernetics (IC2NC),0,"Creating the route is highly critical for autonomous vehicles. It directly affects how effectively the automobile can find its way, how safe it is, and how much energy it needs in smart transportation networks. Although $\mathbf{A}^{*}$, Reinforcement Learning (RL), and Imitation Learning (IL) are strong algorithms individually, such methods struggle to perform well in highly dynamic and complex traffic scenarios. This research proposes a Hybrid Deep Convolutional Generative Adversarial Network ",constrained_rl,3,n/a
fbbafc0e65b91b6b2b8b3749d59b9617c5cff777,Autonomous Vehicle Navigation with Deep Learning: A Comprehensive Review,2025,"International Journal of Research and Review in Applied Science, Humanities, and Technology",0,"AVs are a revolutionary technology in the intelligent transportation industry integrating a sophisticated sensing, computing, and controlling system to facilitate safe and effective self-driving. At the heart of this development lies deep learning (DL) that has become the foundation of perception, decision-making, and navigation on complex and dynamic driving environments. As opposed to classical rule-based algorithms, DL models can learn hierarchical representations using large volumes of senso",constrained_rl,3,n/a
e160723ad088ed715eb1cc695a0d4a26c5fa74ae,Intelligent Route Planning and Collision Avoidance Decision Optimization Based on Transformer and Deep Reinforcement Learning,2025,"2025 5th International Conference on Computer Science, Electronic Information Engineering and Intelligent Control Technology (CEI)",0,"To address the insufficient robustness of long- and short-range perception and collision avoidance decision-making in multi-vessel environments, this paper employs the Transformer-SAC(Soft Actor-Critic) algorithm. This method utilizes a Transformer with a combination of relative position and time encoding to perform a multi-scale spatiotemporal representation of historical trajectories, generating multimodal short-term position predictions and uncertainty covariances. These predictions are then ",constrained_rl,3,n/a
4a265dc641cc3227c713dfa3d2f074db3f4ece98,Adversarial Reinforcement Learning for Enhanced Decision-Making of Evacuation Guidance Robots in Intelligent Fire Scenarios,2025,IEEE Transactions on Computational Social Systems,3,"In the context of rapid urbanization, traditional manual guidance and static evacuation signs are increasingly inadequate for addressing complex and dynamic emergencies. This study proposes an innovative emergency evacuation framework that optimizes the crowd evacuation by integrating multiagent reinforcement learning (MARL) with adversarial reinforcement learning (ARL). The developed simulation environment models realistic human behavior in complex buildings and incorporates robotic navigation ",constrained_rl,3,n/a
9842129e79e099728c59575c76915a0ac3594f3d,Dynamic Reinforcement Learning-Driven Digital Twin for Optimised Multimedia Traffic Management in B5G SDN Core Networks,2025,IEEE international Symposium on Broadband Multimedia Systems and Broadcasting,0,"The rapid growth of multimedia applications and the rising expectations for an enhanced Quality of Experience (QoE) among users have emphasised the need for innovative approaches to ensure efficient delivery of video content in 5G and Beyond 5G (B5G) networks. Machine Learning (ML) techniques are increasingly being explored to address these challenges by enabling intelligent traffic management and QoE optimisation. Within this landscape, Software-Defined Networking (SDN) plays a pivotal role as ",constrained_rl,3,n/a
04d21f0dca570165a60097f8e6da0699480993a3,Research on Intelligent Logistics Warehouse Scheduling Optimization Based on Integrated Reinforcement Learning,2025,International Journal of High Speed Electronics and Systems,0,"The rapid evolution of intelligent logistics has driven the need for efficient and adaptive warehouse scheduling solutions, particularly in dynamic and uncertain environments. Traditional scheduling methods, including rule-based heuristics and mathematical optimization models, struggle to handle real-time variability and computational complexity, limiting their practical deployment. These conventional approaches often fail to integrate real-time data and adapt to changing supply chain conditions",constrained_rl,3,n/a
e61f9817d2671d500842dc58256fd26350da2ee4,Clustered Federated Reinforcement Learning for Autonomous UAV Control in Air Corridors,2025,IEEE Open Journal of Vehicular Technology,3,"Advanced Air Mobility (AAM) aims to integrate unmanned aerial vehicles (UAVs) into urban airspace for efficient cargo and passenger transport, relying on autonomous navigation within designated 3D air corridors. Deep reinforcement learning (DRL) has demonstrated significant potential for autonomous UAV control in complex environments, particularly when trained with sufficient flight data. However, the performance of DRL-based models can degrade when real-world conditions differ from their traini",recent_2025,3,n/a
9f8567b65413ea12e9bd82564a500c02ad8ebb4e,Low-Carbon Scheduling of Urban Logistics Electric Vehicles Using Deep Reinforcement Learning with Carbon Quota Constraints,2025,Proceedings of the 2025 8th International Conference on Computer Information Science and Artificial Intelligence,1,"With the increasing emphasis on carbon reduction and green logistics, optimizing the scheduling of urban electric logistics vehicles under carbon quota constraints has become a critical challenge. This study proposes an integrated optimization framework that combines an Improved Grey Wolf Optimizer (IGWO) with an Actor-Critic deep reinforcement learning algorithm to address the electric vehicle routing problem (EVRP). The model incorporates transportation cost, energy consumption, and carbon emi",recent_2025,3,n/a
f288e3b2f209c637a351812fe2c0fa71b6cacfdb,LLM-Driven Pareto-Optimal Multi-Mode Reinforcement Learning for Adaptive UAV Navigation in Urban Wind Environments,2025,IEEE Access,8,"Autonomous drones in complex urban wind environments must balance speed, safety, and energy efficiency under highly variable conditions. Traditional single-policy reinforcement learning controllers often perform poorly when exposed to scenarios beyond their training. We introduce a Pareto-optimal multi-mode framework that trains three specialized unmanned aerial vehicle (UAV) policies (aggressive, balanced, and cautious) via proximal policy optimization (PPO) with specific reward scalings, yield",recent_2025,3,n/a
2c03a87efc883c3282013c8d41b5091c8c1228db,Federated Deep Reinforcement Learning for Collaborative Autonomous Navigation in GPS-Denied Environments,2025,"International Conference on Information, Intelligence, Systems and Applications",0,"This paper presents a novel framework for collaborative autonomous drone navigation in GPS-denied environments, integrating federated deep reinforcement learning (FDRL) with real-time computer vision and multi-sensor fusion. Unlike centralized learning approaches, the proposed architecture enables on-device training and inference, allowing UAVs to learn independently while periodically sharing model updates in a privacy-preserving manner. The system leverages YOLOv8 and DeepLabv3+ for semantic p",recent_2025,3,n/a
6b4f416bed11214b9610401f2724131e10b778fc,A Review of Deep Multi-Objective Reinforcement Learning and Vision-Based Systems for Smart Cities,2025,Informatica,2,"Smart cities leverage artificial intelligence to address urban challenges such as traffic congestion, environmental sustainability, public safety, and energy efficiency. Among AI techniques, the integration of multi-objective reinforcement learning (MORL) and computer vision (CV) offers adaptive, real-time decision-making capabilities while processing complex visual data streams. This paper presents a comprehensive review of the joint application of MORL and CV in smart city environments. A syst",recent_2025,3,n/a
0b6c0aa1a80ff8eecdf7fcb3af6e98ac2734e2e3,Hybrid Transformer Based Multi-Agent Reinforcement Learning for Multiple Unpiloted Aerial Vehicle Coordination in Air Corridors,2025,IEEE Transactions on Mobile Computing,8,"Advanced Air Mobility (AAM) seeks to establish a next-generation air transportation system by leveraging autonomous unpiloted aerial vehicles (UAVs) to transport passengers and cargo between locations previously underserved or unserved by traditional aviation. Achieving AAM at scale requires overcoming significant challenges in airspace management, classification, and traffic control to safely accommodate the increasing volume of UAV operations. This paper presents a comprehensive design for air",recent_2025,3,n/a
6dd8f02b4fb95b11093d10bce0754830fbe694b0,Multi-Agent Reinforcement Learning for WEEE Recycling Vehicle Path Planning Based on Graph Attention Networks,2024,2024 International Conference on New Trends in Computational Intelligence (NTCI),1,"With the global surge in WEEE generation, optimizing vehicle routing for recycling has become a critical area of research. This paper introduces a MARL method built upon graph attention networks (GAT) to solve the vehicle routing problem in WEEE recycling. By representing recycling sites as graph nodes and vehicles as agents, GAT captures the intricate relationships between them. Coupled with a MARL framework, this approach enhances task efficiency and routing flexibility. Experimental results i",gnn_rl,3,n/a
53fdfab14f5585e1728334c2cf5209d14a718c69,Improving graph convolutional networks with reinforcement learning for pure electric logistics vehicle routing,2024,Conference on Smart Transportation and City Engineering,2,"Electric logistics vehicle route planning plays a crucial role in the operations of urban distribution service providers. By optimizing vehicle routes, not only can significant reductions in operating costs be achieved, but also enhanced customer satisfaction. However, the vehicle path problem is a classic NP-hard problem in the field of combinatorial optimization. Therefore, finding an efficient and accurate solution holds great practical significance. In response to the real-time operational r",gnn_rl,3,n/a
c86b52ee3555d66dbdf25934fcefcd1494f186d0,Combining decomposition and graph capsule network for multi-objective vehicle routing optimization,2024,Intelligent Data Analysis,2,"In order to alleviate urban congestion, improve vehicle mobility, and improve logistics delivery efficiency, this paper establishes a practical multi-objective and multi constraint logistics delivery mathematical model based on graphs, and proposes a solution algorithm framework that combines decomposition strategy and deep reinforcement learning (DRL). Firstly, taking into account the actual multiple constraints such as customer distribution, vehicle load constraints, and time windows in urban ",gnn_rl,3,n/a
e1a8bf47ef1c51298f5bcf957062c6ee63a96bfb,Graph Convolutional Network Based Multi-Objective Meta-Deep Q-Learning for Eco-Routing,2024,IEEE transactions on intelligent transportation systems (Print),7,"Route selection can greatly affect vehicle fuel consumption and emissions. Finding the most fuel/energy-efficient route is known as the eco-routing problem. Existing eco-routing solutions do not effectively consider the critical traffic signal information and rely on fuel consumption models that may not be sufficiently accurate. To address the eco-routing problem in a signalized traffic network, this paper proposes a graph convolutional network based multi-objective meta-deep Q-learning (GM2DQL)",gnn_rl,3,1
05c421ce453104f74f353ac0846f42b11ca75e57,Dynamic Passenger Route Guidance in the Multimodal Transit System With Graph Representation and Attention Based Deep Reinforcement Learning,2024,IEEE transactions on intelligent transportation systems (Print),5,"Recently, the limited capacity of the Urban Rail Transit (URT) has failed to meet passenger travel demands, especially in peak hours, which leads to crowded stations and oversaturated metro networks. Considering the diverse scenarios of the multimodal public transportation network and the need for rapid generation of strategies, this study proposes a deep reinforcement learning (RL) algorithm that guides passenger route selection in the multimodal transit network to operate better. The proposed ",gnn_rl,3,0
a5e10bd5746dd92296a6caf3870024f89c7d3859,A deep reinforcement learning with dynamic spatio-temporal graph model for solving urban logistics delivery planning problems,2024,International Journal of Digital Earth,7,"ABSTRACT The urban logistics delivery planning problems are a crucial component of urban spatial decision analysis. Most studies typically focus on traditional urban logistics delivery planning problems and ignore real-time traffic information. With the advancement of urbanization, real-time traffic networks play a critical role. However, previous studies have utilized heuristic methods to solve urban logistics delivery planning with real-time traffic information problems, and few studies have a",gnn_rl,3,n/a
a00bdcccc07d39b7029821b7bec2112ab8c46d19,Logistics Distribution Route Optimization With Time Windows Based on Multi-Agent Deep Reinforcement Learning,2024,International Journal of Information Technologies and Systems Approach,4,"Multi-depot vehicle routing problem with time windows (MDVRPTW) is a valuable practical issue in urban logistics. However, heuristic methods may fail to generate high-quality solutions for massive problems instantly. Thus, this article presents a novel reinforcement learning algorithm integrated with a multi-head attention mechanism and a local search strategy to solve the problem efficiently. The routing optimization was regarded as a vehicle tour generation process and an encoder-decoder was u",gnn_rl,3,n/a
cb5ebe0b1b2ad0254e3d2c69f1db7d6743f1cbe5,An Iterative Adaptive Dynamic Programming Approach for Macroscopic Fundamental Diagram-Based Perimeter Control and Route Guidance,2024,Transportation Science,27,"Macroscopic fundamental diagrams (MFDs) have been widely adopted to model the traffic flow of large-scale urban networks. Coupling perimeter control and regional route guidance (PCRG) is a promising strategy to decrease congestion heterogeneity and reduce delays in large-scale MFD-based urban networks. For MFD-based PCRG, one needs to distinguish between the dynamics of (a) the plant that represents reality and is used as the simulation tool and (b) the model that contains easier-to-measure stat",gnn_rl,3,0
27cc9f18c3ab4caf4a509a2a8941448167549046,HiLight: Heterogeneous Traffic Signal Control for Automatic Drive Guidance Based on Multi-Agent Reinforcement Learning,2024,2024 8th CAA International Conference on Vehicular Control and Intelligence (CVCI),0,"Self-driving cars need to pre-sense traffic light status for better route planning. However, the heterogeneity and complexity of modern urban intersections (including crossroads and intersections) pose challenges to traffic signal control systems. Traditional traffic signal control methods based on multi-intelligence reinforcement learning are often based on four-way intersections, while ignoring the more complex traffic network conditions in the real world. To address this problem, this paper d",gnn_rl,3,0
7bb86b53f207cb08f43ee820cb3b9e37d7af496d,Graph RL-Based Route Planning Method for EVs with Synchronous Charge Station Selection,2024,2024 8th CAA International Conference on Vehicular Control and Intelligence (CVCI),2,"Electric vehicles (EV s) represent a crucial solution for energy conservation and emission reduction in response to global warming. However, widespread usage of EVs presents challenges to the optimization of both route planning and charging planning, due to the considerations of road network, distribution of charging stations, and vehicle interactions. This study proposes a synchronous method of route and charging plan-ning which employs graph neural networks and reinforcement learning. City map",gnn_rl,3,1
8285d4953d2e49265df025bdcafb704df6db3717,E-RL:Vehicle Driving Strategy Learning with Environmental Reinforcement Learning Framework,2024,IEEE International Conference on Electro/Information Technology,0,"To address urban traffic congestion simulation after Traffic Management Initiatives (TMI) implementation, a method combining deep reinforcement learning with environmental optimization is proposed, optimizing the environmental strategy through a fixed agent policy. To tackle the challenges posed by road network topology changes post-TMI, the method designs an environmental Markov reinforcement learning framework and introduces graph neural networks to dynamically calculate road resistance in urb",gnn_rl,3,0
991f3ba61a280f85069dfa4c73587860ac41bdfb,Cooperative Path Planning With Asynchronous Multiagent Reinforcement Learning,2024,IEEE Transactions on Mobile Computing,10,"As the number of vehicles grows in urban cities, planning vehicle routes to avoid congestion and decrease commuting time is important. In this paper, we study the shortest path problem (SPP) with multiple source-destination pairs, namely MSD-SPP, to minimize the average travel time of all routing paths. The asynchronous setting in MSD-SPP, i.e., vehicles may not simultaneously complete routing actions, makes it challenging for cooperative route planning among multiple agents and leads to ineffec",gnn_rl,3,1
95a1530e25f8d7f89e7041af40000462777a7422,Intelligent Path Optimization for Carbon-Constrained Last-Mile Delivery: A Reinforcement Learning and Heuristic Approach,2024,Journal of Advanced Computing Systems,10,"The rapid expansion of e-commerce has intensified environmental challenges in urban logistics, particularly in last-mile delivery operations, leading to increased carbon emissions. This paper proposes a novel hybrid optimization framework that integrates deep reinforcement learning with ant colony optimization to address the carbon-constrained vehicle routing problem with time windows. The proposed approach employs a Deep Q-Network for intelligent action selection combined with adaptive ant colo",gnn_rl,3,n/a
20914dfdf752b18228cd189e642cd24ba9b393eb,Single- vs. Dual-Policy Reinforcement Learning for Dynamic Bike Rebalancing,2024,,3,"Bike-sharing systems (BSS) provide a sustainable urban mobility solution, but ensuring their reliability requires effective rebalancing strategies to address stochastic demand and prevent station imbalances. This paper proposes reinforcement learning (RL) algorithms for dynamic rebalancing problem with multiple vehicles, introducing and comparing two RL approaches: Single-policy RL and Dual-policy RL. We formulate this network optimization problem as a Markov Decision Process within a continuous",gnn_rl,3,n/a
371d9e6b6cfa07c74030c49347f6ba94a0f5fa23,PtrNet-RSA: A Pointer Network-Based QoT-Aware Routing and Spectrum Assignment Scheme in Elastic Optical Networks,2024,Journal of Lightwave Technology,19,"To enable flexible service provisioning in elastic optical networks (EONs), quality of transmission (QoT) estimation and dynamic routing and spectrum assignment (RSA) are critical network management tasks. Recently, machine learning approaches have been extensively investigated to address these tasks individually. We propose to take an integrative approach to design a Pointer Network (PtrNet)-based QoT-aware RSA (PtrNet-RSA) scheme to optimize the blocking probability and the generalized signal-",gnn_rl,3,n/a
ef04d8d31dfdfbc086cc7ccb34221067b2ca479a,Inverse Reinforcement Learning with Dynamic Occupancy Grid Map for Urban Local Path Planning: A CNN Model Approach,2024,2024 IEEE Intelligent Vehicles Symposium (IV),3,"In urban environments characterized by various dynamic variables such as moving vehicles, pedestrians, and bicycles, path planning for collision avoidance is essential for autonomous driving. Enhancing the stability of the route can be achieved by incorporating not only information about recognized surrounding objects but also dynamic information during the path planning process. Therefore, this study proposes a convolutional neural network-based local path planning technique for autonomous vehi",gnn_rl,3,n/a
8cfa5ef566280aade2aea77757edb2f5ef5927be,A Deep Reinforcement Learning Algorithm for Dynamic EV Routing Problem*,2024,Annual Conference of the IEEE Industrial Electronics Society,1,"In this paper, the problem of emergency power supply for electric vehicles in road traffic networks after earthquake disasters is studied. In emergency response, it is important for evs to reach the target shelter as quickly as possible while considering the path dynamic changes caused by secondary disasters. Therefore, in order to solve this problem, this paper classifies it as the Dynamic Electric Vehicle Routing Problem with Time Windows (DEVRPTW), formulates it as a mixed integer linear prog",model_based_rl,3,0
0bd49352fa2b0c9e52eb60e66b53ccbad9ca8b2a,A Bi-Level Network-Wide Cooperative Driving Approach Including Deep Reinforcement Learning-Based Routing,2024,IEEE Transactions on Intelligent Vehicles,21,"Cooperative driving of connected and automated vehicles (CAVs) has attracted extensive attention and researchers have proposed various approaches. However, existing approaches are limited to small-scale isolated scenarios and gaps remain in network-wide cooperative driving, especially in routing. In this article, we decompose the network-level cooperative driving problem into two dominant sub-problems and accordingly propose a bi-level network-wide cooperative driving approach. The dynamic routi",model_based_rl,3,1
8f1615d049bada5fdfc00ae60397ab01c77a41d9,Motion Planner With Fixed-Horizon Constrained Reinforcement Learning for Complex Autonomous Driving Scenarios,2024,IEEE Transactions on Intelligent Vehicles,17,"In autonomous driving, behavioral decision-making and trajectory planning remain huge challenges due to the large amount of uncertainty in environments and complex interaction relationships between the ego vehicle and other traffic participants. In this paper, we propose a novel fixed-horizon constrained reinforcement learning (RL) framework to solve decision-making and planning problems. Firstly, to introduce lane-level global navigation information into the lane state representation and avoid ",constrained_rl,3,n/a
77181411e1fc2c1c3561cd0d67815a254e38a09e,Online Prediction-Assisted Safe Reinforcement Learning for Electric Vehicle Charging Station Recommendation in Dynamically Coupled Transportation-Power Systems,2024,Transportation Research Part C: Emerging Technologies,4,"With the proliferation of electric vehicles (EVs), the transportation network and power grid become increasingly interdependent and coupled via charging stations. The concomitant growth in charging demand has posed challenges for both networks, highlighting the importance of charging coordination. Existing literature largely overlooks the interactions between power grid security and traffic efficiency. In view of this, we study the en-route charging station (CS) recommendation problem for EVs in",constrained_rl,3,n/a
624d7952aa7f73bf8e91d2088465f08b9dd3d1c2,Carbon-Efficient Scheduling in Fresh Food Supply Chains with a Time-Window-Constrained Deep Reinforcement Learning Model,2024,Italian National Conference on Sensors,11,"Intelligent Transportation Systems (ITSs) leverage Internet of Things (IoT) technology to facilitate smart interconnectivity among vehicles, infrastructure, and users, thereby optimizing traffic flow. This paper constructs an optimization model for the fresh food supply chain distribution route of fresh products, considering factors such as carbon emissions, time windows, and cooling costs. By calculating carbon emission costs through carbon taxes, the model aims to minimize distribution costs. ",constrained_rl,3,n/a
61064accb8fd8bc6c2b92cf9affa81ace2e452af,Preliminary Study on Cooperative Route Planning Reinforcement Learning with a Focus on Avoiding Intersection Congestion,2024,Future Transportation,0,"Intersection control systems have been actively studied in recent years as they could potentially replace traffic signals via the utilization of the communication and automatic driving capabilities of connected and autonomous vehicles (CAVs). In these studies, conflicting travel trajectories at intersections that could cause accidents and delays were safely and efficiently avoided by controlling the vehicle’s speed. However, routing approaches for avoiding conflicts at intersections have only be",constrained_rl,3,1
9615df18c965432bf3bba1ce506f00ec94302bb8,Reinforcement learning‐based approach for urban road project scheduling considering alternative closure types,2024,Comput. Aided Civ. Infrastructure Eng.,3,"Growth in urban population, travel, and motorization continue to cause an increased need for urban projects to expand road capacity. Unfortunately, these projects also cause travel delays, emissions, driver frustration, and other road user adversities. To alleviate these ills, road agencies often face two work zone design choices: close the road fully and re‐reroute traffic or implement partial closure. Both options have significant implications for peri‐construction road capacity, traveler cost",constrained_rl,3,0
58ef59ca6bab8c044e7abc04d00f5361f2f20233,Fast Multi-Class Vehicle Cooperative Path Optimization in Complex Urban V2X Transportation: A Novel Parallel Multi-Agent Reinforcement Learning Approach,2024,2024 IEEE Intelligent Vehicles Symposium (IV),0,"Urban road traffic systems are advancing into sophisticated networks, underscoring the importance of real-time collaborative decision-making. This study tackles the intricate challenge of cooperative path planning under complex urban conditions, taking into account a variety of vehicle types and their respective priorities. While conventional path planning techniques struggle with such intricate coordination, reinforcement learning, though theoretically capable, is hindered by its limited model ",constrained_rl,3,1
fb034d077145fbe30ad40885f12d7997d101703f,Optimization Path Planning Algorithm Based on Deep Reinforcement Learning,2024,"2024 Asia-Pacific Conference on Software Engineering, Social Network Analysis and Intelligent Computing (SSAIC)",3,"With the acceleration of urbanization and the growth of traffic demand, traffic congestion has become more and more prominent. In the field of path planning, Deep Reinforcement Learning (DRL) can effectively deal with the complex traffic environment and learn the optimal path selection strategy. This article aims to explore the optimal path planning algorithm based on DRL to improve the accuracy and efficiency of path planning. The algorithm estimates the state function by establishing a deep ne",constrained_rl,3,0
16fa1e8cb87be29309fa3bad5d8a2a67f9cfe824,Rescue path planning for urban flood: A deep reinforcement learning–based approach,2024,Risk Analysis,13,"Urban flooding is among the costliest natural disasters worldwide. Timely and effective rescue path planning is crucial for minimizing loss of life and property. However, current research on path planning often fails to adequately consider the need to assess area risk uncertainties and bypass complex obstacles in flood rescue scenarios, presenting significant challenges for developing optimal rescue paths. This study proposes a deep reinforcement learning (RL) algorithm incorporating four main m",constrained_rl,3,0
51f362f8a1badea426ea0655d752e6bd99db15fe,Deep Reinforcement Learning-Based Off-Road Path Planning via Low-Dimensional Simulation,2024,IEEE Transactions on Intelligent Vehicles,9,"Path planning is a critical aspect of autonomous driving. Traditional methods have excelled in urban environments but struggle off-road due to unpredictable conditions. This paper introduces a Deep Reinforcement Learning-based off-road path planning approach called PPOAC by training the agent in a low-dimensional simulator built by Occupancy Grid Maps (OGMs). A self-supervised auxiliary task is proposed to help the agent to learn environmental knowledge. Moreover, an adaptive curriculum learning",constrained_rl,3,n/a
59a8c3cb052ae20ef69c164c8ba8f2501ef92383,Safety-Aware Path Planning for Post-Disaster Rescue Vehicles,2024,"2024 4th International Conference on Artificial Intelligence, Virtual Reality and Visualization",1,"Emergency rescue vehicles play a vital role in dealing with traffic accidents and emergencies. Emergency rescue vehicles can reduce accident losses by arriving at the accident site in time. Reasonable planning of emergency vehicle routes can shorten the travel time of the route and improve the safety of the route. However, due to the dynamic and changeable actual road network environment and various uncertainties, congestion or accidents may occur at any time, resulting in low rescue efficiency ",constrained_rl,3,1
42fa372c080c515df884c87043914c9d02a5583b,Research on Dynamic Path Planning for Autonomous Vehicles Based on Reinforcement Learning,2024,2024 6th International Academic Exchange Conference on Science and Technology Innovation (IAECST),0,"The ability to plan routes in a dynamic manner is crucial for ensuring the safe and efficient operation of autonomous vehicles in complex and dynamic environments. This paper proposes an enhanced Deep Q Network (DQN) model for the realtime optimisation of dynamic paths. The proposed model employs the Deep Q-Network to process continuous sensor data, thereby enabling the mapping of environmental states and optimal actions for obstacle avoidance and route selection. In contrast to conventional met",constrained_rl,3,0
590001cb0ee3bf5397b57eb6929a5647ad5decbf,Safety-Aware Route Navigation: Driving with Less Sun Glare,2024,SIGSPATIAL/GIS,2,"Sun glare during driving poses a significant threat to driver and pedestrian safety. Navigation and route planning typically seeks to minimize the distance or time between the desired origin and destination, accounting for traffic patterns and other heuristics like minimizing the number of stoplights or left turns encountered on a route. However, current navigation methods do not support avoidance of complicated, temporally-dependent safety factors, like adverse road and environmental conditions",constrained_rl,3,0
8db207794d70994317b21902834e28a9a9924762,Motion Planning for Autonomous Vehicles in Uncertain Environments Using Hierarchical Distributional Reinforcement Learning,2024,Chinese Control and Decision Conference,3,"Safe and effective motion planning is essential for autonomous vehicles to successfully drive in complex and dynamic urban environments. However, most current methods lack considering the collision risk caused by obstacle occlusion and only consider longitudinal speed planning, which leads to overly conservative motion. The motion planning model proposed in this paper can consider the lateral motion of the vehicle while considering the risk of collision, improving safety and motion flexibility. ",constrained_rl,3,n/a
03cf39b6c554e2665fc0006c97010e475f273564,A Path Planning Method for Electric Vehicle Based on Q-Learning,2024,2024 International Conference on Intelligent Robotics and Automatic Control (IRAC),1,"The increasing adoption of electric vehicles (EVs) has intensified the demand for efficient navigation methods to locate charging stations, optimizing both user convenience and energy utilization. This paper proposes a Q-learning-based path planning approach that dynamically identifies optimal routes for EVs while considering real-world constraints such as traffic and charging station availability. The proposed model integrates grid-based environmental modeling with reinforcement learning to ach",ev_routing,3,n/a
88cd6b6f5d2f9376dac81c66286c17f6a383b710,Single Agent Formulation for Reinforcement Learning Based Routing of Urban Last Mile Logistics with Platooning Vehicles,2024,2024 IEEE 27th International Conference on Intelligent Transportation Systems (ITSC),0,"Last mile logistics are in the midst of a deep transformation thanks to the advent of autonomous vehicles with platooning capabilities that can take the place of typical delivery methods. Platooning brings to the vehicle routing problems new constraints and multiple objectives that are addressed in this paper with a Reinforcement Learning approach. In opposition to traditional metaheuristic optimization algorithms, Reinforcement Learning provides flexibility in the face of changing environment, ",recent_2025,3,n/a
8d5e170e5a86f7947d01212e03855655475eca55,Multi-Objective Path Planning for Unmanned Sweepers Considering Traffic Signals: A Reinforcement Learning-Enhanced NSGA-II Approach,2024,Sustainability,6,"With the widespread popularization of unmanned sweepers, path planning has been recognized as a key component affecting their total work efficiency. Conventional path planning methods often only aim to improve work efficiency while ignoring energy optimization, a crucial factor for sustainable development. In this paper, an energy- and time-minimization unmanned sweeper arc path problem (ETM-ARP) is investigated, and the effects of road slope, dynamic changes in on-board mass, mode switching of ",recent_2025,3,n/a
f72246848e568b559a52b3a3e5584c3f01870dbc,A Graph Reinforcement Learning-Based Decision-Making Platform for Real-Time Charging Navigation of Urban Electric Vehicles,2023,IEEE Transactions on Industrial Informatics,54,"To provide efficient charging behavior decision-making for urban electric vehicles (EVs), this article proposes a new platform for real-time EV charging navigation (EVCN) based on graph reinforcement learning. Considering the interaction of EVs with charging stations (CSs) and traffic networks, the navigation goal of the “vehicle-station-network” coupled system is to minimize the charging cost and traveling time of EV owners. Specifically, to realize data acquisition and decision-making output, ",gnn_rl,3,n/a
963ac8074a4c3e69f17941a0d88897b4e08c595f,Bi-level deep reinforcement learning for PEV decision-making guidance by coordinating transportation-electrification coupled systems,2023,Frontiers in Energy Research,0,"The random charging and dynamic traveling behaviors of massive plug-in electric vehicles (PEVs) pose challenges to the efficient and safe operation of transportation-electrification coupled systems (TECSs). To realize real-time scheduling of urban PEV fleet charging demand, this paper proposes a PEV decision-making guidance (PEVDG) strategy based on the bi-level deep reinforcement learning, achieving the reduction of user charging costs while ensuring the stable operation of distribution network",gnn_rl,3,n/a
ea85a93b4e9255d1234f912150c23c0a2cd0b05f,Enhancing Joint Behavior Modeling with Route Choice Using Adversarial Inverse Reinforcement Learning,2023,2023 IEEE 26th International Conference on Intelligent Transportation Systems (ITSC),2,"Route choice modeling is an important issue in transportation planning. In recent years, the importance of comfortable urban spaces not only for vehicles but also for pedestrians has been increasing toward low-carbon society. Accordingly, efforts have been made to model the pedestrians' characteristic behaviors. However, most of the existing studies about route choice modeling are limited to the representation within a single traffic mode. In a typical urban street space, each traffic mode is in",gnn_rl,3,1
f1ab33530650f9516379fd1d5df9c1639fa19c3c,FlexDATE: Flexible and Disturbance-Aware Traffic Engineering With Reinforcement Learning in Software-Defined Networks,2023,IEEE/ACM Transactions on Networking,25,"Traffic Engineering (TE) is an important network operation that routes/reroutes flows based on network topology and traffic demands to optimize network performance. Recently, new emerging applications pose challenges to TE with dynamic network conditions, where frequent routing updates are required to maintain good network performance with Software-Defined Networking (SDN). However, flow rerouting operations could lead to considerable Quality of Service (QoS) degradation and service disruption, ",gnn_rl,3,n/a
e5e14feec589be737977270d2275a0af9afdaac9,Ad Hoc-Obstacle Avoidance-Based Navigation System Using Deep Reinforcement Learning for Self-Driving Vehicles,2023,IEEE Access,16,"In this research, a novel navigation algorithm for self-driving vehicles that avoids collisions with pedestrians and ad hoc obstacles is described. The proposed algorithm predicts the locations of ad hoc obstacles and wandering pedestrians by using an RGB-D depth sensor. Unique ad hoc-obstacle-aware mobility rules are presented considering those environmental uncertainties. A Deep Reinforcement Learning (DRL) algorithm is proposed as a decision-making technique (to steer the self-driving vehicle",gnn_rl,3,n/a
c2359d64b328471ce33400970580834d78525ae2,Real-time Road Network Optimization with Coordinated Reinforcement Learning,2023,ACM Transactions on Intelligent Systems and Technology,7,"Dynamic road network optimization has been used for improving traffic flow in an infrequent and localized manner. The development of intelligent systems and technology provides an opportunity to improve the frequency and scale of dynamic road network optimization. However, such improvements are hindered by the high computational complexity of the existing algorithms that generate the optimization plans. We present a novel solution that integrates machine learning and road network optimization. O",model_based_rl,3,0
5e3253fd1b0509d4629302c32768f3486139923c,Target Tracking and Path Planning of Mobile Sensor Based on Deep Reinforcement Learning,2023,2023 IEEE 12th Data Driven Control and Learning Systems Conference (DDCLS),5,"Path planning is a classical problem of artificial intelligence, with a wide range of applications in defense and military, road traffic, and robotics simulation. However, most of the existing path planning algorithms have the problems of a single environment, discrete action space, and manual modeling. As a machine learning method that does not require artificially providing training data to interact with the environment, the deep reinforcement learning obtained by reinforcement learning has fu",constrained_rl,3,n/a
123be8a270e20d2a0b1624d430e7b630867bd4ed,A Risk-aware Multi-objective Patrolling Route Optimization Method using Reinforcement Learning,2023,International Conference on Parallel and Distributed Systems,2,"In recent years, the burgeoning urban population, coupled with expanding urban dimensions and various sociodemographic factors, has led to an alarming escalation in criminal activities within urban centers. This escalation has further exacerbated the existing strain on police resources, rendering them increasingly inadequate for effective law enforcement. Concurrently, police patrol operations have emerged as a pivotal instrument in the ongoing battle against violent criminal activities. The jud",constrained_rl,3,n/a
2e1df3518d326aa87cf37a7f8e605af2ed4d7c30,Rerouting planning of suborbital debris hazard zone based on reinforcement learning DDPG,2023,Journal of Physics: Conference Series,1,"Aiming at the debris hazard area caused by the explosion and disintegration of the suborbital vehicle, the plane convex hull divide and conquer method is used to process the physical boundary which is in accordance with the air traffic control rules. On this basis, a new method of civil aircraft rerouting planning based on reinforcement learning DDPG algorithm is proposed. According to the state-action space DDPG algorithm, the reward function is optimized to achieve the effect of reasonable rou",constrained_rl,3,n/a
2f98731e821a280a7773159aecd6e08bb4d72cd0,SoC-VRP: A Deep-Reinforcement-Learning-Based Vehicle Route Planning Mechanism for Service-Oriented Cooperative ITS,2023,Electronics,15,"With the rapid development of emerging information technology and its increasing integration with transportation systems, the Intelligent Transportation System (ITS) is entering a new phase, called Cooperative ITS (C-ITS). It offers promising solutions to numerous challenges in traditional transportation systems, among which the Vehicle Routing Problem (VRP) is a significant concern addressed in this work. Considering the varying urgency levels of different vehicles and their different traveling",ev_routing,3,n/a
e69c1dca0665997659c32b845f922161e6c0d199,EMVLight: a Multi-agent Reinforcement Learning Framework for an Emergency Vehicle Decentralized Routing and Traffic Signal Control System,2022,Social Science Research Network,80,"Emergency vehicles (EMVs) play a crucial role in responding to time-critical calls such as medical emergencies and fire outbreaks in urban areas. Existing methods for EMV dispatch typically optimize routes based on historical traffic-flow data and design traffic signal pre-emption accordingly; however, we still lack a systematic methodology to address the coupling between EMV routing and traffic signal control. In this paper, we propose EMVLight, a decentralized reinforcement learning (RL) frame",gnn_rl,3,1
bac4e33e9d2ed23dde3f573b63c28705466dac90,Path planning for vehicle platoons under routing decisions: a distributed approach combining Deep Reinforcement Learning and Model Predictive Control,2022,"International Conference on Control, Decision and Information Technologies",5,"In this paper, the path planning problem under routing decisions is considered for platoons of autonomous vehicles moving in urban road networks. The key idea is to exploit and adequately combine arguments coming from two research fields: deep reinforcement learning and model predictive control. Along these lines, a novel control architecture is proposed and its feasibility formally proved. In particular, the high-level routing decisions arising from the distributed deep reinforcement learning o",gnn_rl,3,1
65c0dbf044f9eab5f4396235b6112da1e5a624b1,Dynamic stochastic electric vehicle routing with safe reinforcement learning,2022,Transportation Research Part E: Logistics and Transportation Review,150,"Dynamic routing of electric commercial vehicles can be a challenging problem since besides the uncertainty of energy consumption there are also random customer requests. This paper introduces the Dynamic Stochastic Electric Vehicle Routing Problem (DS-EVRP). A Safe Reinforcement Learning method is proposed for solving the problem. The objective is to minimize expected energy consumption in a safe way, which means also minimizing the risk of battery depletion while en route by planning charging w",model_based_rl,3,1
2bf877afe5c7e7a2cd74cd013d91a739cd6e0bcf,Risk-Aware Travel Path Planning Algorithm Based on Reinforcement Learning during COVID-19,2022,Sustainability,7,"The outbreak of COVID-19 brought great inconvenience to people’s daily travel. In order to provide people with a path planning scheme that takes into account both safety and travel distance, a risk aversion path planning model in urban traffic scenarios was established through reinforcement learning. We have designed a state and action space of agents in a “point-to-point” way. Moreover, we have extracted the road network model and impedance matrix through SUMO simulation, and have designed a Re",constrained_rl,3,1
3a44df8982f3535a32ed400b6adcca30e9712a89,Trip Planning for Autonomous Vehicles with Wireless Data Transfer Needs Using Reinforcement Learning,2022,IEEE International Conference on Mobile Adhoc and Sensor Systems,2,"With recent advancements in the field of commu-nications and the Internet of Things, vehicles are becoming more aware of their environment and are evolving towards full autonomy. Vehicular communication opens up the possibility for vehicle-to-infrastructure interaction, where vehicles could share information with components such as cameras, traffic lights, and signage that support a country's road system. As a result, vehicles are becoming more than just a means of transportation; they are colle",constrained_rl,3,0
fea92cc098380948287a86763392412689b721ea,Robust Path Selection in Software-defined WANs using Deep Reinforcement Learning,2022,arXiv.org,1,"In the context of an efficient network traffic engineering process where the network continuously measures a new traffic matrix and updates the set of paths in the network, an automated process is required to quickly and efficiently identify when and what set of paths should be used. Unfortunately, the burden of finding the optimal solution for the network updating process in each given time interval is high since the computation complexity of optimization approaches using linear programming inc",constrained_rl,3,n/a
46940d4765b64187e19cdae11c6a4319c8473bb3,Sustainable Urban Mobility: Developing Eco-friendly Transportation Systems with AI Integration,2022,International Journal of Research in Modern Engineering &amp; Emerging Technology,0,"Sustainable urban mobility presents multifaceted challenges tied to growing traffic congestion, vehicle emissions, and fluctuating energy demands. Integrating artificial intelligence (AI) into urban transportation offers transformative opportunities to address these challenges systematically using data-driven insights and adaptive control. This enhanced abstract deepens the overview by exploring the synergies among advanced AI techniques—such as ensemble machine learning for traffic forecasting,",ev_routing,3,n/a
3e6d4539ba76bbd0793cb0e8ba1f62ab244fbcbe,Energy management strategy of intelligent plug-in split hybrid electric vehicle based on deep reinforcement learning with optimized path planning algorithm,2021,"Proceedings of the Institution of mechanical engineers. Part D, journal of automobile engineering",16,"Energy management is a fundamental task and challenge of plug-in split hybrid electric vehicle (PSHEV) research field because of the complicated powertrain and variable driving conditions. Motivated by the foresight of intelligent vehicle and the breakthroughs of deep reinforcement learning framework, an energy management strategy of intelligent plug-in split hybrid electric vehicle (IPSHEV) based on optimized Dijkstra’s path planning algorithm (ODA) and reinforcement learning Deep-Q-Network (DQ",constrained_rl,3,n/a
76bb522f60b6feb2d5c4d3cb5a5f96e2d1379ff2,VeSoNet: Traffic-Aware Content Caching for Vehicular Social Networks based on Path Planning and Deep Reinforcement Learning,2021,arXiv.org,5,"Vehicular social networking is an emerging application of the promising Internet of Vehicles (IoV) which aims to achieve the seamless integration of vehicular networks and social networks. However, the unique characteristics of vehicular networks such as high mobility and frequent communication interruptions make content delivery to end-users under strict delay constrains an extremely challenging task. In this paper, we propose a social-aware vehicular edge computing architecture that solves the",constrained_rl,3,n/a
aecd3d775fc31c86bf145b0216b73fd889e2c85e,Reinforcement Learning based Negotiation-aware Motion Planning of Autonomous Vehicles,2021,IEEE/RJS International Conference on Intelligent RObots and Systems,11,"For autonomous vehicles integrating onto road-ways with human traffic participants, it requires understanding and adapting to the participants’ intention by responding in predictable ways. This paper proposes a reinforcement learning based negotiation-aware motion planning framework, which adopts RL to adjust the driving style of the planner by dynamically modifying the prediction horizon length of the motion planner in real time adaptively. The framework models the interaction between the auton",constrained_rl,3,n/a
1f124992fbe1f7d96e7431ca89d9316f74b8ccf2,Multi-Vehicle Routing Problems with Soft Time Windows: A Multi-Agent Reinforcement Learning Approach,2020,Transportation Research Part C: Emerging Technologies,186,"Multi-vehicle routing problem with soft time windows (MVRPSTW) is an indispensable constituent in urban logistics distribution system. In the last decade, numerous methods for MVRPSTW have sprung up, but most of them are based on heuristic rules which require huge computation time. With the rapid increasing of logistics demand, traditional methods incur the dilemma of computation efficiency. To efficiently solve the problem, we propose a novel reinforcement learning algorithm named Multi-Agent A",gnn_rl,3,n/a
4eb20023f361d65c7c4a4434d16502089d0e585a,Reinforcement Learning based Scheduling for Cooperative EV-to-EV Dynamic Wireless Charging,2020,IEEE International Conference on Mobile Adhoc and Sensor Systems,8,"Previous Electric Vehicle (EV) charging scheduling methods and EV route planning methods require EVs to spend extra waiting time and driving burden for a recharge. With the advancement of dynamic wireless charging for EVs, Mobile Energy Disseminator (MED), which can charge an EV in motion, becomes available. However, existing wireless charging scheduling methods for wireless sensors, which are the most related works to the deployment of MEDs, are not directly applicable for the scheduling of MED",ev_routing,3,n/a
12915bb0ef8804caac4dd3b52e4f87ee2c698a5d,Hierarchical Sarsa Learning Based Route Guidance Algorithm,2019,Journal of Advanced Transportation,6,"In modern society, route guidance problems can be found everywhere. Reinforcement learning models can be normally used to solve such kind of problems; particularly, Sarsa Learning is suitable for tackling with dynamic route guidance problem. But how to solve the large state space of digital road network is a challenge for Sarsa Learning, which is very common due to the large scale of modern road network. In this study, the hierarchical Sarsa learning based route guidance algorithm (HSLRG) is pro",gnn_rl,3,1
5cc848ba660a0f350e714971cffb0a13dbac5322,Green Mobility Management in UAV-Assisted IoT Based on Dueling DQN,2019,ICC 2019 - 2019 IEEE International Conference on Communications (ICC),18,"In most cases, the batteries of sensor nodes in the Internet of Things (IoT) are usually constrained by size and weight, and are difficult to recharge or replace. In traditional wireless sensor networks, data is transmitted in a multi-hop manner, which may cause the high data transmission delay and unbalanced traffic load. In this paper, an Unmanned Aerial Vehicle (UAV)-assisted IoT architecture is introduced, in which UAV is utilized to achieve low-latency and seamless-coverage acquisition of t",constrained_rl,3,n/a
2438c67202390f02de6fb2b02b628b9200d0611e,Q(λ) learning-based dynamic route guidance algorithm for overhead hoist transport systems in semiconductor fabs,2019,International Journal of Production Research,66,"A learning-based dynamic routing algorithm is proposed for the overhead hoist transport (OHT) systems of semiconductor fabrication facilities (fabs). An OHT system, which consists of multiple vehicles moving at high speeds on guided rails, is the primary automated material-handling system (AMHS) in a fab. Modern large-scale fabs have hundreds of vehicles moving lots between multiple processing machines. The dynamic routing method is a route guidance method that dynamically selects the best vehic",constrained_rl,3,n/a
9e34a0b7fcf1417419da97a5092711f8dce80398,Vehicle Routing Problems via Quantum Graph Attention Network Deep Reinforcement Learning,2025,arXiv.org,0,"The vehicle routing problem (VRP) is a fundamental NP-hard task in intelligent transportation systems with broad applications in logistics and distribution. Deep reinforcement learning (DRL) with Graph Neural Networks (GNNs) has shown promise, yet classical models rely on large multi-layer perceptrons (MLPs) that are parameter-heavy and memory-bound. We propose a Quantum Graph Attention Network (Q-GAT) within a DRL framework, where parameterized quantum circuits (PQCs) replace conventional MLPs ",gnn_rl,2,n/a
1d9ef622fcbd6b201c48e57fe2ab1ca226da4bca,Airport shuttle vehicle path planning method combining graph neural network and reinforcement learning,2025,2025 8th International Conference on Computer Information Science and Application Technology (CISAT),0,"To address the low computational efficiency and unstable solution quality of traditional heuristic methods in large-scale, complex pickup and drop-off scenarios, this paper proposes a path planning approach that integrates graph neural networks with reinforcement learning. The Airport Pickup and Drop-off Vehicle Routing Problem (APD-VRP) is formulated as a Markov Decision Process (MDP), enabling end-to-end learning of routing policies through a graph attention-based encoder and a sequence-genera",gnn_rl,2,n/a
0e24218cd10c634d1bcc5c2fea562d6557045923,Graph-Driven Deep Reinforcement Learning for Vehicle Routing Problems with Pickup and Delivery,2025,Applied Sciences,11,"Recently, the vehicle routing problem with pickup and delivery (VRP-PD) has attracted increasing interest due to its widespread applications in real-life logistics and transportation. However, existing learning-based methods often fail to fully exploit hierarchical graph structures, leading to suboptimal performance. In this study, we propose a graph-driven deep reinforcement learning (GDRL) approach that employs an encoder–decoder framework to address this shortcoming. The encoder incorporates ",gnn_rl,2,n/a
c6936197150af0543f7c7c26818e1df48e03ff36,JPDS-NN: Reinforcement Learning-Based Dynamic Task Allocation for Agricultural Vehicle Routing Optimization,2025,IEEE/RJS International Conference on Intelligent RObots and Systems,1,"The Entrance Dependent Vehicle Routing Problem (EDVRP) is a variant of the Vehicle Routing Problem (VRP) where the scale of cities influences routing outcomes, necessitating consideration of their entrances. This paper addresses EDVRP in agriculture, focusing on multi-parameter vehicle planning for irregularly shaped fields. To address the limitations of traditional methods, such as heuristic approaches, which often overlook field geometry and entrance constraints, we propose a Joint Probability",gnn_rl,2,n/a
c79ae76db36f14550e607a7b8234b6542027f8e4,Deep Reinforcement Learning for Solving Electric Vehicle Routing Problems with Battery Swapping Station,2025,"Poster Volume Ⅰ  The 2025 Twenty-First International  Conference on Intelligent Computing July 26-29, 2025  Ningbo, China",0,"With the widespread adoption of electric vehicles EVs in logistics and transportation, long charging times and limited range have become significant challenges. Battery swapping offers an efficient station energy replenishment method that can substantially reduce replenishment time. This study investigates the Electric Vehicle Routing Problem with Battery Swapping Station EVRP-BSS . To address this problem, a Deep Reinforcement Learning DRL -based approach is proposed to solve the EVRP-BSS by tr",gnn_rl,2,n/a
e5426dd42467524e3888fb02576524d9fd454deb,Online Deep Reinforcement Learning Approach for Solving Dynamic Vehicle Routing Problems with Time Windows,2025,Chinese Control and Decision Conference,0,"To address the limitations of existing methods for dynamic vehicle routing problems, including exponential growth in solving time as problem size increases, susceptibility to local optima, and difficulty in handling stochastic demands and changes, we propose an online deep reinforcement learning algorithm for solving dynamic vehicle routing problems with time windows. First, we establish a partially observable Markov decision process (POMDP) model based on the time sequence of customer deliverie",gnn_rl,2,n/a
f29e628b050c8590e7b24149138c5eb9ae6ca9fb,AlphaRouter: Bridging the Gap Between Reinforcement Learning and Optimization for Vehicle Routing with Monte Carlo Tree Searches,2025,Entropy,1,"Deep reinforcement learning (DRL) as a routing problem solver has shown promising results in recent studies. However, an inherent gap exists between computationally driven DRL and optimization-based heuristics. While a DRL algorithm for a certain problem is able to solve several similar problem instances, traditional optimization algorithms focus on optimizing solutions to one specific problem instance. In this paper, we propose an approach, AlphaRouter, which solves routing problems while bridg",gnn_rl,2,n/a
efc8bc56becba522bc693b59897845ecddf66a6e,Electric vehicle routing with stochastic customers using deep reinforcement learning and graph convolutional networks,2025,Journal of Intelligent Transportation Systems / Taylor & Francis,2,,gnn_rl,2,n/a
a78446a6181c834aa671434c2f2716720708df29,Three-Dimensional Autonomous Navigation of Unmanned Underwater Vehicle Based on Deep Reinforcement Learning and Adaptive Line-of-Sight Guidance,2025,Journal of Marine Science and Engineering,0,"Unmanned underwater vehicles (UUVs) face significant challenges in achieving safe and efficient autonomous navigation in complex marine environments due to uncertain perception, dynamic obstacles, and nonlinear coupled motion control. This study proposes a hierarchical autonomous navigation framework that integrates improved particle swarm optimization (PSO) for 3D global route planning, and a deep deterministic policy gradient (DDPG) algorithm enhanced by noisy networks and proportional priorit",gnn_rl,2,n/a
0a946751e6cead93731017742605217bbb175dd8,Deep Reinforcement Learning based Autonomous Decision-Making for Cooperative UAVs: A Search and Rescue Real World Application,2025,arXiv.org,7,"This paper presents the first end-to-end framework that combines guidance, navigation, and centralised task allocation for multiple UAVs performing autonomous search-and-rescue (SAR) in GNSS-denied indoor environments. A Twin Delayed Deep Deterministic Policy Gradient controller is trained with an Artificial Potential Field (APF) reward that blends attractive and repulsive potentials with continuous control, accelerating convergence and yielding smoother, safer trajectories than distance-only ba",gnn_rl,2,n/a
cfae4062915ed49c33a29dcd5fd2c586587d91a3,Dynamic A* Heuristic Function Optimization Based on Deep Reinforcement Learning and Path Planning in Uncertain Environments,2025,2025 5th International Symposium on Computer Technology and Information Science (ISCTIS),0,"This paper addresses the complex problem of online truck routing in container terminals, a critical operational challenge faced by major international ports. The proposed approach models the terminal environment as a directed graph comprising warehouses, quay cranes, and yard blocks, and formulates the task scheduling process with a focus on minimizing quay crane waiting time. The problem is characterized by dynamic task arrivals and stochastic service durations, which are only revealed in real ",gnn_rl,2,n/a
99b88b96c29b712bc4f2e5eee4751c3c75a13d31,Learning-Aided Neighborhood Search for Vehicle Routing Problems,2025,IEEE Transactions on Pattern Analysis and Machine Intelligence,15,"The Vehicle Routing Problem (VRP) is a classic optimization problem with diverse real-world applications. The neighborhood search has emerged as an effective approach, yielding high-quality solutions across different VRPs. However, most existing studies exhaustively explore all considered neighborhoods with a pre-fixed order, leading to an inefficient search process. To address this issue, this paper proposes a Learning-aided Neighborhood Search algorithm (LaNS) that employs a cutting-edge multi",gnn_rl,2,n/a
2a0ad24c826c04578076e555c01a5d95ff046101,Topology-Aware Graph Reinforcement Learning for Dynamic Routing in Cloud Networks,2025,"Proceedings of the 2025 International Conference on Information Economy, Data Modeling and Cloud Computing",10,This paper proposes a topology-aware graph reinforcement learning approach to address the routing policy optimization problem in cloud server environments. The method builds a unified framework for state representation and structural evolution by integrating a Structure-Aware State Encoding (SASE) module and a Policy-Adaptive Graph Update (PAGU) mechanism. It aims to tackle the challenges of decision instability and insufficient structural awareness under dynamic topologies. The SASE module mode,gnn_rl,2,n/a
11e4b6621aa93eaece28fe08e39dd579fff25a41,Routing-Aware RL for Mobile Relay Navigation in Disconnected Ad Hoc Networks,2025,Conference on Network and Service Management,0,"Mobile relays can restore end-to-end connectivity in disconnected ad hoc networks, yet classical placement methods rely on global geometry and channel maps that are rarely available in practice. We study routing-aware reinforcement learning (RL) for a single controlled host that moves on a 2D plane to bridge disconnected clusters and enable multi-hop delivery between a source and destination. Built on OMNeT++/INET, our environment exposes only local, router-observable signals and augments them w",gnn_rl,2,n/a
45adc98406e4e87f0730a92cfc6b6f710e6752a9,Multi-Agent Pointer Transformer: Seq-to-Seq Reinforcement Learning for Multi-Vehicle Dynamic Pickup-Delivery Problems,2025,AAAI Conference on Artificial Intelligence,0,"This paper addresses the cooperative Multi-Vehicle Dynamic Pickup and Delivery Problem with Stochastic Requests (MVDPDPSR) and proposes an end-to-end centralized decision-making framework based on sequence-to-sequence, named Multi-Agent Pointer Transformer (MAPT).
MVDPDPSR is an extension of the vehicle routing problem and a spatio-temporal system optimization problem, widely applied in scenarios such as on-demand delivery.
Classical operations research methods face bottlenecks in computational ",gnn_rl,2,n/a
5b9ee5fddfe6086b26844a18dfa1040b2045b127,"AI-Driven Vehicle Routing Optimization: A Hybrid Model Using GNN, PPO, Tabu Search, and Agentic Intelligence",2025,E3S Web of Conferences,0,"The Vehicle Routing Problem (VRP) remains a central challenge in logistics optimization, requiring efficient solutions that balance operational cost, service quality, and sustainability. Traditional heuristic and metaheuristic approaches achieve reasonable results but struggle to generalize in large-scale, dynamic environments. Recent advances in machine learning and reinforcement learning have opened new opportunities, yet standalone methods still face limitations in adaptability and semantic r",gnn_rl,2,n/a
9f2b812c170bdd0dc4b875d7d52eea9884c771bf,"DREAMer-VXS: A Latent World Model for Sample-Efficient AGV Exploration in Stochastic, Unobserved Environments",2025,arXiv.org,0,"The paradigm of learning-based robotics holds immense promise, yet its translation to real-world applications is critically hindered by the sample inefficiency and brittleness of conventional model-free reinforcement learning algorithms. In this work, we address these challenges by introducing DREAMer-VXS, a model-based framework for Autonomous Ground Vehicle (AGV) exploration that learns to plan from imagined latent trajectories. Our approach centers on learning a comprehensive world model from",model_based_rl,2,n/a
8d53378e0a01f22f32ecbb93d373e3d1807e4f7e,Coordinating Ride-Pooling with Public Transit using Reward-Guided Conservative Q-Learning: An Offline Training and Online Fine-Tuning Reinforcement Learning Framework,2025,Transportation Research Part C: Emerging Technologies,10,"This paper introduces a novel reinforcement learning (RL) framework, termed Reward-Guided Conservative Q-learning (RG-CQL), to enhance coordination between ride-pooling and public transit within a multimodal transportation network. We model each ride-pooling vehicle as an agent governed by a Markov Decision Process (MDP) and propose an offline training and online fine-tuning RL framework to learn the optimal operational decisions of the multimodal transportation systems, including rider-vehicle ",model_based_rl,2,n/a
55f49e3982971689ea7d64af0bc3675a2c9ebce8,Marine Voyage Optimization and Weather Routing with Deep Reinforcement Learning,2025,Journal of Marine Science and Engineering,17,"Marine voyage optimization determines the optimal route and speed to ensure timely arrival. The problem becomes particularly complex when incorporating a dynamic environment, such as future expected weather conditions along the route and unexpected disruptions. This study explores two model-free Deep Reinforcement Learning (DRL) algorithms: (i) a Double Deep Q Network (DDQN) and (ii) a Deep Deterministic Policy Gradient (DDPG). These algorithms are computationally costly, so we split optimizatio",model_based_rl,2,n/a
5f985665e1a6dcb55082f52be301db9d264b173f,Mapless autonomous navigation for UGV in cluttered off-road environment with the guidance of wayshowers using deep reinforcement learning,2025,Applied intelligence (Boston),3,,model_based_rl,2,n/a
c49c697d33eb7662381a62a90dca9fa6c058fa66,Path Planning for Agricultural UAVs Based on Deep Reinforcement Learning and Energy Consumption Constraints,2025,Agriculture,8,"Traditional pesticide application methods pose systemic threats to sustainable agriculture due to inefficient spraying practices and ecological contamination. Although agricultural drones demonstrate potential to address these challenges, they face critical limitations in energy-constrained complete coverage path planning for field operations. This study proposes a novel BiLG-D3QN algorithm by integrating deep reinforcement learning with Bi-LSTM and Bi-GRU architectures, specifically designed to",constrained_rl,2,n/a
513a24b9da844c20996e499bf3b614f0f822032c,Multiobjective Cooperative Path Planning of Uncrewed Surface Vehicle Based on Deep Reinforcement Learning,2025,IEEE Internet of Things Journal,15,"In recent years, with the development of ship intelligence and uncrewed technology, autonomous path planning of uncrewed surface vehicle (USV) has become very important. However, most of the existing studies ignore the limitation of the endurance and speed of USV to voyage, and only consider the course planning at the fixed speed. To this end, we propose a path planning method based on deep reinforcement learning (DRL): first, we establish a USV motion model. Then, we propose a new USV energy co",constrained_rl,2,n/a
2569f7d710b27d3b8a7709cb7c7726adecde4a76,Dynamic Charging and Path Planning for UAV-Powered Rechargeable WSNs Using Multi-Agent Deep Reinforcement Learning,2025,IEEE Transactions on Automation Science and Engineering,32,"Unmanned Aerial Vehicle (UAV)-powered 5G/6G networks integrated with rechargeable wireless sensor networks (RWSNs) offer promising solutions for extending system lifetime, collecting data, and providing computing services and power to sensor nodes (SNs). UAVs offer significant advantages, including exceptional mobility, cost-effective deployment, and the ability to be easily reprogrammed for a wide range of missions. However, the limited onboard power capacity of UAVs, coupled with the lack of d",constrained_rl,2,n/a
f67088837c83e8c06f10077c7d2fa3fd6520d31f,Deep reinforcement learning for path planning of autonomous mobile robots in complicated environments,2025,Complex & Intelligent Systems,17,"In complicated environments, which include dynamic and narrow areas, the path planning of Autonomous Mobile Robots (AMRs) encounters challenges, like slow model convergence and limited representational capabilities, often resulting in the robot taking longer, less efficient paths or even colliding with obstacles. To tackle these challenges, the Gated Attention Prioritized Experience Replay Soft Actor-Critic (GAP_ SAC) algorithm is proposed. Key improvements include expanding the state space for ",constrained_rl,2,n/a
8ddbd6dccc2674c5dad2b962465014bd8c73f705,Deep Reinforcement Learning for Zero-Shot Coverage Path Planning With Mobile Robots,2025,IEEE/CAA Journal of Automatica Sinica,14,"The ability of mobile robots to plan and execute a path is foundational to various path-planning challenges, particularly Coverage Path Planning. While this task has been typically tackled with classical algorithms, these often struggle with flexibility and adaptability in unknown environments. On the other hand, recent advances in Reinforcement Learning offer promising approaches, yet a significant gap in the literature remains when it comes to generalization over a large number of parameters. ",constrained_rl,2,n/a
58ab23e22077091157a0803a31187c59a0a8d90d,Novel deep reinforcement learning based collision avoidance approach for path planning of robots in unknown environment,2025,PLoS ONE,12,"Reinforcement learning is a remarkable aspect of the artificial intelligence field with many applications. Reinforcement learning facilitates learning new tasks based on action and reward principles. Motion planning addresses the navigation problem for robots. Current motion planning approaches lack support for automated, timely responses to the environment. The problem becomes worse in a complex environment cluttered with obstacles. Reinforcement learning can increase the capacity of robotic sy",constrained_rl,2,n/a
e44f9ef220154b90cb0669bbae29fa6c5b89318a,Underactuated Navigation Actor-Critic Deep Reinforcement Learning Framework for Holistic Path Planning of Uncrewed Surface Vehicles,2025,IEEE transactions on intelligent transportation systems (Print),11,"If underactuated dynamics can not be accommodated in path planning for an uncrewed surface vehicle (USV), sway unactuation makes the path untrackable, thereby threatening navigation resilience. In this paper, an underactuated navigation actor-critic (UNAC) deep reinforcement learning (DRL) framework is devoted to feasibly trackable path planner for an underactuated USV. By integrating a long short-term memory module into the critic network, historical state sequences are compressed into low-dime",constrained_rl,2,n/a
a4effea43f70266b649304b375c8d3619a111edb,A 3D Spatial Information Compression Based Deep Reinforcement Learning Technique for UAV Path Planning in Cluttered Environments,2025,IEEE Open Journal of Vehicular Technology,10,"Unmanned aerial vehicles (UAVs) can be considered in many applications, such as wireless communication, logistics transportation, agriculture and disaster prevention. The flexible maneuverability of UAVs also means that the UAV often operates in complex 3D environments, which requires efficient and reliable path planning system support. However, as a limited resource platform, the UAV systems cannot support highly complex path planning algorithms in lots of scenarios. In this paper, we propose a",constrained_rl,2,n/a
418957cc5b4900fbf17277947386ab52315c2f32,Semantically-Driven Deep Reinforcement Learning for Inspection Path Planning,2025,IEEE Robotics and Automation Letters,6,"This letter introduces a novel semantics-aware inspection planning policy derived through deep reinforcement learning. Reflecting the fact that within autonomous informative path planning missions in unknown environments, it is often only a sparse set of objects of interest that need to be inspected, the method contributes an end-to-end policy that simultaneously performs semantic object visual inspection combined with collision-free navigation. Assuming access only to the instantaneous depth ma",constrained_rl,2,n/a
d9a032448f46c1e0cd54e2ef46eadb4990990035,A Complete Coverage Path Planning Algorithm for Lawn Mowing Robots Based on Deep Reinforcement Learning,2025,Italian National Conference on Sensors,8,"This paper introduces Re-DQN, a deep reinforcement learning-based algorithm for comprehensive coverage path planning in lawn mowing robots. In the fields of smart homes and agricultural automation, lawn mowing robots are rapidly gaining popularity to reduce the demand for manual labor. The algorithm introduces a new exploration mechanism, combined with an intrinsic reward function based on state novelty and a dynamic input structure, effectively enhancing the robot’s adaptability and path optimi",constrained_rl,2,n/a
b0548667013981276fa5f40c07ad52e794569612,Coverage Path Planning Using Actor–Critic Deep Reinforcement Learning,2025,Italian National Conference on Sensors,7,"One of the main capabilities a mobile robot must demonstrate is the ability to explore its environment. The core challenge in exploration lies in planning the route to fully cover the environment. Despite recent advances, this problem remains unsolved. This study proposes an approach to address the coverage path planning problem, where the mobile robot is tasked with exploring and completely covering a terrain using a deep reinforcement learning framework. The environment is divided into cells, ",constrained_rl,2,n/a
0da4bc009af60a248850f83b22bd666d34f681f9,PG-ITD3: A Potential Field-Guided Deep Reinforcement Learning Approach for UAV Path Planning After Disaster,2025,IEEE Transactions on Automation Science and Engineering,6,"To address the target inaccessibility issue of the Artificial Potential Field (APF) method and the slow convergence of deep reinforcement learning algorithms, we propose a method combining the artificial potential field and an improved twin delayed deep deterministic policy gradient algorithm (PG-ITD3) for UAV path planning in post-disaster scenarios. This approach considers Uncrewed Aerial Vehicles (UAV) kinematic constraints and dynamically adjusts the repulsive gain coefficient through deep r",constrained_rl,2,n/a
ca80b06112836d86821f071ec3e8978cca9af83f,ST-D3QN: Advancing UAV Path Planning With an Enhanced Deep Reinforcement Learning Framework in Ultra-Low Altitudes,2025,IEEE Access,3,"Unmanned aerial vehicles (UAVs) have increasingly become indispensable instruments for surveillance, reconnaissance, and various missions due to their advanced capabilities. In intricate and dynamic operational contexts, especially during ultra-low altitude missions, inadequate communication and coordination impede UAVs’ capacity to avoid other UAVs and moving objects. In this instance, attaining accurate path planning for UAVs constitutes a significant technological problem that requires immedi",constrained_rl,2,n/a
89fca67b9b4da6f51d8d50443878cafc2779fa8c,Obstacle Avoidance Path Planning for Delta Robots Based on Digital Twin and Deep Reinforcement Learning,2025,"Computers, Materials &amp; Continua",5,": Despite its immense potential, the application of digital twin technology in real industrial scenarios still faces numerous challenges. This study focuses on industrial assembly lines in sectors such as microelectronics, pharmaceuticals, and food packaging, where precision and speed are paramount, applying digital twin technology to the robotic assembly process. The innovation of this research lies in the development of a digital twin architecture and system for Delta robots that is suitable f",constrained_rl,2,n/a
31f0b4489eeb6ce19fca7d3b884097b07c4b5b28,A Hybrid Path Planning Framework Integrating Deep Reinforcement Learning and Variable-Direction Potential Fields,2025,Mathematics,5,"To address the local optimality in path planning for logistics robots using APF (artificial potential field) and the stagnation problem when encountering trap obstacles, this paper proposes VDPF (variable-direction potential field) combined with RL (reinforcement learning) to effectively solve these problems. First, based on obstacle distribution, an obstacle classification algorithm is designed, enabling the robot to select appropriate obstacle avoidance strategies according to obstacle types. ",constrained_rl,2,n/a
c9d78ff6603eb055895d1006660e7ff390d13c44,Dynamic Path Planning for Vehicles Based on Causal State-Masking Deep Reinforcement Learning,2025,Algorithms,4,"Dynamic path planning enables vehicles to autonomously navigate in unknown or continuously changing environments, thereby reducing reliance on fixed maps. Deep reinforcement learning (DRL), with its superior performance in handling high-dimensional state spaces and complex dynamic environments, has been widely applied to dynamic path planning. Traditional DRL methods are prone to capturing unnecessary noise information and irrelevant features during the training process, leading to instability a",constrained_rl,2,0
0742cd8fdd918d31f577b4f2e95d51e21ab762d4,Crowd evacuation path planning and simulation method based on deep reinforcement learning and repulsive force field,2025,Applied intelligence (Boston),5,,constrained_rl,2,n/a
b010857891e651e72926467c8518f032118ff770,A Survey of Research and Applications of Optimal Path Planning Based on Deep Reinforcement Learning,2025,ITM Web of Conferences,3,"This study focuses on the comparison between conventional path planning techniques and Deep Reinforcement Learning-based path planning technology. Traditional algorithms including the A* algorithm, Dijkstra algorithm, and random sampling techniques, which perform well in static contexts, become inefficient in dynamic and complicated high-dimensional settings due to high computing costs. In contrast to DRL, a robot is charged with detecting sensor data linked with optimum path-planning using MDP ",constrained_rl,2,n/a
49ea7c3f52b2ef2e1cd9d2bb4a9b875a43c315eb,The Emergence of Deep Reinforcement Learning for Path Planning,2025,"IEEE International Conference on Systems, Man and Cybernetics",4,"The increasing demand for autonomous systems in complex and dynamic environments has driven significant research into intelligent path planning methodologies. For decades, graph-based search algorithms, linear programming techniques, and evolutionary computation methods have served as foundational approaches in this domain. Recently, deep reinforcement learning (DRL) has emerged as a powerful method for enabling autonomous agents to learn optimal navigation strategies through interaction with th",constrained_rl,2,n/a
a0628bff2cc907d23ff1a080d66b711386edef3e,Application and performance analysis of deep reinforcement learning algorithm in path planning of dual-arm robots,2025,"International Conference on Algorithms, Image Processing, and Deep Learning",0,"In this paper, path planning of dual-arm robot is the research topic, and the application and performance analysis of deep reinforcement learning algorithm are discussed. Firstly, the basic principles of path planning for dual-arm robots are briefly introduced, including kinematics and dynamics models and common path planning algorithms. Then, the application of deep reinforcement learning algorithm in environment modeling, state space design, reward function tuning and training optimization is ",constrained_rl,2,n/a
d2082a992556d04c1ae5d4610252c65920091ee9,Intelligent Multi-Objective Path Planning for Unmanned Surface Vehicles via Deep and Fuzzy Reinforcement Learning,2025,Journal of Marine Science and Engineering,3,"Unmanned Surface Vehicles (USVs) are increasingly employed in maritime operations requiring high levels of autonomy, safety, and energy efficiency. However, traditional path planning techniques struggle to simultaneously address multiple conflicting objectives such as fuel consumption, trajectory smoothness, and obstacle avoidance in dynamic maritime environments. To overcome these limitations, this paper introduces a Deep Q-Learning (DQN) framework and a novel Fuzzy Deep Q-Learning (F-DQN) algo",constrained_rl,2,n/a
7678086c15d8a848dc30fd8d475a2c94084b5c00,Robot Path Planning in Crowd Environments via Dynamic Interaction Modeling and Deep Reinforcement Learning,2025,2025 IEEE 14th Data Driven Control and Learning Systems (DDCLS),0,"The unstructured nature and high dynamic of crowded public environments introduce critical challenges for mobile robots, particularly in balancing path planning efficiency, human safety and social comfort. Existing approaches often neglect dynamic interaction modeling and quantitative comfort assessment. This paper introduces a stress index derived from deformation analysis of agents' social spaces to quantify human discomfort during robot navigation. Building on this metric, a novel framework i",constrained_rl,2,n/a
785f81f5bed5d5c9bbe04e5e359729e2474e7d70,Dynamic Path Planning and Multi-Objective Task Execution for Maneuvering Platforms Based on Deep Reinforcement Learning,2025,2025 IEEE 14th Data Driven Control and Learning Systems (DDCLS),0,"With the increasing complexity and variability of modern combat environments, path planning and task execution for maneuvering platforms have become critical technologies for enhancing operational efficiency and success rates. This paper proposes a dynamic path planning and multi-objective task execution method for maneuvering platforms, integrating deep reinforcement learning with rule-based decision-making. The rule-based decision component determines the task execution order, while deep reinf",constrained_rl,2,n/a
a05d3a6f407b3c1c0bf8b7cec491f14405cecc3b,Model-Based AUV Path Planning Using Curriculum Learning and Deep Reinforcement Learning on a Simplified Electronic Navigation Chart,2025,Applied Sciences,5,"Deep Reinforcement Learning (DRL)-based algorithms have demonstrated substantial effectiveness in tackling complex control problems for autonomous underwater vehicles (AUVs). This paper attempts to evaluate reinforcement learning (RL)-based methods for AUV trajectory planning by incorporating a model of a vehicle’s full motion. In this study, the agent (AUV) is assumed to have no prior knowledge of the environment in which it navigates. Instead, it only receives inputs from navigation sensors an",constrained_rl,2,n/a
81403b0731bdadc55ec1812961353c39e8caaf22,Rough-Terrain Path Planning Based on Deep Reinforcement Learning,2025,Applied Sciences,4,"Road undulations have a significant impact on path lengths and energy consumption, so rough-terrain path planning for unmanned vehicles is of great research importance for performing more tasks with limited energy. This paper proposes a Deep Q-Network (DQN)-based path-planning method, which shapes the reward by introducing a slope penalty function and a terrain penalty function. For the problem of the low exploration efficiency of the ε-greedy strategy, a hybrid exploration strategy combining st",constrained_rl,2,n/a
d11e2e0ad778a252e6730897e1a356c186f9e3a9,Research on Cooperative Path Planning for UAVs Based on Multi-agent Deep Reinforcement Learning,2025,2025 IEEE 14th Data Driven Control and Learning Systems (DDCLS),0,"This paper proposes a cooperative path planning method for multi-UAV systems based on the Multi-Agent Deep Deterministic Policy Gradient (MADDPG) algorithm. A composite reward function is designed, which includes arrival rewards, obstacle avoidance penalties, and formation maintenance rewards. The method combines centralized training and decentralized execution frameworks to achieve efficient cooperation among multiple UAVs. Simulation results show that this approach can effectively plan smooth ",constrained_rl,2,n/a
bb2673cd9a1983f0f6a5e54929ea6bf37dfb65b2,Hierarchical Control Framework for Path Planning of Mobile Robots in Dynamic Environments Through Global Guidance and Reinforcement Learning,2025,IEEE Internet of Things Journal,29,"This article focuses on achieving efficient and safe navigation for robots in dynamic and unpredictable environments. We propose a hierarchical path planning framework that integrates global path planning with local dynamic obstacle avoidance. This framework aims to quickly plan a collision-free, shortest, and safest path for the robot while adapting the navigation path according to uncertainties in the operating environment. Global path planning is conducted using the improved gray wolf optimiz",constrained_rl,2,n/a
b1ebafd32b4b7169deedb5cd05d2197d497dc68e,A novel reinforcement learning-based multi-operator differential evolution with cubic spline for the path planning problem,2025,Artificial Intelligence Review,20,"Path planning in autonomous driving systems remains a critical challenge, requiring algorithms capable of generating safe, efficient, and reliable routes. Existing state-of-the-art methods, including graph-based and sampling-based approaches, often produce sharp, suboptimal paths and struggle in complex search spaces, while trajectory-based algorithms suffer from high computational costs. Recently, meta-heuristic optimization algorithms have shown effective performance but often lack learning ab",constrained_rl,2,n/a
651e481dbe4868231fb83a34f96b5dcae748c9a9,Robust Intelligent Guidance Method for Distant Retrograde Orbit Station-Keeping,2025,Journal of Guidance Control and Dynamics,1,"Earth–moon distant retrograde orbits (DROs) periodically circle around the moon with high stability, suitable for the deployment of a cislunar station. However, due to the navigation and control errors and uncertainty in dynamic parameter, the actual trajectory drifts from the nominal DRO. To further improve the on-orbit station-keeping (SK) accuracy, robust guidance methods for DRO SK are provided. For reducing the influences of navigation and control errors, a robust SK point design method bas",constrained_rl,2,n/a
1ec62c639bb0e285e1deee84817a014741fe5e13,Adaptive Conformal Guidance for Learning under Uncertainty,2025,,0,"Learning with guidance has proven effective across a wide range of machine learning systems. Guidance may, for example, come from annotated datasets in supervised learning, pseudo-labels in semi-supervised learning, and expert demonstration policies in reinforcement learning. However, guidance signals can be noisy due to domain shifts and limited data availability and may not generalize well. Blindly trusting such signals when they are noisy, incomplete, or misaligned with the target domain can ",constrained_rl,2,n/a
1cda9faa9149248ec8e5a087a1685ec2ddf8cb1d,Intelligent Planning and Visual Guidance of Helicopter Air Navigation Path Based on Deep Learning,2025,"2025 IEEE 3rd International Conference on Electrical, Automation and Computer Engineering (ICEACE)",0,"This paper develops an intelligent navigation system that integrates deep learning and multi-source perception to address the complexities, variability, and uncertainties of low-altitude helicopter flight. Combining convolutional neural networks and time feature extractors to analyze airborne image data, multimodal fusion is achieved by inputting multimodal LiDAR, GPS, and IMU sensors; In the process of flight route planning, reinforcement learning and multiple constraint functions were applied ",constrained_rl,2,n/a
c82f8b45cb61581c1f2854b770c668a60f6f3256,Token-specific deep reinforcement learning for energy-efficient capacitated electric vehicle routing problems,2025,Applied Energy,14,,ev_routing,2,n/a
33c3962444be484802b0f97d0ec6386c57300e60,Federated Reinforcement Learning for Intelligent Route Planning in Aerial-Terrestrial Network,2025,IEEE Internet of Things Journal,6,"Aerial-terrestrial network (ATN) framework is currently the dominant method of the Internet of unmanned agents (IUAs) for integrating both aerial vehicles and terrestrial sensors. In ATN scenarios, existing work shows that route planning utilizing deep reinforcement learning (DRL) is important as it can conserve energy for aerial vehicles or diminish network latency. However, utilizing DRL approaches in a multiagent ATN environment may lead to inefficiencies when sharing original interaction dat",ev_routing,2,n/a
86b9f71325c0446e8ac81253d57e7bac931a6a00,Attention-Enhanced Deep Reinforcement Learning for Electric Vehicle Routing Optimization,2025,IEEE Transactions on Transportation Electrification,7,"Recently, the electric vehicle routing problem (EVRP) has emerged as a significant challenge in the transportation industry. Unlike traditional vehicle routing problems (VRPs) that focus primarily on route optimization for customers, the EVRP must also consider electricity constraints and charging decisions. Although deep reinforcement learning (DRL), particularly with attention-based Transformer architecture, has achieved success in VRPs, it faces significant difficulties when directly applied ",ev_routing,2,n/a
9aeae1b60197204b790229c47202f281819a3cbb,A Deep Reinforcement Learning-Based Adaptive Large Neighborhood Search for Capacitated Electric Vehicle Routing Problems,2025,IEEE Transactions on Emerging Topics in Computational Intelligence,16,"The Capacitated Electric Vehicle Routing Problem (CEVRP) poses a novel challenge within the field of vehicle routing optimization, as it requires consideration of both customer service requirements and electric vehicle recharging schedules. In addressing the CEVRP, Adaptive Large Neighborhood Search (ALNS) has garnered widespread acclaim due to its remarkable adaptability and versatility. However, the original ALNS, using a weight-based scoring method, relies solely on the past performances of o",recent_2025,2,n/a
fc193e4e882522177ea1d4391629d45cae44250b,Synergetic attention-driven transformer: A deep reinforcement learning approach for vehicle routing problems,2025,Expert systems with applications,18,,recent_2025,2,n/a
352b0511738665f38b121e444b4a952628843850,Enhanced vehicle routing for medical waste management via hybrid deep reinforcement learning and optimization algorithms,2025,Frontiers Artif. Intell.,10,"Modern technologies, particularly artificial intelligence, play a crucial role in improving medical waste management by developing intelligent systems that optimize the shortest routes for waste transport, from its generation to final disposal. Algorithms such as Q-learning and Deep Q Network enhance the efficiency of transport and disposal while reducing environmental pollution risks. In this study, artificial intelligence algorithms were trained using Homogeneous agent systems with a capacity ",recent_2025,2,n/a
48f67792669dff4b6bbfe9df987b2e6d47a790a5,Reinforcement Learning for Solving the Pricing Problem in Column Generation: Applications to Vehicle Routing,2025,arXiv.org,1,"In this paper, we address the problem of Column Generation (CG) using Reinforcement Learning (RL). Specifically, we use a RL model based on the attention-mechanism architecture to find the columns with most negative reduced cost in the Pricing Problem (PP). Unlike previous Machine Learning (ML) applications for CG, our model deploys an end-to-end mechanism as it independently solves the pricing problem without the help of any heuristic. We consider a variant of Vehicle Routing Problem (VRP) as a",recent_2025,2,n/a
9dcb87f8fd3c6387dfe9bd036ea140e816e97238,A Reinforcement Learning Framework for Scalable Partitioning and Optimization of Large-Scale Capacitated Vehicle Routing Problems,2025,Electronics,0,"The Capacitated Vehicle Routing Problem (CVRP) is a central challenge in combinatorial optimization, with critical applications in logistics and transportation. Traditional methods struggle with large-scale instances, due to the computational demands, while learned construction models often suffer from degraded solution quality and constraint violations. This work proposes SPORL, a Scalable Partitioning and Optimization via Reinforcement Learning framework for large-scale CVRPs. SPORL decomposes",recent_2025,2,n/a
023550b694abf8266154758a4097ac63f8eb89eb,A Hierarchical Reinforcement Learning Based Framework for Solving Complex Vehicle Routing Problems,2025,2025 Asian Conference on Artificial Intelligence Technology (ACAIT),0,"As a pivotal challenge in logistics distribution, the Vehicle Routing Problems (VRPs) critically impacts operational efficiency. Traditional optimization algorithms suffer from efficiency degradation with increasing node scales, while existing data-driven approaches demonstrate limited generalization ability in multi-objective optimization scenarios with complex constraints. This article proposes an innovative hierarchical reinforcement learning framework for efficient VRP resolution: First, the",recent_2025,2,n/a
9dad52ab92e3f2b641bb1dac77b8777860a3d956,Diverse route-driven deep reinforcement learning for vehicle routing problems,2025,Neurocomputing,8,,recent_2025,2,n/a
572a91f43e16eab6005eca78aefb78ba4f833dfd,Deep reinforcement learning with evolutionary algorithm-guided imitation for capacitated vehicle routing problems,2025,Applied Soft Computing,4,,recent_2025,2,n/a
0a9b5261e0511702c15d1f89d005b834d924f2b0,MTL-KD: Multi-Task Learning Via Knowledge Distillation for Generalizable Neural Vehicle Routing Solver,2025,arXiv.org,10,"Multi-Task Learning (MTL) in Neural Combinatorial Optimization (NCO) is a promising approach to train a unified model capable of solving multiple Vehicle Routing Problem (VRP) variants. However, existing Reinforcement Learning (RL)-based multi-task methods can only train light decoder models on small-scale problems, exhibiting limited generalization ability when solving large-scale problems. To overcome this limitation, this work introduces a novel multi-task learning method driven by knowledge ",recent_2025,2,n/a
010f4d96871852a1bf9cf31d20b8824f32910dc2,Rethinking Light Decoder-based Solvers for Vehicle Routing Problems,2025,International Conference on Learning Representations,33,"Light decoder-based solvers have gained popularity for solving vehicle routing problems (VRPs) due to their efficiency and ease of integration with reinforcement learning algorithms. However, they often struggle with generalization to larger problem instances or different VRP variants. This paper revisits light decoder-based approaches, analyzing the implications of their reliance on static embeddings and the inherent challenges that arise. Specifically, we demonstrate that in the light decoder ",recent_2025,2,n/a
3ef2ae86e7e325dd020120503258918d773f72cb,Hybrid Deep Reinforcement Learning for UAV Inspection in Large-Scale Wind Farms: Deployment and Routing Optimization,2025,IEEE Transactions on Industrial Informatics,5,"The growth of global wind capacity necessitates efficient maintenance and inspection, particularly in offshore wind farms. However, existing manual inspection method is time consuming and lacks scalability. This article introduces an autonomous unmanned aerial vehicle (UAV) inspection method for offshore wind farms by combing heuristic algorithm with deep reinforcement learning (DRL). Our approach integrates UAVs deployment and routing optimization, factoring in environmental conditions, such as",recent_2025,2,n/a
e98e6aff6d3a6ca28c51224699e18d578602b582,A Hybrid Framework Combining Heuristic Search and Reinforcement Learning for Multi-Objective Cold Chain Vehicle Path Optimization,2025,2025 IEEE 4th International Conference of Safe Production and Informatization (IICSPI),1,"In the modern logistics system, the multi-objective cold chain vehicle routing problem has attracted much attention due to its key role in ensuring food and drug safety, reducing operating costs, and responding to global sustainable development initiatives. This problem is essentially an NP hard combinatorial optimization problem, whose complexity is further exacerbated by the need to simultaneously balance multiple conflicting objectives such as transportation costs, temperature control costs, ",recent_2025,2,n/a
343087cc6a203c0aaa3a5f9395ebfacb72814dde,Towards Constraint-Based Adaptive Hypergraph Learning for Solving Vehicle Routing: An End-to-End Solution,2025,arXiv.org,3,"The application of learning based methods to vehicle routing problems has emerged as a pivotal area of research in combinatorial optimization. These problems are characterized by vast solution spaces and intricate constraints, making traditional approaches such as exact mathematical models or heuristic methods prone to high computational overhead or reliant on the design of complex heuristic operators to achieve optimal or near optimal solutions. Meanwhile, although some recent learning-based me",recent_2025,2,n/a
373e88743b16b182811e8660383a4eeb91fbc3fc,TuneNSearch: a hybrid transfer learning and local search approach for solving vehicle routing problems,2025,Computers & Operations Research,3,"This paper introduces TuneNSearch, a hybrid transfer learning and local search approach for addressing diverse variants of the vehicle routing problem (VRP). Our method uses reinforcement learning to generate high-quality solutions, which are subsequently refined by an efficient local search procedure. To ensure broad adaptability across VRP variants, TuneNSearch begins with a pre-training phase on the multi-depot VRP (MDVRP), followed by a fine-tuning phase to adapt it to other problem formulat",recent_2025,2,n/a
2dc495b41707b59e7c64406bfbd0e57c332339b3,Deep Reinforcement Learning algorithm for Capacitated Pollution Routing Problem,2025,2025 IEEE 5th International Conference on Sustainable Energy and Future Electric Transportation (SEFET),0,"The Capacitated Pollution Routing Problem (CPRP) builds upon the classic vehicle routing problem by integrating considerations for fuel usage and pollutant emissions into the route optimization strategy. A key challenge in CPRP is balancing solution optimality with computational efficiency. Exact solvers such as Gurobi guarantee optimal solutions but require significant computational time, which increases exponentially with problem complexity. In contrast, Deep Reinforcement Learning (DRL) metho",recent_2025,2,n/a
f80d77f2455be4f73d3201fedee97e7ddc257c18,End-to-end Deep Reinforcement Learning for Stochastic Multi-objective Optimization in C-VRPTW,2025,Trans. Mach. Learn. Res.,1,"In this work, we consider learning-based applications in routing to solve a Vehicle Routing variant characterized by stochasticity and multiple objectives. Such problems are representative of practical settings where decision-makers have to deal with uncertainty in the operational environment as well as multiple conflicting objectives due to different stakeholders. We specifically consider travel time uncertainty. We also consider two objectives, total travel time and route makespan, that jointl",recent_2025,2,n/a
3564fa84740573bf226bcea29f48b3523879705f,eCharge: Deep Reinforcement Learning Framework for Multi-Objective Electric Vehicle Charging Route Planning,2025,"2025 IEEE 25th International Symposium on Cluster, Cloud and Internet Computing Workshops (CCGridW)",1,,recent_2025,2,n/a
4a891a4140092c6eedc165a7195cace80b9a1464,Deep Reinforcement Learning for Solving Vehicle Routing Problems With Backhauls,2024,IEEE Transactions on Neural Networks and Learning Systems,61,"The vehicle routing problem with backhauls (VRPBs) is a challenging problem commonly studied in computer science and operations research. Featured by linehaul (or delivery) and backhaul (or pickup) customers, the VRPB has broad applications in real-world logistics. In this article, we propose a neural heuristic based on deep reinforcement learning (DRL) to solve the traditional and improved VRPB variants, with an encoder–decoder structured policy network trained to sequentially construct the rou",gnn_rl,2,n/a
e0245309dc495a9765933243093216ef31b52a48,Gase: graph attention sampling with edges fusion for solving vehicle routing problems,2024,Memetic Computing,7,"Learning-based methods have become increasingly popular for solving vehicle routing problems (VRP) due to their near-optimal performance and fast inference speed. Among them, the combination of deep reinforcement learning and graph representation allows for the abstraction of node topology structures and features in an encoder–decoder style. Such an approach makes it possible to solve routing problems end-to-end without needing complicated heuristic operators designed by domain experts. Existing",gnn_rl,2,n/a
d3dc0824016c36a14ae2459a58b30cb3e57ff0d1,Graph Attention Network Enhanced Reinforcement Learning for Collaborative USV Patrolling,2024,2024 IEEE International Conference on Unmanned Systems (ICUS),0,"In addressing the challenge of collaborative patrolling among multiple Unmanned Surface Vehicles (USVs), this study proposes a reinforcement learning-based collaborative patrolling algorithm utilizing information maps. First, the patrolling environment model and unmanned vehicle motion model are established for scenarios involving collaborative patrolling in USV swarm. Second, considering the patrolling history of all vehicles in the swarm, a global information map of the sea area is constructed",gnn_rl,2,n/a
67616c3a13eb2a130b9b064b1f5cac426c5ae23a,Collaborative Deep Reinforcement Learning for Solving Multi-Objective Vehicle Routing Problems,2024,Adaptive Agents and Multi-Agent Systems,10,"Existing deep reinforcement learning (DRL) methods for multi-objective vehicle routing problems (MOVRPs) typically decompose an MOVRP into subproblems with respective preferences and then train policies to solve corresponding subproblems. However, such a paradigm is still less effective in tackling the intricate interactions among subproblems, thus holding back the quality of the Pareto solutions. To counteract this limitation, we introduce a collaborative deep reinforcement learning method. We ",gnn_rl,2,n/a
90a533de07a3e8eb2909e634486a1449559862c9,Solving Integrated Process Planning and Scheduling Problem via Graph Neural Network Based Deep Reinforcement Learning,2024,arXiv.org,7,"The Integrated Process Planning and Scheduling (IPPS) problem combines process route planning and shop scheduling to achieve high efficiency in manufacturing and maximize resource utilization, which is crucial for modern manufacturing systems. Traditional methods using Mixed Integer Linear Programming (MILP) and heuristic algorithms can not well balance solution quality and speed when solving IPPS. In this paper, we propose a novel end-to-end Deep Reinforcement Learning (DRL) method. We model th",gnn_rl,2,n/a
303b415669a630392b35df6b6ad25195dd929d41,Multiobjective Vehicle Routing Optimization With Time Windows: A Hybrid Approach Using Deep Reinforcement Learning and NSGA-II,2024,IEEE transactions on intelligent transportation systems (Print),17,"This paper proposes a weight-aware deep reinforcement learning (WADRL) approach designed to address the multiobjective vehicle routing problem with time windows (MOVRPTW), aiming to use a single deep reinforcement learning (DRL) model to solve the entire multiobjective optimization problem. The Non-dominated sorting genetic algorithm-II (NSGA-II) method is then employed to optimize the outcomes produced by the WADRL, thereby mitigating the limitations of both approaches. Firstly, we design an MO",gnn_rl,2,n/a
b9f0ba17f3f6af1b076413ed8d7a4b7419d4560f,A Flexible Vehicle Routing Reinforcement Learning Environment for the Reusability of Trained Agents,2024,International Conference on Computing: Theory and Applications,0,"Society keeps ever-growing, and new challenges keep arising for the artificial intelligence to solve, fueled by the desire to enable global operations and optimize current deep and machine learning methodologies. One of these disciplines is reinforcement learning, which has not seen much use outside of the context of video games until recent years, where different algorithms have eased it’s transition to more real-world scenarios, such as autonomous systems or self-driving vehicles. For this pap",model_based_rl,2,n/a
7973ac3388f14b3949e9a14796046a0e5929d5d2,Deep Reinforcement Learning for Multi-Truck Vehicle Routing Problems with Multi-Leg Demand Routes,2024,arXiv.org,2,"Deep reinforcement learning (RL) has been shown to be effective in producing approximate solutions to some vehicle routing problems (VRPs), especially when using policies generated by encoder-decoder attention mechanisms. While these techniques have been quite successful for relatively simple problem instances, there are still under-researched and highly complex VRP variants for which no effective RL method has been demonstrated. In this work we focus on one such VRP variant, which contains mult",model_based_rl,2,n/a
cb986c9b3f61ba099c632177eadff39138368f41,Multi-Task Multi-Objective Evolutionary Search Based on Deep Reinforcement Learning for Multi-Objective Vehicle Routing Problems with Time Windows,2024,Symmetry,8,"The vehicle routing problem with time windows (VRPTW) is a widely studied combinatorial optimization problem in supply chains and logistics within the last decade. Recent research has explored the potential of deep reinforcement learning (DRL) as a promising solution for the VRPTW. However, the challenge of addressing the VRPTW with many conflicting objectives (MOVRPTW) still remains for DRL. The MOVRPTW considers five conflicting objectives simultaneously: minimizing the number of vehicles requ",model_based_rl,2,n/a
1c9a0ebc7d4d165ab0898eec1304f16404888e49,A comparison of reinforcement learning policies for dynamic vehicle routing problems with stochastic customer requests,2024,Computers & industrial engineering,13,"This paper presents directions for using reinforcement learning with neural networks for dynamic vehicle routing problems (DVRPs). DVRPs involve sequential decision-making under uncertainty where the expected future consequences are ideally included in current decision-making. A frequently used framework for these problems is approximate dynamic programming (ADP) or reinforcement learning (RL), often in conjunction with a parametric value function approximation (VFA). A straightforward way to us",model_based_rl,2,n/a
aaef5d86cc86ac9651afbb507803ce1b17f60df7,Online intelligent dispatching strategy of housekeeping order based on multi-agent reinforcement learning,2024,ICAIE,0,"With the rise of internet services and higher living standards, online home services are booming. Online housekeeping order dispatch is often modeled as Multi-Depot Vehicle Routing with Time Windows (MDVRPTW), yet existing solutions are mostly offline and lack real-world optimization considerations. This paper formulates the online order-aunt matching problem as a dynamic mixed-integer programming model, incorporating service score, average travel time, and distance per order. It introduces ML2C",model_based_rl,2,n/a
1a74203640ec8957c5b3555dc9915a4ff4a76f6e,Deep reinforcement learning path planning and task allocation for multi-robot collaboration,2024,Alexandria Engineering Journal,35,,constrained_rl,2,n/a
dfe750289e6ae9585981d2d7bea7f58e493fdf56,PyroTrack: Belief-Based Deep Reinforcement Learning Path Planning for Aerial Wildfire Monitoring in Partially Observable Environments,2024,American Control Conference,6,"Motivated by agility, 3D mobility, and low-risk operation compared to human-operated management systems of autonomous unmanned aerial vehicles (UAVs), this work studies UAV-based active wildfire monitoring where a UAV detects fire incidents in remote areas and tracks the fire frontline. A UAV path planning solution is proposed considering realistic wildfire management missions, where a single low-altitude drone with limited power and flight time is available. Noting the limited field of view of ",constrained_rl,2,n/a
52b246303dc2f56012b4eeb42adf5514924ed18a,Deep Reinforcement Learning With Dynamic Graphs for Adaptive Informative Path Planning,2024,IEEE Robotics and Automation Letters,41,"Autonomousrobots are often employed for data collection due to their efficiency and low labour costs. A key task in robotic data acquisition is planning paths through an initially unknown environment to collect observations given platform-specific resource constraints, such as limited battery life. Adaptive online path planning in 3D environments is challenging due to the large set of valid actions and the presence of unknown occlusions. To address these issues, we propose a novel deep reinforce",constrained_rl,2,n/a
fa5a8ecb18a856e96c0c48cef44db8894e76fc17,Dynamic Scene Path Planning of UAVs Based on Deep Reinforcement Learning,2024,Drones,41,"Traditional unmanned aerial vehicle path planning methods focus on addressing planning issues in static scenes, struggle to balance optimality and real-time performance, and are prone to local optima. In this paper, we propose an improved deep reinforcement learning approach for UAV path planning in dynamic scenarios. Firstly, we establish a task scenario including an obstacle assessment model and model the UAV’s path planning problem using the Markov Decision Process. We translate the MDP model",constrained_rl,2,n/a
e67ea19ed6a8f7061e3ff2405bb952ca2754bb8f,Multi-UAV simultaneous target assignment and path planning based on deep reinforcement learning in dynamic multiple obstacles environments,2024,Frontiers Neurorobotics,45,"Target assignment and path planning are crucial for the cooperativity of multiple unmanned aerial vehicles (UAV) systems. However, it is a challenge considering the dynamics of environments and the partial observability of UAVs. In this article, the problem of multi-UAV target assignment and path planning is formulated as a partially observable Markov decision process (POMDP), and a novel deep reinforcement learning (DRL)-based algorithm is proposed to address it. Specifically, a target assignme",constrained_rl,2,n/a
335d84dbe9d7e101648bcb1e3a6f4b0bd45415e8,Deep Reinforcement Learning in Autonomous Car Path Planning and Control: A Survey,2024,arXiv.org,34,"Combining data-driven applications with control systems plays a key role in recent Autonomous Car research. This thesis offers a structured review of the latest literature on Deep Reinforcement Learning (DRL) within the realm of autonomous vehicle Path Planning and Control. It collects a series of DRL methodologies and algorithms and their applications in the field, focusing notably on their roles in trajectory planning and dynamic control. In this review, we delve into the application outcomes ",constrained_rl,2,n/a
c76350dcfe3ba118e92a713ccc74646dacab356a,Deep Reinforcement Learning Assisted UAV Path Planning Relying on Cumulative Reward Mode and Region Segmentation,2024,IEEE Open Journal of Vehicular Technology,29,"In recent years, unmanned aerial vehicles (UAVs) have been considered for many applications, such as disaster prevention and control, logistics and transportation, and wireless communication. Most UAVs need to be manually controlled using remote control, which can be challenging in many environments. Therefore, autonomous UAVs have attracted significant research interest, where most of the existing autonomous navigation algorithms suffer from long computation time and unsatisfactory performance.",constrained_rl,2,n/a
6771cb4ad3863f8dc574c5f57cf902d87a7ee881,Improve exploration in deep reinforcement learning for UAV path planning using state and action entropy,2024,Measurement science and technology,22,"Despite being a widely adopted development framework for unmanned aerial vehicle (UAV), deep reinforcement learning is often considered sample inefficient. Particularly, UAV struggles to fully explore the state and action space in environments with sparse rewards. While some exploration algorithms have been proposed to overcome the challenge of sparse rewards, they are not specifically tailored for UAV platform. Consequently, applying those algorithms to UAV path planning may lead to problems su",constrained_rl,2,n/a
98102a9a5a2ef417661788ef4e8ab566e2075f31,Cooperative Coverage Path Planning for Multi-Mobile Robots Based on Improved K-Means Clustering and Deep Reinforcement Learning,2024,Electronics,20,"With the increasing complexity of patrol tasks, the use of deep reinforcement learning for collaborative coverage path planning (CPP) of multi-mobile robots has become a new hotspot. Taking into account the complexity of environmental factors and operational limitations, such as terrain obstacles and the scope of the task area, in order to complete the CPP task better, this paper proposes an improved K-Means clustering algorithm to divide the multi-robot task area. The improved K-Means clusterin",constrained_rl,2,n/a
f924843a3d603d5eb1405c8a7e465066be800e33,An Improved Deep Reinforcement Learning Algorithm for Path Planning in Unmanned Driving,2024,IEEE Access,16,"In the domain of intelligent transportation systems, the advent of autonomous driving technology represents a critical milestone, profoundly shaping the automotive industry’s evolutionary path. This technology’s core, particularly the algorithms facilitating driverless path planning, has attracted significant scholarly interest. This paper presents an advanced Deep Reinforcement Learning algorithm for Path Planning (DRL-PP), designed to rectify the shortcomings inherent in existing path planning",constrained_rl,2,n/a
aa4a0f40dcd79ec3ce8c385eb69a84e2b90db7b6,Deep Reinforcement Learning With Multicritic TD3 for Decentralized Multirobot Path Planning,2024,IEEE Transactions on Cognitive and Developmental Systems,15,"Centralized multirobot path planning is a prevalent approach involving a global planner computing feasible paths for each robot using shared information. Nonetheless, this approach encounters limitations due to communication constraints and computational complexity. To address these challenges, we introduce a novel decentralized multirobot path planning approach that eliminates the need for sharing the states and intentions of robots. Our approach harnesses deep reinforcement learning and featur",constrained_rl,2,n/a
1cd2c34771ece5c7044043263ed00bec9555f27c,"Recent progress, challenges and future prospects of applied deep reinforcement learning : A practical perspective in path planning",2024,Neurocomputing,100,,constrained_rl,2,n/a
e882105e419cdd6a4ee8787d76e3c92526d6d9bd,Lunar Rover Collaborated Path Planning with Artificial Potential Field-Based Heuristic on Deep Reinforcement Learning,2024,Aerospace,17,"The International Lunar Research Station, to be established around 2030, will equip lunar rovers with robotic arms as constructors. Construction requires lunar soil and lunar rovers, for which rovers must go toward different waypoints without encountering obstacles in a limited time due to the short day, especially near the south pole. Traditional planning methods, such as uploading instructions from the ground, can hardly handle many rovers moving on the moon simultaneously with high efficiency",constrained_rl,2,n/a
1903fb37dc5dc8ed2fe4c8b4d3479d9211b15377,Path planning of autonomous underwater vehicle in unknown environment based on improved deep reinforcement learning,2024,Ocean Engineering,35,,constrained_rl,2,n/a
2524bce92530e7e34911be49b6cc47b9e30b5d4f,Path planning of stratospheric airship in dynamic wind field based on deep reinforcement learning,2024,Aerospace Science and Technology,41,,constrained_rl,2,n/a
b7c7d00b2d3a9492640f6164b81a1a72e85b5981,A path planning method based on deep reinforcement learning for AUV in complex marine environment,2024,Ocean Engineering,36,,constrained_rl,2,n/a
e21063549ba52de13ad91c74f828b69c07e4aad4,Deep reinforcement learning-based path planning method for underwater gliders in unknown 3D marine environment,2024,Ships and Offshore Structures,13,"ABSTRACT Aiming at the problems of low path quality, poor dynamic obstacle avoidance ability, and high energy consumption of underwater glider (UG) path planning in unknown environments, a UG path planning algorithm based on deep reinforcement learning is proposed. First, by modeling the motion characteristics of the UG in 3D space. The currents in the ocean were then analyzed and classified, while modeling for possible obstacles in the water. On this basis, the Markov Decision Process (MDP) of ",constrained_rl,2,n/a
eee5a327e2a039ccc43b6aec54239afb4c3ccd2c,An Algorithm of Complete Coverage Path Planning for Deep‐Sea Mining Vehicle Clusters Based on Reinforcement Learning,2024,Advanced Theory and Simulations,13,"This paper proposes a deep reinforcement learning algorithm to achieve complete coverage path planning for deep‐sea mining vehicle clusters. First, the mining vehicles and the deep‐sea mining environment are modeled. Then, this paper implements a series of algorithm designs and optimizations based on Deep Q Networks (DQN). The map fusion mechanism can integrate the grid matrix data from multiple mining vehicles to get the state matrix of the complete environment. In this paper, a preprocessing m",constrained_rl,2,n/a
dd70142c564f519c5e323e7eb6443f4a580e42e9,The Wide-Area Coverage Path Planning Strategy for Deep-Sea Mining Vehicle Cluster Based on Deep Reinforcement Learning,2024,Journal of Marine Science and Engineering,15,"The path planning strategy of deep-sea mining vehicles is an important factor affecting the efficiency of deep-sea mining missions. However, the current traditional path planning algorithms suffer from hose entanglement problems and small coverage in the path planning of mining vehicle cluster. To improve the security and coverage of deep-sea mining systems, this paper proposes a cluster-coverage path planning strategy based on a traditional algorithm and Deep Q Network (DQN). First, we designed",constrained_rl,2,n/a
7f3b9aeed33048460284331c41f66fc54d63f36a,Research on Path Planning of Agricultural UAV Based on Improved Deep Reinforcement Learning,2024,Agronomy,15,"Traditional manual or semi-mechanized pesticide spraying methods often suffer from issues such as redundant coverage and cumbersome operational steps, which fail to meet current pest and disease control requirements. Therefore, there is an urgent need to develop an efficient pest control technology system. This paper builds upon the Deep Q-Network algorithm by integrating the Bi-directional Long Short-Term Memory structure to propose the BL-DQN algorithm. Based on this, a path planning framework",constrained_rl,2,n/a
a1eb3ede2f331275af7bcb643ff23bc72ad7a965,Manipulation-Compliant Artificial Potential Field and Deep Q-Network: Large Ships Path Planning Based on Deep Reinforcement Learning and Artificial Potential Field,2024,Journal of Marine Science and Engineering,11,"Enhancing the path planning capabilities of ships is crucial for ensuring navigation safety, saving time, and reducing energy consumption in complex maritime environments. Traditional methods, reliant on static algorithms and singular models, are frequently limited by the physical constraints of ships, such as turning radius, and struggle to adapt to the maritime environment’s variability and emergencies. The development of reinforcement learning has introduced new methods and perspectives to pa",constrained_rl,2,n/a
e924b59b86b71cfe41c923aafbc8df87caecd0c7,Integrating deep reinforcement learning and improved artificial potential field method for safe path planning for mobile robots,2024,Robotic Intelligence and Automation,10,"
Purpose
This paper aims to address the safety concerns of path-planning algorithms in dynamic obstacle warehouse environments. It proposes a method that uses improved artificial potential fields (IAPF) as expert knowledge for an improved deep deterministic policy gradient (IDDPG) and designs a hierarchical strategy for robots through obstacle detection methods.


Design/methodology/approach
The IAPF algorithm is used as the expert experience of reinforcement learning (RL) to reduce the useless ",constrained_rl,2,n/a
84d8bf2f2970ea31a92df41f579e8d4d9c40f6fd,A path planning method based on deep reinforcement learning for crowd evacuation,2024,Journal of Ambient Intelligence and Humanized Computing,9,,constrained_rl,2,n/a
5200b905e30e924cb591cab37ba79d5e7742a7e0,Path Planning Algorithms for Mobile Robots Based on Deep Reinforcement Learning,2024,Highlights in Science Engineering and Technology,2,"This paper gives an introduction of path planning algorithms for mobile robots based on deep reinforcement learning (DRL). Firstly, the traditional path planning algorithms are compared with the deep reinforcement learning path planning algorithms. One key advantage of DRL-based algorithms is their ability to meet real-time interactions due to lower calculation requirements. Then, some basic path planning algorithms based on deep learning used in unknown and dynamic environment are introduced. A",constrained_rl,2,n/a
0f06d3c57c7e9041fa3ce79c7ed258fa3ff80d3e,Multi-Objective Dynamic Path Planning with Multi-Agent Deep Reinforcement Learning,2024,Journal of Marine Science and Engineering,8,"Multi-agent reinforcement learning (MARL) is characterized by its simple structure and strong adaptability, which has led to its widespread application in the field of path planning. To address the challenge of optimal path planning for mobile agent clusters in uncertain environments, a multi-objective dynamic path planning model (MODPP) based on multi-agent deep reinforcement learning (MADRL) has been proposed. This model is suitable for complex, unstable task environments characterized by dime",constrained_rl,2,n/a
3aee5ed3cd52240eea6f78848b071cea65ee1f53,A generalisable tool path planning strategy for free-form sheet metal stamping through deep reinforcement and supervised learning,2024,Journal of Intelligent Manufacturing,10,"Due to the high cost of specially customised presses and dies and the advance of machine learning technology, there is some emerging research attempting free-form sheet metal stamping processes which use several common tools to produce products of various shapes. However, tool path planning strategies for the free forming process, such as reinforcement learning technique, derived from previous path planning experience are not generalisable for an arbitrary new sheet metal workpiece. Thus, in thi",constrained_rl,2,n/a
74499cdf96a40bed4321765882e35d73a6270876,Optimization of Spinal Surgery Robot Path Planning Using Deep Reinforcement Learning,2024,"2024 First International Conference on Software, Systems and Information Technology (SSITCON)",2,"In spinal surgery, the accuracy and stability of path planning are critical to the success of the operation. The traditional path planning method relies on preoperative images and doctor’s experience, which has great uncertainty and risk. To solve this problem, we propose a path planning optimization method for spinal surgery robots based on deep reinforcement learning. By combining deep learning and reinforcement learning algorithms, we built an adaptive path planning model capable of automatic",constrained_rl,2,n/a
11ce711c80486cc7bb9ecfca1b1aec0d89d3a25a,Hybrid path planning and following of a quadrotor UAV based on deep reinforcement learning,2024,Chinese Control and Decision Conference,3,"Deep reinforcement learning(DRL)-based path planning algorithms have gained significant attention in recent years due to their end-to-end processing and robustness. Nevertheless, they face challenges in scenarios with long distances and dense obstacles because they only consider local environmental information. This paper presents a hybrid path planning and following approach that combines path planning based on soft actor-critic(SAC) with path following. Initially, a path is generated using the",constrained_rl,2,n/a
66c967c3862475b99bcb9a21df077285385eb4ca,Deep Reinforcement Learning Approach for UAV Search Path Planning In Discrete Time and Space,2024,International Conference on Wireless Communications and Mobile Computing,4,"Path planning for search missions carried out by Unmanned Aerial Vehicles (UAVs) is a challenging problem. This is due to UAV limited energy budget and the importance of time for search operations. The objective of this study is to come up with an approach to minimize the total search time required to locate a specific target. To achieve this, we deployed a deep reinforcement learning (DRL) model based on the Proximal Policy Optimization (PPO) algorithm to solve the combinatorial optimization pr",constrained_rl,2,n/a
7129e1078b22deab962a3ba7b2dcd6ab9c567045,On Hierarchical Path Planning Based on Deep Reinforcement Learning in Off- Road Environments,2024,"International Conference on Automation, Robotics and Applications",6,"The uneven terrains and complex obstacles in off-road environments present significant challenges to the stability and safety of vehicle path planning. In this paper, an improved D* Lite algorithm is employed to generate global waypoints for path planning. The dynamic window approach (DWA) is used for local path planning guided by these waypoints. The selection of DWA parameters is formulated as a Markov decision process (MDP), and a deep reinforcement learning (DRL) algorithm with a novel rewar",constrained_rl,2,n/a
fbd6eef6b6c8bf0c4085256d2bc463163e6810bc,Research on Path Planning Methods of Intelligent Inspection Robots Based on Deep Reinforcement Learning,2024,2024 4th Asia-Pacific Conference on Communications Technology and Computer Science (ACCTCS),1,"The intelligent inspection robot is capable of performing autonomous inspection tasks in complex environments. The robot's path planning is the key issue affecting its performance and efficiency. This paper studies the path planning method of intelligent inspection robots based on deep reinforcement learning. First, it describes and abstracts the inspection environment, then defines the goals and constraints of path planning, and finally introduces the framework and algorithm of deep reinforceme",constrained_rl,2,n/a
64920abaeb21972a31ae1369aa10f00dbda1453c,Deep Reinforcement Learning-Based (DRLB) Optimization for Autonomous Driving Vehicle Path Planning,2024,"International Conference Electronic Systems, Signal Processing and Computing Technologies [ICESC-]",3,"This comprehensive study presents a novel DRLB assisted path planning (PP) algorithm for the autonomous driving (AD) vehicles with the novel designed deep reinforcement learning (DRL). The proposed algorithm addresses the challenges faced by traditional path planning methods, such as large Q-table sizes, high computational complexity, and convergence problems. Unlike conventional approaches that rely on predefined environment maps or potential field methods, the proposed algorithm uses DRL to le",constrained_rl,2,n/a
7420db35a624d833ad610dd854a1da0037938b80,AUV path planning based on improved IFDS and deep reinforcement learning,2024,International Journal of Advanced Robotic Systems,3,"Existing autonomous underwater vehicle (AUV) path planning algorithms are rapidly developing and perform well in solving optimal paths. However, the performance of these algorithms in real environments is significantly worse than that in simulated environments due to the influence of currents in real marine environments. To this end, this paper proposes an algorithm that improves the fusion of perturbed flow field and deep reinforcement learning and adds the influence of random currents to the e",constrained_rl,2,n/a
31f36a747ba615bd8d5c4166fda25150542c3b17,Deep Reinforcement Learning-Based Path Planning for Dynamic and Heterogeneous Environments,2024,2024 Panhellenic Conference on Electronics & Telecommunications (PACET),6,"This study investigates the application of Deep Reinforcement Learning (DRL) algorithms, namely Double Deep Q-Network (DDQN) and Deep Deterministic Policy Gradient (DDPG), in the context of path planning within dynamic and heterogeneous environments. Recognizing the limitations of traditional path planning methods in such complex settings, this research evaluates the suitability of DRL for more adaptable and dynamic navigation solutions. Through extensive simulations, we compare the performance ",constrained_rl,2,n/a
e1637115abaed3e7ec109a93ae203dad2da24b1d,Learn Once Plan Arbitrarily (LOPA): Attention-Enhanced Deep Reinforcement Learning Method for Global Path Planning,2024,arXiv.org,2,"Deep reinforcement learning (DRL) methods have recently shown promise in path planning tasks. However, when dealing with global planning tasks, these methods face serious challenges such as poor convergence and generalization. To this end, we propose an attention-enhanced DRL method called LOPA (Learn Once Plan Arbitrarily) in this paper. Firstly, we analyze the reasons of these problems from the perspective of DRL's observation, revealing that the traditional design causes DRL to be interfered ",constrained_rl,2,n/a
f7f80c35808da7e89c5ebd9f38d8e012dd1f4952,Random Network Distillation Based Deep Reinforcement Learning for AGV Path Planning,2024,2024 IEEE Intelligent Vehicles Symposium (IV),6,"With the flourishing development of intelligent warehousing systems, the technology of Automated Guided Vehicle (AGV) has experienced rapid growth. Within intelligent warehousing environments, AGV is required to safely and rapidly plan an optimal path in complex and dynamic environments. Most research has studied deep reinforcement learning to address this challenge. However, in the environments with sparse extrinsic rewards, these algorithms often converge slowly, learn inefficiently or fail to",constrained_rl,2,n/a
30a936c6bd108214d16dd08a8e78a8b7227d73fd,An Attention-aware Deep Reinforcement Learning Framework for UAV-UGV Collaborative Route Planning,2024,IEEE/RJS International Conference on Intelligent RObots and Systems,10,"Unmanned aerial vehicles (UAVs) possess the capability to survey vast areas, yet their operational range is limited by their battery capacity. Deploying mobile recharging stations via unmanned ground vehicles (UGVs) can significantly enhance the endurance and effectiveness of UAVs. However, optimizing the routes for both UAVs and UGVs, referred to as the UAV-UGV cooperative routing problem, requires a sophisticated planning framework to determine the vehicles’ routes and their recharging points.",constrained_rl,2,n/a
79e1196f8bf414d2d22d4ed53dc1f339bd70211c,RL-Planner: Reinforcement Learning-Enabled Efficient Path Planning in Multi-UAV MEC Systems,2024,IEEE Transactions on Network and Service Management,16,"Mobile edge computing (MEC), located at the network’s edge, enhances distributed computing. However, its fixed position presents limitations during emergencies. Integrating unmanned aerial vehicles (UAVs) into MEC systems offers a solution but introduces challenges in managing UAV collaboration. This paper proposes a Reinforcement Deep Q-Learning based multi-UAV MEC framework to optimize quality of service (QoS) and route planning. The proposed framework addresses these challenges by modeling us",constrained_rl,2,n/a
2713b963741b8482a2bdb0a97f1e4e409c595369,Research on improving visual adaptive route planning of distribution network UAV by using deep learning technology,2024,International Journal of Low-Carbon Technologies,0,"
 The efficiency and safety of distribution network inspections are crucial to maintaining the reliability of electricity supply in various sectors. Traditional manual inspection methods are not only inefficient but also pose risks due to human limitations and environmental factors. This paper proposes a novel approach to enhancing the route planning of Unmanned Aerial Vehicles (UAVs) through Deep Reinforcement Learning, integrated with advanced image processing and control strategies. We employ",constrained_rl,2,n/a
c4ffeba6823657f3fcdde719c54702d06ea5122c,An Improved Ant Colony Algorithm with Deep Reinforcement Learning for the Robust Multiobjective AGV Routing Problem in Assembly Workshops,2024,Applied Sciences,9,"Vehicle routing problems (VRPs) are challenging problems. Many variants of the VRP have been proposed. However, few studies on VRP have combined robustness and just-in-time (JIT) requirements with uncertainty. To solve the problem, this paper proposes the just-in-time-based robust multiobjective vehicle routing problem with time windows (JIT-RMOVRPTW) for the assembly workshop. Based on the conflict between uncertain time and JIT requirements, a JIT strategy was proposed. To measure the robustne",constrained_rl,2,n/a
441116d9a09c9cfa27a0a0d19d46502178340a24,Robust Route Planning under Uncertain Pickup Requests for Last-mile Delivery,2024,The Web Conference,15,"Empowered by the widespread adoption of Internet of Things (IoT) devices and smartphones, last-mile delivery services have evolved to accommodate both delivery and pickup tasks. An essential challenge in last-mile delivery is efficiently planning routes for couriers to handle pre-scheduled delivery requests as well as stochastic pickup requests. Existing work approaches this problem by either adjusting routes on the fly when new requests arise or preplanning routes based on predicted future pick",constrained_rl,2,n/a
8ef4b8da570aaacfa82787c9fd9ccc2f101ef402,AI-Driven Route Planning and Scheduling for Electric School Buses,2024,International Journal of Computing and Engineering,0,"This review paper explores the current state, recent advancements, challenges, and future perspectives of AI-driven approaches for route planning and scheduling of Electric School Buses (ESBs). The integration of artificial intelligence into energy management systems for electric vehicles has gained significant attention, particularly in optimizing school transportation. This study examines various AI techniques, including genetic algorithms, reinforcement learning, and game-theoretic approaches",ev_routing,2,n/a
2a9a6d7127d76bbee3ac0cca792ee505c177cc44,Decentralized Navigation With Heterogeneous Federated Reinforcement Learning for UAV-Enabled Mobile Edge Computing,2024,IEEE Transactions on Mobile Computing,29,"Unmanned Aerial Vehicle (UAV)-enabled mobile edge computing has been proposed as an efficient task-offloading solution for user equipments (UEs). Nevertheless, the presence of heterogeneous UAVs makes centralized navigation policies impractical. Decentralized navigation policies also face significant challenges in knowledge sharing among heterogeneous UAVs. To address this, we present the soft hierarchical deep reinforcement learning network (SHDRLN) and dual-end federated reinforcement learning",recent_2025,2,n/a
c6b6610863cd187238aa395283e6ea7830f3e194,Electric Vehicle Routing for Emergency Power Supply with Deep Reinforcement Learning,2024,Adaptive Agents and Multi-Agent Systems,2,"To maintain telecom services even during power outages, maintaining the power of the base stations is essential. Here, we consider a solution where Electric Vehicles (EVs) go around to directly supply their power to the base stations whose power is continuously decreasing. The goal is to find EV routes that minimize both total travel distance and the number of downed base stations. In this paper, we formulate this routing as a new variant of the Electric Vehicle Routing Problem (EVRP) and propos",recent_2025,2,0
46c63286b7bc474b17c2d83417d3e9873eda97fa,A Reinforcement Learning-assisted Evolutionary Computing Approach to Capacitated Vehicle Routing with Time Windows,2024,GECCO Companion,1,"This study proposes an innovative approach to address the Capacitated Vehicle Routing Problem with Time Windows (CVRPTW) by integrating Reinforcement Learning (RL) into Evolutionary Algorithms (EAs), forming the Reinforcement Learning-assisted EA (RL-EA). While traditional EAs struggle with scalability and convergence speed, RL offers promise in dynamic decision-making. By combining the strengths of both paradigms, RL-EAs aim to enhance the state-of-the-art solutions for CVRPTW. The proposed app",recent_2025,2,n/a
e7211d9bc551894af2e5b86a936026444ea18e0e,Reinforcement Learning-Driven Enhancement of Medical Waste Collection within Capacity-Homogeneous Vehicle Routing,2024,IJCI. International Journal of Computers and Information,4,"Artificial intelligence is increasingly being used in various fields, including the management of hazardous medical waste. Medical waste poses an economic burden and a risk to public health, and it should be disposed of with care, preferably in areas far from residential areas. Data was collected on waste generated by 15 government hospitals in Menoufia Governorate and a single disposal site in Kafr Dawood, along with a central collection point for waste transport vehicles. This study addresses ",recent_2025,2,n/a
415e4be7cb7816b41b613126bc3e27c59c00b1fd,Deep Reinforcement Learning with Detour Estimation for Vehicle Routing Problems,2024,Chinese Control and Decision Conference,0,"For the vehicle routing problem, this paper introduces a baseline function computation approach with “Detour Estimation” in deep reinforcement learning. During the training process, if a truck still has feasible customers to serve every time it prepares to return to the depot, it is considered that the truck has taken a detour, and at this moment, the detour estimation for this partial solution is calculated, referred to as “partial detour estimation.” After completing the service of all custome",recent_2025,2,n/a
3f8e70c76b5c1db330f3745aedf80b6b195a59f2,Graph attention reinforcement learning with flexible matching policies for multi-depot vehicle routing problems,2023,Physica A: Statistical Mechanics and its Applications,27,,gnn_rl,2,n/a
7275e0f368cd021d7ce2051b97d315ed2a1248b0,Coalitional Bargaining via Reinforcement Learning: An Application to Collaborative Vehicle Routing,2023,arXiv.org,5,"Collaborative Vehicle Routing is where delivery companies cooperate by sharing their delivery information and performing delivery requests on behalf of each other. This achieves economies of scale and thus reduces cost, greenhouse gas emissions, and road congestion. But which company should partner with whom, and how much should each company be compensated? Traditional game theoretic solution concepts, such as the Shapley value or nucleolus, are difficult to calculate for the real-world problem ",model_based_rl,2,n/a
82e8fa4b6cec35289c68011138f15ff0164d5b77,Fair collaborative vehicle routing: A deep multi-agent reinforcement learning approach,2023,Transportation Research Part C: Emerging Technologies,25,"Collaborative vehicle routing occurs when carriers collaborate through sharing their transportation requests and performing transportation requests on behalf of each other. This achieves economies of scale, thus reducing cost, greenhouse gas emissions and road congestion. But which carrier should partner with whom, and how much should each carrier be compensated? Traditional game theoretic solution concepts are expensive to calculate as the characteristic function scales exponentially with the n",model_based_rl,2,n/a
7a0ce2441da2c83d1429c97e612d763e2f5ad62c,Enhancing Vehicle Routing Solutions Through Attention-Based Deep Reinforcement Learning,2023,2023 5th International Conference on Data-driven Optimization of Complex Systems (DOCS),1,"In this paper, we explore an attention-based deep reinforcement learning approach for vehicle routing problems. Our method involves iteratively improving initial solutions using an enhanced heuristic algorithm and automatically learning the improved heuristic rules through deep reinforcement learning. Existing attention-based models often treat city nodes merely as input features, overlooking the visitation order and distances between cities. Therefore, in our attention model, we propose a synth",model_based_rl,2,n/a
cc3c62f71f756baf14d0df24aa162fb23a0c0d3b,An Information-Assisted Deep Reinforcement Learning Path Planning Scheme for Dynamic and Unknown Underwater Environment,2023,IEEE Transactions on Neural Networks and Learning Systems,25,"An autonomous underwater vehicle (AUV) has shown impressive potential and promising exploitation prospects in numerous marine missions. Among its various applications, the most essential prerequisite is path planning. Although considerable endeavors have been made, there are several limitations. A complete and realistic ocean simulation environment is critically needed. As most of the existing methods are based on mathematical models, they suffer from a large gap with reality. At the same time, ",constrained_rl,2,n/a
c5933d3a9e3c816a14fd668b1093f47b07cd678d,Learning to Recharge: UAV Coverage Path Planning through Deep Reinforcement Learning,2023,arXiv.org,14,"Coverage path planning (CPP) is a critical problem in robotics, where the goal is to find an efficient path that covers every point in an area of interest. This work addresses the power-constrained CPP problem with recharge for battery-limited unmanned aerial vehicles (UAVs). In this problem, a notable challenge emerges from integrating recharge journeys into the overall coverage strategy, highlighting the intricate task of making strategic, long-term decisions. We propose a novel proximal polic",constrained_rl,2,n/a
a50ff3ba1541a8a4ec3e909d43007aa986d62237,An Adaptive Route Guidance Model Based on Deep Reinforcement Learning,2022,Social Science Research Network,1,,gnn_rl,2,1
95ab1ce8c75785d14b488be981d0d34bd9bd2503,Action Guidance-Based Deep Interactive Reinforcement Learning for AUV Path Planning,2022,"2022 International Conference on Machine Learning, Control, and Robotics (MLCR)",4,"Autonomous underwater vehicle (AUV) is playing an increasingly important role in marine scientific research and resource exploration due to its autonomy and flexibility. As the core technology to improve AUV's autonomy, path planning facilitates AUV to complete its mission safely by avoiding obstacles in the route. In this paper, we proposed an action guidance-based interactive deep deterministic policy gradient (IDDPG) method for AUV path planning. The human trainer can provide a suggested acti",gnn_rl,2,n/a
d953c3772a9b675e777c46955ead67e5a6b92df1,Deep Reinforcement Learning Model for Blood Bank Vehicle Routing Multi-Objective Optimization,2022,Computers Materials & Continua,2,": The overall healthcare system has been prioritized within development top lists worldwide. Since many national populations are aging, combined with the availability of sophisticated medical treatments, healthcare expenditures are rapidly growing. Blood banks are a major component of any healthcare system, which store and provide the blood products needed for organ transplants, emergency medical treatments, and routine surgeries. Timely delivery of blood products is vital, especially in emergen",model_based_rl,2,n/a
1981fdfc760b875512568e2417791ee66f1936b0,Constrained Reinforcement Learning for Vehicle Motion Planning with Topological Reachability Analysis,2022,Robotics,36,"Rule-based traditional motion planning methods usually perform well with prior knowledge of the macro-scale environments but encounter challenges in unknown and uncertain environments. Deep reinforcement learning (DRL) is a solution that can effectively deal with micro-scale unknown and uncertain environments. Nevertheless, DRL is unstable and lacks interpretability. Therefore, it raises a new challenge: how to combine the effectiveness and overcome the drawbacks of the two methods while guarant",constrained_rl,2,n/a
d93a255e9e94d2f718e83600fd20b4e0373be43c,Deep Reinforcement Learning for Trajectory Path Planning and Distributed Inference in Resource-Constrained UAV Swarms,2022,IEEE Internet of Things Journal,54,"The deployment flexibility and maneuverability of unmanned aerial vehicles (UAVs) increased their adoption in various applications, such as wildfire tracking, border monitoring, etc. In many critical applications, UAVs capture images and other sensory data and then send the captured data to remote servers for inference and data processing tasks. However, this approach is not always practical in real-time applications due to the connection instability, limited bandwidth, and end-to-end latency. O",constrained_rl,2,n/a
f094d0b03f004b05b33228f4517ef7eef3bd80a0,Energy-oriented Routing Strategy of Electric Vehicle: An End-to-End Reinforcement Learning Approach,2022,2022 6th CAA International Conference on Vehicular Control and Intelligence (CVCI),3,"Electrification of trucks and vans is an effective way to reduce the cost of last-mile logistics due to their high maneuverability and lowered carbon emissions. However, the limited driving range of electric vehicle (EV) and constrained charging stations bring great challenge to delivery services' routing problem. In this paper, we propose an efficient reinforcement learning based routing method for electric logistic vehicles to reduce the energy consumption while meeting some constraints. First",ev_routing,2,n/a
48c9cbaa50b1dc3bcca69a57019782a0b599bb21,Solve routing problems with a residual edge-graph attention neural network,2021,Neurocomputing,92,"For NP-hard combinatorial optimization problems, it is usually difficult to find high-quality solutions in polynomial time. The design of either an exact algorithm or an approximate algorithm for these problems often requires significantly specialized knowledge. Recently, deep learning methods provide new directions to solve such problems. In this paper, an end-to-end deep reinforcement learning framework is proposed to solve this type of combinatorial optimization problems. This framework can b",gnn_rl,2,n/a
fb3f67467497b354ef07ef51b2715e694db4544a,GRouting: Dynamic Routing for LEO Satellite Networks with Graph-based Deep Reinforcement Learning,2021,2021 4th International Conference on Hot Information-Centric Networking (HotICN),19,"The effective and reliable routing for Low Earth Orbit (LEO) satellite networks is intractable. The existing approaches cannot well handle the time-varying topology, frequent link handover, and imbalanced communication load. To tackle these issues, in this paper, we propose GRouting algorithm combining Graph Neural Networks (GNN) with Deep Reinforcement Learning (DRL) to dynamically find the optimal routing paths for LEO satellite networks. First, GNN is employed to learn the representation of s",gnn_rl,2,n/a
bdf881a1f573ddad4cfb03cf58c8eddf87257683,iADA*-RL: Anytime Graph-Based Path Planning with Deep Reinforcement Learning for an Autonomous UAV,2021,Applied Sciences,56,"Path planning algorithms are of paramount importance in guidance and collision systems to provide trustworthiness and safety for operations of autonomous unmanned aerial vehicles (UAV). Previous works showed different approaches mostly focusing on shortest path discovery without a sufficient consideration on local planning and collision avoidance. In this paper, we propose a hybrid path planning algorithm that uses an anytime graph-based path planning algorithm for global planning and deep reinf",gnn_rl,2,n/a
6652233cc6a6f89eacb13f7a755ea49be5b65fee,Reinforcement Learning With Multiple Relational Attention for Solving Vehicle Routing Problems,2021,IEEE Transactions on Cybernetics,105,"In this article, we study the reinforcement learning (RL) for vehicle routing problems (VRPs). Recent works have shown that attention-based RL models outperform recurrent neural network-based methods on these problems in terms of both effectiveness and efficiency. However, existing RL models simply aggregate node embeddings to generate the context embedding without taking into account the dynamic network structures, making them incapable of modeling the state transition and action selection dyna",gnn_rl,2,n/a
4b41a8ca50e8c558a123b2de530c451c2340a079,Connectivity-Aware 3D UAV Path Design With Deep Reinforcement Learning,2021,IEEE Transactions on Vehicular Technology,75,"In this paper, we study the three-dimensional (3D) path planning problem for cellular-connected unmanned aerial vehicle (UAV) taking into account the impact of 3D antenna radiation patterns. The cellular-connected UAV has a mission to travel from an initial location to a destination. In this process, there is a trade-off between the flight time and the expected communication outages duration, which requires planning a suitable route to avoid the weak coverage region. However, as the existing cel",constrained_rl,2,n/a
e462b40789ef904e5b6d8bc4f3201e6fb93320d9,A Deep Reinforcement Learning Algorithm Using Dynamic Attention Model for Vehicle Routing Problems,2020,International Symposium on Intelligence Computation and Applications,88,"Recent researches show that machine learning has the potential to learn better heuristics than the one designed by human for solving combinatorial optimization problems. The deep neural network is used to characterize the input instance for constructing a feasible solution incrementally. Recently, an attention model is proposed to solve routing problems. In this model, the state of an instance is represented by node features that are fixed over time. However, the fact is, the state of an instanc",model_based_rl,2,n/a
7d0d883c57419164cc5bb29611e381db73aa691e,A Hybrid of Deep Reinforcement Learning and Local Search for the Vehicle Routing Problems,2020,IEEE transactions on intelligent transportation systems (Print),144,"Different variants of the Vehicle Routing Problem (VRP) have been studied for decades. State-of-the-art methods based on local search have been developed for VRPs, while still facing problems of slow running time and poor solution quality in the case of large problem size. To overcome these problems, we first propose a novel deep reinforcement learning (DRL) model, which is composed of an actor, an adaptive critic and a routing simulator. The actor, based on the attention mechanism, is designed ",model_based_rl,2,n/a
0b935eb19a886ae408a35e3572f56b2a36dd0fe4,"PassGoodPool: Joint Passengers and Goods Fleet Management With Reinforcement Learning Aided Pricing, Matching, and Route Planning",2020,IEEE transactions on intelligent transportation systems (Print),29,"The ubiquitous growth of mobility-on-demand services for passenger and goods delivery has brought various challenges and opportunities within the realm of transportation systems. As a result, intelligent transportation systems are being developed to maximize operational profitability, user convenience, and environmental sustainability. The growth of last mile deliveries alongside ridesharing calls for an efficient and cohesive system that transports both passengers and goods. Existing methods ad",constrained_rl,2,n/a
81aaed0630d687c92988b82195a429c899aba075,Path Planning of Multiagent Constrained Formation through Deep Reinforcement Learning,2018,IEEE International Joint Conference on Neural Network,18,"A parallel deep Q-network (DQN) algorithm is presented for solving multiagent constrained formation path planning, where reaching destination, avoiding obstacles, and maintaining formation are simultaneously considered as independent or interactive tasks. Parallel Q-networks are utilized for each agent to sense different feature information and learn independent behavior policy. Comprehensive reward function is designed in consideration of respective requirements and interaction constraints to c",constrained_rl,2,n/a
