title,abstract,authors,year,venue,doi,citationCount,pool,old_include,idx,decision
Real-time deep reinforcement learning based vehicle navigation,"Abstract Traffic congestion has become one of the most serious contemporary city issues as it leads to unnecessary high energy consumption, air pollution and extra traveling time. During the past decade, many optimization algorithms have been designed to achieve the optimal usage of existing roadway capacity in cities to leverage the problem. However, it is still a challenging task for the vehicles to interact with the complex city environment in a real time manner. In this paper, we propose a deep reinforcement learning (DRL) method to build a real-time intelligent vehicle routing and navigation system by formulating the task as a sequence of decisions. In addition, an integrated framework is provided to facilitate the intelligent vehicle navigation research by embedding smart agents into the SUMO simulator. Nine realistic traffic scenarios are simulated to test the proposed navigation method. The experimental results have demonstrated the efficient convergence of the vehicle navigation agents and their effectiveness to make optimal decisions under the volatile traffic conditions. The results also show that the proposed method provides a better navigation solution comparing to the benchmark routing optimization algorithms. The performance has been further validated by using the Wilcoxon test. It is found that the achieved improvement of our proposed method becomes more significant under the maps with more edges (roads) and more complicated traffics comparing to the state-of-the-art navigation methods.",,2020,Applied Soft Computing,,114.0,old,1.0,1,include
A reinforcement learning-based routing algorithm for large street networks,"Abstract Evacuation planning and emergency routing systems are crucial in saving lives during disasters. Traditional emergency routing systems, despite their best efforts, often struggle to accurately capture the dynamic nature of flood conditions, road closures, and other real-time changes inherent in urban disaster logistics. This paper introduces the ReinforceRouting model, a novel approach to optimizing evacuation routes using reinforcement learning (RL). The model incorporates a unique RL environment that considers multiple criteria, such as traffic conditions, hazardous situations, and the availability of safe routes. The RL agent in this model learns optimal actions through interaction with the environment, receiving feedback in the form of rewards or penalties. The ReinforceRouting model excels in executing prompt and accurate route planning on large road networks, outperforming traditional RL algorithms and shortest-path-based algorithms. A higher safety score and episode reward of the model are demonstrated when compared to these classical methods. This innovative approach to disaster evacuation planning offers a promising avenue for enhancing the efficiency, safety, and reliability of emergency responses in dynamic urban environments.",,2023,International Journal of Geographical Information Science,,53.0,old,1.0,4,include
Multi-agent reinforcement learning for Markov routing games: A new modeling paradigm for dynamic traffic assignment,"This paper aims to develop a paradigm that models the learning behavior of intelligent agents (including but not limited to autonomous vehicles, connected and automated vehicles, or human-driven vehicles with intelligent navigation systems where human drivers follow the navigation instructions completely) with a utility-optimizing goal and the system's equilibrating processes in a routing game among atomic selfish agents. Such a paradigm can assist policymakers in devising optimal operational and planning countermeasures under both normal and abnormal circumstances. To this end, we develop a Markov routing game (MRG) in which each agent learns and updates her own en-route path choice policy while interacting with others in transportation networks. To efficiently solve MRG, we formulate it as multi-agent reinforcement learning (MARL) and devise a mean field multi-agent deep Q learning (MF-MA-DQL) approach that captures the competition among agents. The linkage between the classical DUE paradigm and our proposed Markov routing game (MRG) is discussed. We show that the routing behavior of intelligent agents is shown to converge to the classical notion of predictive dynamic user equilibrium (DUE) when traffic environments are simulated using dynamic loading models (DNL). In other words, the MRG depicts DUEs assuming perfect information and deterministic environments propagated by DNL models. Four examples are solved to illustrate the algorithm efficiency and consistency between DUE and the MRG equilibrium, on a simple network without and with spillback, the Ortuzar Willumsen (OW) Network, and a real-world network near Columbia University's campus in Manhattan of New York City.",,2020,Transportation Research Part C: Emerging Technologies,,52.0,old,1.0,5,include
Hierarchical Reinforcement Learning for Dynamic Autonomous Vehicle Navigation at Intelligent Intersections,"Recent years have witnessed the rapid development of the Cooperative Vehicle Infrastructure System (CVIS), where road infrastructures such as traffic lights (TL) and autonomous vehicles (AVs) can share information among each other and work collaboratively to provide safer and more comfortable transportation experience to human beings. While many efforts have been made to develop efficient and sustainable CVIS solutions, existing approaches on urban intersections heavily rely on domain knowledge and physical assumptions, preventing them from being practically applied. To this end, this paper proposes NavTL, a learning-based framework to jointly control traffic signal plans and autonomous vehicle rerouting in mixed traffic scenarios where human-driven vehicles and AVs co-exist. The objective is to improve travel efficiency and reduce total travel time by minimizing congestion at the intersections while guiding AVs to avoid the temporally congested roads. Specifically, we design a graph-enhanced multi-agent decentralized bi-directional hierarchical reinforcement learning framework by regarding TLs as manager agents and AVs as worker agents. At lower temporal resolution timesteps, each manager sets a goal for the workers within its controlled region. Simultaneously, managers learn to take the signal actions based on the observation from the environment as well as an intention information extracted from its workers. At higher temporal resolution timesteps, each worker makes rerouting decisions along its way to the destination based on its observation from the environment, an intention-enhanced manager state representation, and a goal from its present manager. Finally, extensive experiments on one synthetic and two real-world network-level datasets demonstrate the effectiveness of our proposed framework in terms of improving travel efficiency.",,2023,Knowledge Discovery and Data Mining,,32.0,old,1.0,6,include
Urban Traffic Route Guidance Method With High Adaptive Learning Ability Under Diverse Traffic Scenarios,"With the rapid development of urbanization, the problem of urban traffic congestion has become increasingly prominent. Dynamic route guidance promises to improve the capacity of urban traffic management and mitigate traffic congestion in big cities. In the design of simulation-based experiments for most dynamic route guidance methods, the simulation data is generally estimated from a specific traffic scenario in the real-world. However, highly dynamic traffic in the city implies that traffic scenarios in real systems are diverse. Therefore, if a route guidance method cannot adjust its strategy according to the spatial and temporal characteristics of different traffic scenarios, then it cannot guarantee optimal results under all traffic scenarios. Thus, ideal dynamic route guidance methods should have a highly adaptive learning ability under diverse traffic scenarios so as to have extensive improvement capabilities for different traffic scenarios. In this study, an A* trajectory rejection method based on multi-agent reinforcement learning (A*R2) is proposed; the method integrates both system and user perspectives to mitigate traffic congestion and reduce travel time (TT) and travel distance (TD). First, owing to its adaptive learning ability, the A*R2 can comprehensively analyze the traffic conditions for different traffic scenarios and intelligently evaluate the road congestion index from a system perspective. Then, the A*R2 determines the routes for all vehicles from user perspective according to the road network congestion index. An extensive set of simulation experiments reveal that, under various traffic scenarios, the A*R2 can rely on its adaptive learning ability to achieve better traffic efficiency. Moreover, even in cases where many drivers are not fully compliant with the route guidance, the traffic efficiency can still be improved significantly by A*R2.",,2020,IEEE transactions on intelligent transportation systems (Print),,28.0,old,0.0,7,include
Reinforcement Learning for Vehicle Route Optimization in SUMO,"Urban traffic control becomes a major topic for urban development lately as the growing number of vehicles in the transportation network. Recent advances in reinforcement learning methodologies have shown highly potential results in solving complex traffic control problem with multi-dimensional states and actions. It offers an opportunity to build a sustainable and resilient urban transport network for a variety of objects, such as minimizing the fuel consumption or improving the safety of roadway. Inspired by this promising idea, this paper presents an experience how to apply reinforcement learning method to optimize the route of a single vehicle in a network. This experience uses an open-source simulator SUMO to simulate the traffic. It shows promising result in finding the best route and avoiding the congestion path.",,2018,2018 IEEE 20th International Conference on High Performance Computing and Communications; IEEE 16th International Conference on Smart City; IEEE 4th International Conference on Data Science and Systems (HPCC/SmartCity/DSS),,22.0,old,1.0,8,include
Routing Control Optimization for Autonomous Vehicles in Mixed Traffic Flow Based on Deep Reinforcement Learning,"With recent technological advancements, the commercialization of autonomous vehicles (AVs) is expected to be realized soon. However, it is anticipated that a mixed traffic of AVs and human-driven vehicles (HVs) will persist for a considerable period until the Market Penetration Rate reaches 100%. During this phase, AVs and HVs will interact and coexist on the roads. Such an environment can cause unpredictable and dynamic traffic conditions due to HVs, which results in traffic problems including traffic congestion. Therefore, the routes of AVs must be controlled in a mixed traffic environment. This study proposes a multi-objective vehicle routing control method using a deep Q-network to control the driving direction at intersections in a mixed traffic environment. The objective is to distribute the traffic flow and control the routes safely and efficiently to their destination. Simulation results showed that the proposed method outperformed existing methods in terms of the driving distance, time, and waiting time of AVs, particularly in more dynamic traffic environments. Consequently, the traffic became smooth as it moved along optimal routes.",,2024,Applied Sciences,,10.0,old,1.0,9,include
An Adaptive Route Guidance Model Considering the Effect of Traffic Signals Based on Deep Reinforcement Learning,"Navigation or route guidance systems are designed to provide drivers with real-time travel information and the associated recommended routes for their trips. Classical route choice models typically rely on utility theory to represent drivers’ route choice behavior. Such choices, however, may not be optimal from both the individual and the system perspectives. This is simply due to the fact that drivers usually have imperfect knowledge about the time-varying traffic conditions. In this article, we explore and propose a new model-free deep reinforcement learning (DRL) approach to solving the adaptive route guidance problem based on microsimulation. The proposed approach consists of three interconnected algorithms, including a network edge labeling algorithm, a routing plan identification algorithm, and an adaptive route guidance algorithm. Simulation experiments on both a toy network and a real-world network of Suzhou, China, are performed to demonstrate the effectiveness of the proposed approach in terms of guiding a single vehicle as well as multiple vehicles through complex traffic environments. Comparative results confirm that the DRL approach outperforms the traditional shortest path method by further reducing the average travel time in the network.",,2024,IEEE Intelligent Transportation Systems Magazine,,9.0,both,1.0,10,include
Transfer Learning-Based Deep Reinforcement Learning Approach for Robust Route Guidance in Mixed Traffic Environment,"A previously developed Deep Reinforcement Learning-based Vehicle Routing (DRL-VR) algorithm aims to be used for providing the shortest Origin-Destination (OD) travel time path in dynamic traffic environment. However, several issues may still arise regarding uncertainty associated with mixed traffic conditions coexisting Automated Vehicles (AV) and Human-driven Vehicles (HV), particularly in a wide-area urban road network. To develop a robust and interoperable route guidance algorithm based on the DRL approach, this study proposes Transfer learning-based deep reinforcement Learning Algorithm for Route Guidance (TLARG). It is an extended framework on the previous approach by incorporating transfer learning scheme that enables the DRL model of TLARG to converge even in a wide-area urban road network. The TLARG is evaluated in terms of OD travel time based on diverse OD trips with different urban road networks, including narrow- and wide-area road networks. This research conducts several evaluation studies based on microscopic traffic simulation experiments. The simulation result shows that the TLARG enables the agent to complete its OD trips not only with flexible routes but also with reductions in travel time depending on given traffic situations irrespective of network type. Furthermore, it demonstrates that the robustness of the proposed approach by measuring the error of Estimated Time of Arrival (ETA) for various OD trips in different urban road networks under the mixed traffic conditions. Such findings suggest that the TLARG has great potential to enhance the punctuality of mobility service by providing robust route guidance, even in the era of coexisting AVs and HVs.",,2024,IEEE Access,,9.0,old,1.0,11,include
Development of Reinforcement Learning-based Traffic Predictive Route Guidance Algorithm Under Uncertain Traffic Environment,"There have been enormous efforts to develop a novel vehicle routing algorithm to reduce origin-to-destination (OD) travel time. Most of the previous studies have mainly focuses on providing the shortest travel time route based on an estimated traffic information. Few researches have considered the use of predictive information on traffic dynamics to improve the quality of route guidance algorithm. However, there is still uncertainty associated with future traffic condition, particularly in non-recurrent traffic congestion caused by abnormal event. For a reliable navigation service under uncertain traffic conditions, this research develops a reinforcement learning-based traffic predictive vehicle routing (RL-TPVR) algorithm. The proposed algorithm is designed to mitigate the variability of OD travel time by incorporating predictive state representation and prediction reward modeling in the reinforcement learning scheme. The RL-TPVR is evaluated in terms of OD travel time based on various traffic scenarios with different demand patterns. Several numerical studies including a performance gap analysis, case study, and comparative study are conducted using microscopic simulation experiments. The performance gap analysis demonstrates the superiority of the RL-TPVR with respect to traffic uncertainty, particularly in non-recurrent traffic congestion cases. In addition, the case study shows that the RL-TPVR exhibits a flexible and dynamic OD travel route depending on the given traffic situations. Furthermore, the comparative study verifies that the proposed algorithm outperforms other existing algorithms in both recurrent and non-recurrent traffic congestion cases. These findings suggest the RL-TPVR has great potential for providing the shortest travel time route under uncertain traffic conditions.",,2022,IEEE Access,,8.0,old,1.0,12,include
XRouting: Explainable Vehicle Rerouting for Urban Road Congestion Avoidance using Deep Reinforcement Learning,"Rerouting vehicles for urban congestion avoidance is challenging as the decision has to be undertaken promptly with the consideration of traffic condition changes caused by other vehicles' routing plans. Existing solutions such as the on-board navigation systems (e.g., Google Maps) cannot meet these requirements which is prone to trigger the well-known routing oscillation problem. Though deep reinforcement learning (DRL) approaches are able to provide a high-quality solution and satisfy the real-time requirement, not only do they usually suffer the slow and instability issues for convergence, but the input information, like a picture for each time step, is also teeming with redundant information. In this paper, we propose XRouting model that uses policy-based DRL and the revised Gated Transformer (GTr) architecture to accelerate and stabilize the training convergence in solving dynamic routing problems. Our simulation study validates that compared with existing rerouting solutions, XRouting can achieve higher reductions in travel time, fuel consumption, CO2 emission, and the route length. More importantly, XRouting is capable of determining which features are predominant when vehicles conduct rerouting. This explainable ability of our model can further guide human drivers what features to consider when rerouting manually in real life.",,2022,2022 IEEE International Smart Cities Conference (ISC2),,5.0,both,1.0,13,include
RouteRL: Multi-agent reinforcement learning framework for urban route choice with autonomous vehicles,"RouteRL is a novel framework that integrates multi-agent reinforcement learning (MARL) with a microscopic traffic simulation, facilitating the testing and development of efficient route choice strategies for autonomous vehicles (AVs). The proposed framework simulates the daily route choices of driver agents in a city, including two types: human drivers, emulated using behavioral route choice models, and AVs, modeled as MARL agents optimizing their policies for a predefined objective. RouteRL aims to advance research in MARL, transport modeling, and human-AI interaction for transportation applications. This study presents a technical report on RouteRL, outlines its potential research contributions, and showcases its impact via illustrative examples.",,2025,SoftwareX,,5.0,old,0.0,14,include
Congestion-Aware Path Planning With Vehicle-Road Cooperation in AIoV,"With the gradually integration of Internet of Vehicles (IoV) and artificial intelligence (AI), artificial intelligence of vehicles (AIoV) is emerging as a novel paradigm with advanced capability for information gathering and decision-making. Leveraging massive traffic information facilitated by vehicle-road coordination in AIoV, path planning has the potential to effectively mitigate existing traffic problems, such as road congestion, improving traffic performance. However, the dynamic nature of traffic flow and the complexity of road networks increase the difficulty of path planning, posing a serious threat to road safety. In response to this challenge, a reinforcement learning based path planning scheme with traffic flow prediction, named RPFP, is proposed. RPFP consists of two fundamental components: 1) precise traffic flow prediction and 2) intelligent path planning. Specifically, the temporal convolutional network (TCN) is innovatively integrated into the spatiotemporal graph neural network (STGNN), providing accurate traffic flow prediction by comprehensively capturing spatial and temporal patterns. Informed by predicted traffic congestion, a path planning method utilizing dueling double deep q-network (D3QN) algorithm is employed to navigate within complex road networks. Eventually, RPFP was evaluated for its effectiveness through comprehensive experiments conducted on real traffic data sets. The superiority of RPFP was further substantiated via comparisons with multiple baseline schemes.",,2024,IEEE Internet of Things Journal,,4.0,both,0.0,15,include
Reinforcement learning of route choice considering traveler¡¯s preference,"ABSTRACT Travelers always perform some preference during the decision-making process. The preference will affect the decision results and can be improved by continuously learning. In order to understand the influence of individual preference on travel behavior choice , two individual preferences, including indifference preference and compulsive preference are considered in the paper. Two updating mechanisms of compulsive preference are proposed to obtain the choosing probability of all alternatives. Reinforcement learning models are established integrating the gain stimulating and loss stimulating considering expected utility. Nguyen Dupuis network is adopted for numerical simulation to study the updating process. Simulation results denote that the equilibrium state is much more efficient when preference learning mechanism is considered comparing with the traditional stochastic user equilibrium model, and can decrease the total travel time greatly, which can be applied for urban traffic management. Personalized traffic guidance is the effective solution to traffic congestion in the future",,2023,Transportation letters,,4.0,old,0.0,16,include
Reinforcement Learning Method with Dynamic Learning Rate for Real-Time Route Guidance Based on SUMO,"The increasing number of vehicles and dynamic changes in traffic situations make real-time route planning strongly necessary. The route-guiding method is supposed to cope with dynamic traffic situations. In addition, the ability to adapt to the second fastest route is very important when traffic congestion suddenly occurs on the fastest path. This paper proposes a method of using reinforcement learning to solve dynamic route planning problems, and the adaptation from a static learning rate to a dynamic learning rate enhances the capability to deal with emergent congestion. Meanwhile, the waiting time before each traffic light also is considered as a reward factor in the proposed algorithm. Contrast experiments have been conducted on the simulation network by SUMO, which has demonstrated well that our proposed method has better performance than other methods.",,2022,"International Conference on Control, Automation, Robotics and Vision",,3.0,old,1.0,17,include
Model-Based Deep Reinforcement Learning for Energy Efficient Routing of a Connected and Automated Vehicle,"The emergence of connected and automated vehicles (CAVs) offers promising opportunities to enhance traffic control and improve overall transportation system performance. However, the complexity and dynamic nature of modern traffic networks pose significant challenges for traditional routing methods. To achieve optimal vehicle routing and support sustainable mobility, more adaptive and intelligent strategies are needed. Among recent advancements, model-based deep reinforcement learning has shown exceptional potential in solving complex decision-making problems across various domains. Leveraging this capability, the present study applies a model-based deep reinforcement learning approach to address the energy-efficient routing problem in a simulated CAV environment. The routes recommended by the algorithm are compared to the shortest route calculated by traffic simulation software. The simulation results show a significant improvement in energy efficiency when the vehicle follows the routes suggested by the learning algorithm, even when the vehicle is subjected to new traffic scenarios. In addition, a comparison of the model-based agent with a conventional model-free reinforcement learning agent across varied traffic conditions demonstrates the robustness of the model-based algorithm. This work represents the first application of a model-based deep reinforcement learning algorithm to the energy-efficient routing problem for CAVs. This work also showcases a novel application of the foundational algorithm AlphaGo Zero.",,2025,Sustainability,,2.0,old,0.0,18,include
Reinforcement Learning-based Sequential Route Recommendation for System-Optimal Traffic Assignment,"Modern navigation systems and shared mobility platforms increasingly rely on personalized route recommendations to improve individual travel experience and operational efficiency. However, a key question remains: can such sequential, personalized routing decisions collectively lead to system-optimal (SO) traffic assignment? This paper addresses this question by proposing a learning-based framework that reformulates the static SO traffic assignment problem as a single-agent deep reinforcement learning (RL) task. A central agent sequentially recommends routes to travelers as origin-destination (OD) demands arrive, to minimize total system travel time. To enhance learning efficiency and solution quality, we develop an MSA-guided deep Q-learning algorithm that integrates the iterative structure of traditional traffic assignment methods into the RL training process. The proposed approach is evaluated on both the Braess and Ortuzar-Willumsen (OW) networks. Results show that the RL agent converges to the theoretical SO solution in the Braess network and achieves only a 0.35% deviation in the OW network. Further ablation studies demonstrate that the route action set's design significantly impacts convergence speed and final performance, with SO-informed route sets leading to faster learning and better outcomes. This work provides a theoretically grounded and practically relevant approach to bridging individual routing behavior with system-level efficiency through learning-based sequential assignment.",,2025,arXiv.org,,2.0,both,0.0,19,include
Joint Optimization of Traffic Signal Control and Vehicle Routing in Signalized Road Networks using Multi-Agent Deep Reinforcement Learning,"Urban traffic congestion is a critical predicament that plagues modern road networks. To alleviate this issue and enhance traffic efficiency, traffic signal control and vehicle routing have proven to be effective measures. In this paper, we propose a joint optimization approach for traffic signal control and vehicle routing in signalized road networks. The objective is to enhance network performance by simultaneously controlling signal timings and route choices using Multi-Agent Deep Reinforcement Learning (MADRL). Signal control agents (SAs) are employed to establish signal timings at intersections, whereas vehicle routing agents (RAs) are responsible for selecting vehicle routes. By establishing relevance between agents and enabling them to share observations and rewards, interaction and cooperation among agents are fostered, which enhances individual training. The Multi-Agent Advantage Actor-Critic algorithm is used to handle multi-agent environments, and Deep Neural Network (DNN) structures are designed to facilitate the algorithm's convergence. Notably, our work is the first to utilize MADRL in determining the optimal joint policy for signal control and vehicle routing. Numerical experiments conducted on the modified Sioux network demonstrate that our integration of signal control and vehicle routing outperforms controlling signal timings or vehicles' routes alone in enhancing traffic efficiency.",,2023,arXiv.org,,2.0,old,0.0,20,include
Dynamic Route Guidance System Based on Real-time Vehicle-Road Collaborations with Deep Reinforcement Learning,"To address the potential traffic congestion in urban transportation systems, an intelligent dynamic Route Guidance System (RGS) is proposed, which calculates the road weights with real-time traffic flow predictions using the reinforcement learning method. Additionally, a training strategy is proposed for the Road Agents (RAs), which optimizes RA through interaction with the traffic environment. The effectiveness of the proposed method is verified through simulation on the Urban Mobility Simulation (SUMO) platform, and it is shown that the proposed method performs well in complex and changing urban traffic environments with different driver participation rates. Therefore, it provides a feasible solution to the congestion problem and will push forward the development of intelligent transportation systems.",,2023,IEEE Vehicular Technology Conference,,1.0,both,0.0,21,include
Deep Reinforcement Learning for Vehicle Swarm Navigation and Urban Traffic Optimization,"Traffic congestion has become a prevalent phenomenon on urban roads, leading to significant challenges, including economic losses due to travel delays, increased fuel consumption, and air pollution from vehicle emissions. As it is impractical to extensively improve city road networks, vehicle routing optimization has emerged as a viable solution for alleviating congestion. However, traditional algorithms cannot effectively process information for complex and changeable traffic environments. By contrast, deep reinforcement learning (DRL) is a powerful approach for solving navigation problems. Rather than creating smart vehicles, we propose a navigation model to guide all vehicles. The model employs a graph neural network to effectively capture dynamic traffic flow patterns. We utilize the simulation of urban mobility to generate a large quantity of traffic data for use as reinforcement learning samples. We propose a parallel simulation training strategy to accelerate DRL convergence. We verify the effectiveness of our model by performing simulations on a simplified road network and a real‐life road network under multiple traffic scenarios and compare the results to those obtained using traditional methods and dynamic user equilibrium (DUE). The experimental results demonstrate that the proposed model reduces average travel time by up to 7.54% and the number of halting vehicles by up to 14.35% compared to traditional methods in high‐congestion scenarios, maintaining stability across various traffic conditions. The overall performance of the proposed method is comparable to that of DUE, indicating that traffic flow patterns mined through the deep network can be used to effectively deduce the optimal vehicle route without performing the iterations required for DUE. In general, the proposed approach has the capability to accommodate dynamic and complex traffic information, considerably mitigating traffic congestion.",,2025,Transactions on Emerging Telecommunications Technologies,,1.0,old,0.0,22,include
Population Game-Assisted Multi-Agent Reinforcement Learning Method for Dynamic Multi-Vehicle Route Selection,"To address urban traffic congestion, researchers have made various efforts to mitigate issues such as prolonged travel time, fuel wastage, and pollutant emissions. These efforts primarily involve microscopic route selection from the vehicle perspective, multi-vehicle route optimization based on traffic flow information and historical data, and coordinated route optimization that models vehicle interaction as a game behavior. However, existing route selection algorithms suffer from limitations such as a lack of heuristic, low dynamicity, lengthy learning cycles, and vulnerability to multi-vehicle route conflicts. To further alleviate traffic congestion, this paper presents a Period-Stage-Round Route Selection Model (PSRRSM), which utilizes a population game between vehicles at each intersection to solve the Nash equilibrium. Additionally, a Period Learning Algorithm for Route Selection (PLA-RS) is proposed, which is based on a multi-agent deep deterministic policy gradient. The algorithm allows the agents to learn from the population game and eventually transition into autonomous learning, adapting to different decision-making roles in different periods. The PSRRSM is experimentally validated using the traffic simulation platform SUMO (Simulation of Urban Mobility) in both artificial and real road networks. The experimental results demonstrate that PSRRSM outperforms several comparative algorithms in terms of network throughput and average travel cost. This is achieved through the coordination of multi vehicle route optimization, facilitated by inter-vehicle population games and communication among road agents during training, enabling the vehicle strategies to reach a Nash equilibrium.",,2024,Electronics,,0.0,old,0.0,24,include
Modeling of route planning system based on Q value-based dynamic programming with multi-agent reinforcement learning algorithms,,,2014,Engineering applications of artificial intelligence,,91.0,old,0.0,25,include
Individual versus Difference Rewards on Reinforcement Learning for Route Choice,,,2014,Brazilian Conference on Intelligent Systems,,24.0,old,0.0,26,include
Route guidance system using multi-agent reinforcement learning,,,2011,International Conference on Information Technology in Asia,,12.0,old,1.0,27,include
Network-aware multi-agent reinforcement learning for the vehicle navigation problem,"Traffic congestion is characterized by longer trip times, and increased air pollution. In a static road network, the travel time to a destination is constant and can be computed using the shortest path first algorithm (SPF). However, road network conditions are dynamic, rendering the SPF to perform sub-optimally at times. In addition, in a realistic multiple-vehicle scenario, the SPF routing algorithm can cause congestion by routing all vehicles through the same shortest path. In this paper, we propose a network-aware multi-agent reinforcement learning model for addressing this problem. Our key idea is to assign an RL agent to intersections. Each RL agent operates as a router agent and is responsible for providing routing instructions to approaching vehicles. When a vehicle reaches an intersection, it submits a routing query to the RL agent consisting of its final destination. The RL agent generates a routing response based on (i) the destination, (ii) the current state of the road network, and (iii) routing policies learned by cooperating with other neighboring RL agents. Our experimental evaluation shows that the proposed MARL model outperforms the SPF algorithm by (up to) 20.2% in average travel time.",,2022,SIGSPATIAL/GIS,,10.0,old,0.0,29,include
Navigating the non-compliance effects on system optimal route guidance using reinforcement learning,"We consider a scenario where the transportation management center (TMC) guides future autonomous vehicles (AVs) toward optimal routes, aiming to bring the network in line with the system optimal (SO) principle. However, achieving this requires a joint decision-making process, while users may be non-compliant with the TMC’s route guidance for personal gain. This paper models a future transportation network with a microscopic simulation, to introduce a novel concept of mixed equilibrium. In this framework, AVs follow the TMC’s SO route guidance, while users can dynamically choose to either comply or manually override this autonomy based on their own judgment. We initially model a fully compliant scenario, where the centralized Q-network, analogous to a TMC, is trained using reinforcement learning (RL) to minimize total system travel time (TSTT), providing optimal routes to users. Subsequently, we extend the problem setting to a multi-agent reinforcement learning (MARL) scenario, where users can comply or deviate from the TMC’s guidance based on their own decision-making. Through neural fictitious self-play (NFSP), we employ a modulating hyperparameter to investigate the impact of varying degrees of non-compliance on the overall system. Results indicate that our RL approach holds significant potential for addressing the dynamic system optimal assignment problem. Remarkably, the TMC’s route guidance retains the essence of SO while integrating some level of non-compliance. However, we also demonstrate that dominant user-centric decision-making may lead to system inefficiencies while creating disparities among users. Our framework serves as an innovative tool in an AV-dominant future, offering a realistic perspective on network performance that aids in formulating effective traffic management strategies.",,2024,Transportation Research Part C: Emerging Technologies,,9.0,old,1.0,31,include
Reinforcement learning-based route planning method for connected vehicles considering real-time road traffic information,"The economy, environment, and resident travel are significantly impacted by traffic congestion, which is a prevalent issue in urban traffic systems. Route planning is considered an effective method to address traffic congestion and enhance travel efficiency. Existing route planning methods have overlooked the impact of real-time traffic information on the timeliness of optimal routes. In this paper, an improved bureau of public roads-Q learning (IBPR-QL) control model considering real-time road traffic information is proposed for route planning of connected vehicles in cooperative vehicle-road scenarios. Firstly, the improved bureau of public roads (IBPR) function is enhanced through the utilization of speed state staging methodology, enabling adaptive adjustment of road priorities across different speed scenarios. Secondly, the IBPR function is incorporated into the Q-learning (QL) action value evaluation process to enhance model learning efficiency. Thirdly, predictive travel coefficient is proposed to mitigate congestion drift-induced oscillation phenomenon in road networks and enhance overall travel efficiency. Finally, road network datasets from four economically developed cities in China are utilized to construct a simulated road scene. The simulation results indicate that, compared to the classical QL method, IBPR-QL has a wider range of applicability across scenarios, effectively reducing travel time by 7.96%. In terms of alleviating the impact of congestion drift, the overall road network efficiency can be improved by 9.35%.",,2024,"Proceedings of the Institution of mechanical engineers. Part D, journal of automobile engineering",,1.0,old,0.0,34,include
Optimization Method of DRL-based Route Planning under Limited Resources,"The performance of the route planning module is affected by the on-board computing and storage capabilities, which are growing rapidly but are still limited by the enormous scale of sensed data that need to be stored and processed. So, aiming at the problems of resource-limited deep reinforcement learning-based route planning methods, this paper proposes an optimization method to improve computational effectiveness by using Attention Mechanism and reduce data storage by using improved Double-DQN. The results show that the proposed method enables the planning model to focus on valid sensed information and ignore irrelevant information, as well as effectively reduce the amount of vehicle agent’s experience data storage during environment exploration.",,2023,2023 3rd International Conference on Electronic Information Engineering and Computer (EIECT),,0.0,both,1.0,35,include
Vehicle-Road Collaborative Path Planning Based on $\mathbf{A}^{\ast}$ -assisted Deep Reinforcement Learning,"Traffic congestion is a serious problem that needs to be solved in the development of intelligent transportation, and global path planning is an effective way, especially with the collaborative optimization on various traffic participants. In this paper, we formulate the vehicle global path planning as a Markov decision problem, and propose an $\mathbf{A}^{\ast}$ -assisted deep reinforcement learning algorithm to achieve path optimization in complex environment by maximizing the total rewards. Compared with the existing ones in the literature, the proposed method can not only filter and extract unobvious features from multidimensional observations, but also make dynamic decisions in complex environment. To verify the effectiveness of our algorithm, we design experiments on the Simulation of Urban MObility (SUMO) platform. It is shown that the proposed algorithm converges faster and can deal with the changing and complex environment more effectively, which provides a practical solution to the problem of urban traffic congestion.",,2022,2022 IEEE 25th International Conference on Intelligent Transportation Systems (ITSC),,0.0,both,1.0,36,include
A Deep Reinforcement Learning Approach for Route Planning of Autonomous Vehicles*,"Urban autonomous driving has the potential to enhance both safety and efficiency of transportation in environments also in complex traffic conditions. However, new services and approaches are necessary to manage Autonomous Vehicles in the real traffic. This paper introduces a novel approach to optimize routing in the urban settings by Deep Reinforcement Learning (DRL) techniques. A modular DRL architecture is proposed to obtain a route able to minimize the length of the paths, minimize the number of turns during the travel and select the dedicated lanes. The proposed DRL is implemented on a case study where the agents are trained in a simulation environment for the city center of Bari, a town of Southern Italy.",,2024,"IEEE International Conference on Systems, Man and Cybernetics",,9.0,both,1.0,37,include
Dynamic urban traffic rerouting with fog?cloud reinforcement learning,"Dynamic rerouting has been touted as a solution for urban traffic congestion. However, its implementation is stymied by the complexity of urban traffic. To address this, recent studies suggest the efficacy of novel technologies like fog computing and deep reinforcement learning. However, there exist significant challenges in this regard: (1) sorting massive amounts of data associated with large urban networks, (2) large action space that hinders learning efficiency, (3) impairment of rerouting efficacy due to overreliance on regional/local information, and (4) the issue of congestion shifting. To overcome these challenges, this paper presents a novel two‐step approach that integrates graph attention Q network (GAQ) with entropy‐balanced k shortest path (EBkSP) via fog‐cloud information framework to carry out vehicle rerouting in dynamic traffic environments typical of large cities. The first challenge is addressed by GAQ that uses attention mechanism to evaluate traffic and assign region indices based on the relative importance of information. The second challenge is addressed using fog nodes that reduce the action space, and the third is addressed using fog computing combined with cloud computing to facilitate the computation of global optimal information in a centralized planning decentralized execution pattern. The fourth challenge is addressed using EBkSP, which identifies vehicle optimal routes based on route popularity and vehicle priority. After conducting a numerical experiment involving two other cutting‐edge vehicle rerouting models as baselines, it was established that the proposed model delivers results that are 14%–54% superior from perspectives of the mean travel speed and congestion. The superior efficacy of the proposed learning‐based (compared to rule‐based) models is pronounced when rerouting ratios are low. As the rerouting ratio increases, both the learning‐based and rule‐based model outcomes exhibit reduced likelihoods of severe congestion. However, the learning‐based model consistently outperforms the rule‐based model across all scenarios. The proposed model can effectively reroute vehicles under different situations of rerouting ratio and total count of vehicles and can help improve traffic mobility and reduce congestion in urban areas. It can be implemented easily by urban road agencies.",,2023,Comput. Aided Civ. Infrastructure Eng.,,19.0,old,0.0,38,include
A Deep Reinforcement Learning Framework for Real-Time Vehicle Routing with Dynamic Traffic Conditions,"Urban route planning is a critical challenge for Autonomous Vehicles (AVs) due to the high variability of traffic conditions and the topological complexity of road networks. Traditional routing systems often rely on static maps or algorithms that do not account for the temporal evolution of traffic, resulting in suboptimal solutions in real-world scenarios. This work proposes a Deep Reinforcement Learning (DRL) based framework for optimal path generation in realistic urban environments, leveraging historical traffic data provided by TomTom APIs. The road network of the city of Bari is used as a case study, and traffic conditions are modeled across three distinct time slots to capture typical daily traffic fluctuations. The routing problem is formally modeled as a Markov Decision Process, where the agent interacts with a dynamic environment and learns a policy that minimizes travel time and avoids congestion. The agent is trained using the Proximal Policy Optimization algorithm, a state-of-the-art actor-critic method that ensures stable learning in complex environments. The simulation environment is built using Simulation of Urban MObility, with traffic flows generated coherently with the data collected from TomTom. Experimental results show that the agent trained with time-dependent traffic information outperforms static-data-based strategies, demonstrating the effectiveness of the proposed approach for intelligent and adaptive transportation systems.",,2025,2025 IEEE International Conference on Recent Advances in Systems Science and Engineering (RASSE),,0.0,both,1.0,39,include
Adaptive Reinforcement Learning Framework for Environmentally Sustainable Route Optimization,"In the era of rapid urbanization and environmental challenges, achieving sustainable transportation solutions has become a critical focus for researchers and policymakers. This paper proposes an adaptive reinforcement learning frame-work for environmentally sustainable route optimization utilizing the Proximal Policy Optimization (PPO) approach. The proposed framework integrates live traffic updates, road-conditions, weather information and emissions metrics to dynamically adjust routes, minimizing travel time and environmental impact. A reward function is designed to prioritize emission reduction, fuel efficiency, and travel time, with adaptive weights that shift based on changing environmental priorities. Extensive evaluations are conducted, comparing the proposed PPO-based framework with existing methods such as Deep Q-Networks (DQN), Genetic Algorithm, A*, and Hybrid RL-Metaheuristics. The results demonstrate significant improvements in fuel efficiency (35.2%), emission reduction (40.8%), and travel time reduction (30.5%) compared to other methods. The framework's adaptability and real-time decision-making capabilities make it highly suitable for large-scale, dynamic transportation networks. This study highlights the potential of reinforcement learning in transforming route optimization into a sustainable and data-driven process, offering a scalable solution for smart cities and future mobility systems.",,2025,International Conference Intelligent Data Communication Technologies and Internet Things,,1.0,old,1.0,40,include
Deep Q-Learning-based Route Optimization for Traffic Network,"This paper presents a Deep Q-Learning (DQL) approach to enhance traffic rerouting in urban vehicular networks. The objective is to develop a dynamic route planning system that adapts to real-time traffic conditions using AI-based decision-making. Traffic congestion in Malaysia cities highlights the limitations of static route planning that lacks responsiveness to fluctuating travel demand and localized congestion. This study addresses the need for intelligent rerouting by manipulating learning-based models while controlling key traffic variables such as speed, acceleration, vehicle position, and travel time. The aim is to develop and evaluate an intelligent rerouting system that is capable of minimizing traffic delays and improving vehicular flow efficiency. This is achieved by integrating Simulation of Urban Mobility (SUMO) with MATLAB via Python Traffic Control Interface (TraCI) and User Datagram Protocol (UDP) sockets that enable real-time monitoring and data exchange. A deep Q-Learning agent was trained to make rerouting decisions based on live vehicle state inputs and traffic conditions, then the agent’s reward function was designed to reduce congestion. Quantitative evaluations show that DQL-based rerouting achieves 22% reduction in average travel time compared to conventional shortest-path routing. The proposed method demonstrates the potential of Deep Reinforcement Learning to solve complex travel problems. This work contributes toward intelligent transportation systems in smart cities which enable adaptive and scalable traffic control framework.",,2025,International Conference on Artificial Intelligence in Engineering and Technology,,0.0,old,0.0,41,include
Urban Multiple Route Planning Model Using Dynamic Programming in Reinforcement Learning,"With the development of the economy and the acceleration of urbanization, traffic congestion has become a worldwide problem. Advances in mobile Internet and sensor technologies have increased real-time data sharing, providing a new opportunity for urban route planning. However, due to the difficulty of handling complex global information, making correct decisions in large-scale and complex traffic environments is a problem that urgently needs to be solved. In this paper, a multiple route planning model (multi-route dynamic programming (DP) model) is proposed to solve the urban route planning problem with traffic flow information. In particular, we adopt the DP algorithm in this model, design a reward function suitable for urban path planning problems, and generate multiple routes based on the Q values. In addition, we design different scenarios using real-world road networks to test our model. Through the experiments, we demonstrate that our model has the potential to yield optimal results under large-scale scenarios with high efficiency. The advantages of integrating the distance contribution index (DCI) in the reward function are also elaborated. Moreover, our model can provide alternative routes to divert traffic from the optimal route, thus mitigating the congestion drift problem.",,2021,IEEE transactions on intelligent transportation systems (Print),,39.0,old,0.0,42,include
GAQ-EBkSP: A DRL-based Urban Traffic Dynamic Rerouting Framework using Fog-Cloud Architecture,"Dynamic rerouting framework can improve urban traffic management by mitigating urban traffic congestion. Emerging technologies such as fog-computing offers low-latency capabilities and facilitates the information exchange between the vehicles and infrastructure systems, and this fosters dynamic rerouting efficiency. In this study, a 2 stage-method combining GAQ (Graph Attention Network- Deep Q Learning) and EBkSP (Entropy Based $k$ Shortest Path) is proposed using a fog-cloud architecture to reroute the vehicles in a dynamic urban environment to achieve improved travel efficiency. First, GAQ analyzes the traffic conditions on each road and for each fog area and assigns a road index based on the information attention from both local and neighboring areas. Second, the route for each vehicle is assigned using EBkSP based on the vehicle priority and route popularity. The results demonstrate attainment of higher speed and lower total travel time for each vehicle in the network, thereby indicating the efficacy of the proposed framework in dynamic rerouting.",,2021,2021 IEEE International Smart Cities Conference (ISC2),,15.0,both,1.0,44,include
Providing real-time en-route suggestions to CAVs for congestion mitigation: A two-way deep reinforcement learning approach,"This research investigates the effectiveness of information provision for congestion reduction in Connected Autonomous Vehicle (CAV) systems. The inherent advantages of CAVs, such as vehicle-to-everything communication, advanced vehicle autonomy, and reduced human involvement, make them conducive to achieving Correlated Equilibrium (CE). Leveraging these advantages, this research proposes a reinforcement learning framework involving CAVs and an information provider, where CAVs conduct real-time learning to minimize their individual travel time, while the information provider offers real-time route suggestions aiming to minimize the system’s total travel time. The en-route routing problem of the CAVs is formulated as a Markov game and the information provision problem is formulated as a single-agent Markov decision process. Then, this research develops a customized two-way deep reinforcement learning approach to solve the interrelated problems, accounting for their unique characteristics. More-over, CE has been formulated within the proposed framework. Theoretical analysis rigorously proves the realization of CE and that the proposed framework can effectively mitigate congestion without compromising individual user optimality. Numerical results demonstrate the effectiveness of this approach. Our research contributes to the advancement of congestion reduction strategies in CAV systems with the mitigation of the conflict between system-level and individual-level goals using CE as a theoretical foundation. The results highlight the potential of information provision in fostering coordination and correlation among CAVs, thereby enhancing traffic efficiency and achieving system-level goals in smart transportation.",,2024,Transportation Research Part B: Methodological,,3.0,old,0.0,45,include
Real-time system optimal traffic routing under uncertainties - Can physics models boost reinforcement learning?,"System optimal traffic routing can mitigate congestion by assigning routes for a portion of vehicles so that the total travel time of all vehicles in the transportation system can be reduced. However, achieving real-time optimal routing poses challenges due to uncertain demands and unknown system dynamics, particularly in expansive transportation networks. While physics model-based methods are sensitive to uncertainties and model mismatches, model-free reinforcement learning struggles with learning inefficiencies and interpretability issues. Our paper presents TransRL, a novel algorithm that integrates reinforcement learning with physics models for enhanced performance, reliability, and interpretability. TransRL begins by establishing a deterministic policy grounded in physics models, from which it learns from and is guided by a differentiable and stochastic teacher policy. During training, TransRL aims to maximize cumulative rewards while minimizing the Kullback Leibler (KL) divergence between the current policy and the teacher policy. This approach enables TransRL to simultaneously leverage interactions with the environment and insights from physics models. We conduct experiments on three transportation networks with up to hundreds of links. The results demonstrate TransRL's superiority over traffic model-based methods for being adaptive and learning from the actual network data. By leveraging the information from physics models, TransRL consistently outperforms state-of-the-art reinforcement learning algorithms such as proximal policy optimization (PPO) and soft actor critic (SAC). Moreover, TransRL's actions exhibit higher reliability and interpretability compared to baseline reinforcement learning approaches like PPO and SAC.",,2024,Transportation Research Part C: Emerging Technologies,,13.0,old,0.0,46,include
Network-Constrained Policy Optimization for Adaptive Multi-agent Vehicle Routing,"Traffic congestion in urban road networks leads to longer trip times and higher emissions, especially during peak periods. While the Shortest Path First (SPF) algorithm is optimal for a single vehicle in a static network, it performs poorly in dynamic, multi-vehicle settings, often worsening congestion by routing all vehicles along identical paths. We address dynamic vehicle routing through a multi-agent reinforcement learning (MARL) framework for coordinated, network-aware fleet navigation. We first propose Adaptive Navigation (AN), a decentralized MARL model where each intersection agent provides routing guidance based on (i) local traffic and (ii) neighborhood state modeled using Graph Attention Networks (GAT). To improve scalability in large networks, we further propose Hierarchical Hub-based Adaptive Navigation (HHAN), an extension of AN that assigns agents only to key intersections (hubs). Vehicles are routed hub-to-hub under agent control, while SPF handles micro-routing within each hub region. For hub coordination, HHAN adopts centralized training with decentralized execution (CTDE) under the Attentive Q-Mixing (A-QMIX) framework, which aggregates asynchronous vehicle decisions via attention. Hub agents use flow-aware state features that combine local congestion and predictive dynamics for proactive routing. Experiments on synthetic grids and real urban maps (Toronto, Manhattan) show that AN reduces average travel time versus SPF and learning baselines, maintaining 100% routing success. HHAN scales to networks with hundreds of intersections, achieving up to 15.9% improvement under heavy traffic. These findings highlight the potential of network-constrained MARL for scalable, coordinated, and congestion-aware routing in intelligent transportation systems.",,2025,arXiv.org,,0.0,old,0.0,47,include
A Data-Driven Reinforcement Learning Based Multi-Objective Route Recommendation System,"Driving route recommendation systems have been becoming popular due to high demands on such systems and their high socio-economic impacts. Existing route recommendation systems cannot provide a well-balanced route by considering the user preference on multiple criteria or make route recommendation in a short time. This paper presents a multi-objective route recommendation system considering three different attributes (i.e., fuel consumption, travel time, and air quality). The proposed route recommendation system uses the Q-learning based reinforcement learning algorithm to leverage the available datasets to make route recommendations in a timely manner. First, we build a road network graph using a publicly available map service (i.e., OpenStreetMap) and other real-world datasets on traffic, weather, and air substances. Second, we utilize the existing predictors for air quality, travel time, and fuel consumption estimations to update the road network graph periodically. Third, we design the route recommendation system using the Q-learning reinforcement learning approach considering the given user’s preference for travel time, fuel consumption, and air quality. To evaluate the proposed approach’s performance, we conduct experimental evaluations based on the real-world datasets with publicly available map service.",,2020,IEEE International Conference on Mobile Adhoc and Sensor Systems,,19.0,old,0.0,49,include
Emergency vehicle rescue route optimization based on deep reinforcement learning in highway network,"Rescue route planning for emergency vehicles (EVs) is one of the most important tasks for emergency response. However, traditional methods face challenges in addressing the complex information in modern traffic environments. To ensure the prompt arrival of EVs, this paper proposes a deep reinforcement learning-based method to optimize the rescue routes of EVs on the highway. Specifically, to align with the emergency transportation business, an emergency transportation map based on the road network node graph is first constructed. To improve the convergence speed of the algorithm, the action masking technique is applied to reduce the dimension of the action space during the decision-making of the agent to avoid invalid exploration. Additionally, to help the agent learn the spatio-temporal benefits throughout the entire dispatch cycle, road network nodes are prioritized based on the spatial transfer scale, and a corresponding reward scheme is designed. These improvements, when combined with the agent's learning mechanism, can assist them optimize rescue routes in a more efficient action space. Validation is carried out through simulation examples, and the results show that the approach presented in this paper can find the shortest time-consuming rescue route. Furthermore, the proposed improvements enhance the convergence performance of the algorithm.",,2024,Other Conferences,,1.0,old,0.0,50,include
Autonomous Vehicle Routing Optimization in a Competitive Environment: A Reinforcement Learning Application,,,2018,International Conference on Transportation and Development 2018,,3.0,old,1.0,51,include
Multi-objective route recommendation method based on Q-learning algorithm,"With the continuous expansion of city scale and the advancement of transportation technology, route recommendations have become an increasingly common concern in academic and engineering circles. Research on route recommendation technology can significantly satisfy the travel demands of residents and city operations, thereby promoting the construction of smart cities and the development of intelligent transportation. However, most current route recommendation methods focus on generating a route satisfying a single objective attribute and fail to comprehensively consider other types of objective attributes or user preferences to generate personalized recommendation routes. This study proposes a multi-objective route recommendation method based on the reinforcement learning algorithm Q-learning, that comprehensively considers multiple objective attributes, such as travel time, safety risk, and COVID-19 risk, and generates recommended routes that satisfy the requirements of different scenarios by combining user preferences. Simultaneously, to address the problem that the Q-learning algorithm has low iteration efficiency and easily falls into the local optimum, this study introduces the dynamic exploration factor σ and initializes the value function in the road network construction process. The experimental results show that, when compared to other traditional route recommendation algorithms, the recommended path generated by the proposed algorithm has a lower path cost, and based on its unique Q-value table search mechanism, the proposed algorithm can generate the recommended route almost in real time.",,2022,Journal of Intelligent & Fuzzy Systems,,1.0,old,0.0,52,include
Agent-Based Route Planning with Deep Q Learning,"Solving traffic congestion is one of the most important and complex problems, as it causes chaos in metropolitans, especially during rush hours. Traditional methods that continue to be used have proven to be inadequate, and as a result, the developing technology has affected all areas as well as the solutions to the traffic control problem. Intelligent Transportation Systems have emerged with the development of artificial intelligence and communication technologies. This study aims to reduce time in traffic by using an agent-based route planning method with deep Q learning. An agent which acts as a taxi in the generated traffic flow is also used to demonstrate the efficiency of the proposed method in taxi service. It is aimed to be able to comprehend the actions to be implemented in order to complete the given task in an effective way with deep Q learning, considering criteria such as travel time and waiting time for passengers as performance criteria in different scenarios.",,2021,International Conference on Electrical and Electronics Engineering,,1.0,old,0.0,53,include
Urban traffic dynamic rerouting framework: A DRL-based model with fog-cloud architecture,"Past research and practice have demonstrated that dynamic rerouting framework is effective in mitigating urban traffic congestion and thereby improve urban travel efficiency. It has been suggested that dynamic rerouting could be facilitated using emerging technologies such as fog-computing which offer advantages of low-latency capabilities and information exchange between vehicles and roadway infrastructure. To address this question, this study proposes a two-stage model that combines GAQ (Graph Attention Network - Deep Q Learning) and EBkSP (Entropy Based k Shortest Path) using a fog-cloud architecture, to reroute vehicles in a dynamic urban environment and therefore to improve travel efficiency in terms of travel speed. First, GAQ analyzes the traffic conditions on each road and for each fog area, and then assigns a road index based on the information attention from both local and neighboring areas. Second, EBkSP assigns the route for each vehicle based on the vehicle priority and route popularity. A case study experiment is carried out to investigate the efficacy of the proposed model. At the model training stage, different methods are used to establish the vehicle priorities, and their impact on the results is assessed. Also, the proposed model is tested under various scenarios with different ratios of rerouting and background (non-rerouting) vehicles. The results demonstrate that vehicle rerouting using the proposed model can help attain higher speed and reduces possibility of severe congestion. This result suggests that the proposed model can be deployed by urban transportation agencies for dynamic rerouting and ultimately, to reduce urban traffic congestion.",,2021,arXiv.org,,0.0,old,0.0,54,include
Realtime vehicle route optimisation via DQN for sustainable and resilient urban transportation network,"Traffic congestion has become one of the most serious contemporary city issues for urban transportation network as it leads to unnecessary high energy consumption, air pollution and extra travelling time. During this decade, many optimization algorithms have been designed to achieve the optimal usage of existing roadway capacity in cities to leverage the problem. However, it is still a challenging task for the vehicles to interact with the complex city environment in a real time manner. In this thesis, we propose a deep reinforcement learning (DRL) method to build a real-time intelligent vehicle navigation system for sustainable and resilient urban transportation network. We designed two rewards methods travel time based and vehicle emissions impact (VEI) based which aim to reduce the travel time for emergency vehicle (resilience), and reduce vehicle emissions for general vehicle (sustainability). In the experiment, several realistic traffic scenarios are simulated by SUMO to test the proposed navigation method. The experimental results have demonstrated the efficient convergence of the vehicle navigation agents and their effectiveness to make optimal decisions under the volatile traffic conditions. Travel time based reward schema perform better in reducing travel time however VEI based show better result in reducing vehicle emissions. Furthermore, the results also show that the proposed method has huge potential to provide a better navigation solution comparing with the benchmark routing optimisation algorithms.",,2020,,,1.0,old,1.0,56,include
Optimizing Traffic Routes With Enhanced Double Q-Learning,"Traffic management has become a major issue in urban planning due to the increasing number of vehicles on urban roads. In this study, we introduce a novel approach using the Reinforcement Learning (RL) technique to address the vehicle routing problem (VRP). We explored the effectiveness of Double Q‐Learning enhanced by Prioritized Experience Replay (DQL‐PER) in optimizing vehicle routing to shorten travel times and reduce congestion. Using the Simulation of Urban Mobility (SUMO), this method manipulates traffic flow during peak hours to improve urban mobility. DQL‐PER stands out due to its superior performance in managing complex traffic systems characterized by multiple interconnected variables and dynamic conditions inherent in urban traffic networks. Compared to standard Q‐learning, DQL‐PER reduces overestimation bias and facilitates faster convergence toward optimal solutions. This paper includes a comparison between DQL‐PER and other RL methods, namely Q‐learning, Double Q‐learning (DQL), and deep Q‐network (DQN), demonstrating its benefits through simulations and analysis. We also perform a scalability analysis to evaluate the algorithm's performance across network sizes, with node counts , showing that DQL‐PER performs exhaustively over larger networks, demonstrating its scalability potential. DQL‐PER offers a scalable solution with the potential to transform urban transportation systems.",,2025,IET Intelligent Transport Systems,,7.0,old,0.0,57,include
Multi-agent deep reinforcement learning based on cloud-edge computing for urban vehicle route guidance,,,2025,Cluster Computing,,2.0,old,0.0,58,include
Meta-deep q-learning for eco-routing,"In this paper, a multi-objective deep Q-learning (MOM-DQL) method is developed for solving eco- routing problem in a signalized traffic network. The problem is formulated as dynamic multi- objective Markov decision processes (MOMDPs). MOM- DQL can explore the optimal eco-routes with respect to driversâ€™ different preferences on saving travel time and fuel. The MOM-DQL agent is trained under a series of learning environments that are based on historical vehicle trajectories, fuel consumption, and traffic signal status in the remote data center. The model that represents the action value function of the historical dynamic driving conditions can be downloaded to the vehicle requesting eco-routing service. The model can quickly adapt to the most recent driving condition through online one-shot learning and predict the optimal eco-routes for the subsequent unseen driving condition of the signalized traffic network. Simulation shows that the MOM-DQL method can discover the optimal eco-routes, and saves 52% travel time and 33% fuel, compared to the shortest-path strategy that is widely used in navigation systems.",,2019,2019 IEEE 2nd Connected and Automated Vehicles Symposium Cavs 2019 Proceedings,,8.0,both,0.0,59,include
Sharing diverse information gets driver agents to learn faster: an application in en route trip building,"With the increase in the use of private transportation, developing more efficient ways to distribute routes in a traffic network has become more and more important. Several attempts to address this issue have already been proposed, either by using a central authority to assign routes to the vehicles, or by means of a learning process where drivers select their best routes based on their previous experiences. The present work addresses a way to connect reinforcement learning to new technologies such as car-to-infrastructure communication in order to augment the drivers knowledge in an attempt to accelerate the learning process. Our method was compared to both a classical, iterative approach, as well as to standard reinforcement learning without communication. Results show that our method outperforms both of them. Further, we have performed robustness tests, by allowing messages to be lost, and by reducing the storage capacity of the communication devices. We were able to show that our method is not only tolerant to information loss, but also points out to improved performance when not all agents get the same information. Hence, we stress the fact that, before deploying communication in urban scenarios, it is necessary to take into consideration that the quality and diversity of information shared are key aspects.",,2021,Peerj Computer Science,,3.0,old,0.0,60,include
Regional route guidance with realistic compliance patterns: Application of deep reinforcement learning and MPC,"Solving link-based route guidance problems for large-scale networks is computationally challenging and faces practical issues, such as spatial–temporal data coverage. Thus, regional route guidance has emerged as a promising strategy, which utilizes regional approaches (i.e., network-level macroscopic traffic models) to capture traffic dynamics. Existing regional route guidance models have mainly focused on macroscopic flows and aggregated splitting rates, employing uniformly sampled vehicles as controllable targets. These models, however, overlook the inherent nature of individual drivers’ compliance. It may deteriorate the guidance performance as existing route guidance models cannot effectively generate customized route plans for compliant vehicles. This paper aims to introduce a regional route guidance framework with the utilization of different solution approaches, i.e. model-based and data-driven, considering the compliance pattern. In particular, MPC-based and deep reinforcement learning-based schemes are proposed for the information service provider to send customized route plans to compliant individuals. Within each solution approach, different route guidance strategies are developed for specific purposes and evaluated through numerical experiments under low- and high-congestion scenarios. Besides, the trade-off between total travel time and average trip length is studied, wherein the balance reward in a deep reinforcement learning-based approach enables controllable agents to reduce trip costs while compromising partial system utility. The findings indicate the effectiveness of the proposed strategies in alleviating network congestion. Additionally, multi-agent approaches outperform single-agent ones, highlighting the benefits of cooperative decision-making in traffic management.",,2024,Transportation Research Part C: Emerging Technologies,,32.0,old,1.0,62,include
A multiagent reinforcement learning approach to en-route trip building,,,2016,2016 IEEE International Joint Conference on Neural Networks (IJCNN),,28.0,old,1.0,63,include
Connected vehicles' dynamic route planning based on reinforcement learning,,,2023,Future Generation Computer Systems,,14.0,old,1.0,64,include
A reinforcement learning scheme for the equilibrium of the in-vehicle route choice problem based on congestion game,"Abstract In this paper, the Bush–Mosteller (B-M) reinforcement learning (RL) scheme is introduced to model the route choice behaviors of the travelers in traffic networks, who aim to seek the optimal travel routes that minimize their individual travel time. The optimal route choice strategy is presented by the Nash equilibrium of the congestion game. By constructing a novel potential function, the congestion game is transformed into the traffic assignment problem (TAP). Then, a distributed algorithm based on B-M RL scheme is devised to solve the TAP. Under some mild conditions, the B-M RL solution method is proven to converge almost surely to the optimal solution of the TAP. A numerical experiment is conducted based on the Nguyen–Dupuis network, the experimental results not only demonstrate the effectiveness of the theoretical analysis, but also show that the B-M RL-based solution method outperforms several existing solution methods.",,2020,Applied Mathematics and Computation,,53.0,old,1.0,66,include
Robust Route Planning with Distributional Reinforcement Learning in a Stochastic Road Network Environment,"Route planning is essential to mobile robot navigation problems. In recent years, deep reinforcement learning (DRL) has been applied to learning optimal planning policies in stochastic environments without prior knowledge. However, existing works focus on learning policies that maximize the expected return, the performance of which can vary greatly when the level of stochasticity in the environment is high. In this work, we propose a distributional reinforcement learning based framework that learns return distributions which explicitly reflect environmental stochasticity. Policies based on the second-order stochastic dominance (SSD) relation can be used to make adjustable route decisions according to user preference on performance robustness. Our proposed method is evaluated in a simulated road network environment, and experimental results show that our method is able to plan the shortest routes that minimize stochasticity in travel time when robustness is preferred, while other state-of-the-art DRL methods are agnostic to environmental stochasticity.",,2023,2023 20th International Conference on Ubiquitous Robots (UR),,3.0,old,1.0,68,include
Deep Reinforcement Learning for Optimizing Route Planning in Urban Traffic,"Urban traffic networks are efficient route design problems due to the intricacy and dynamic character of contemporary cities. Conventional methods hamper real time adjustment to continually changing traffic conditions, thereby providing suboptimal routes, a greater burden on the roadways, and greater air pollution. This thesis presents a novel deep reinforcement learning (DRL) method to optimize the route planning for urban traffic networks. With this rendering of real time traffic data, we use DRL to make autonomous decisions to reduce travel time and congestion of routes. One advantage of using sophisticated neural networks for feature extraction and policy learning is that, since the model is so adaptable to changing traffic patterns, the model guarantees that. And, in comparison to common routing algorithms, the results of simulations using real world traffic data show that this method is able to greatly enhance route efficiency and overall traffic flow management. The suggested DRL based system is feasible as a smart city program based on intelligent transportation system which can scale to grand metropolitan regions. The research presents that DRL can enhance the commuter run experience, reduce the environmental effect, and alter urban transportation. Future study will also investigate how this system can be better optimized when integrated with traffic infrastructure enabled by the Internet of Things.",,2025,"2025 International Conference on Computational, Communication and Information Technology (ICCCIT)",,1.0,old,1.0,69,include
Vehicle-Infrastructure Cooperation Framework for Vehicle Navigation and Traffic Signal Control using Deep Reinforcement Learning,"As the number of vehicles continues to rise, traffic congestion has become a significant factor affecting travel efficiency. The development of intelligent connected technology offers new approaches for achieving coordinated optimization in road traffic. This study proposes a deep reinforcement learning-based vehicle–infrastructure cooperation framework to achieve cooperative control of vehicle navigation and traffic signals, aiming to minimize the impact of traffic congestion on road traffic efficiency. The tasks of vehicle navigation and signal control are modeled as a partially observable Markov decision process. Based on real-time road condition information, roadside agents can flexibly adjust signal phases, while vehicle agents determine the next routing step as vehicles approach intersections. Through communication cooperation, on-board units and roadside units can acquire more comprehensive and accurate traffic status information. Rewards for the vehicle navigation task, based on spatiotemporal dimensions, and for the pressure-based signal control task, ensure that reinforcement learning agents continuously improve their traffic efficiency optimization capabilities during training. The proposed method was implemented and evaluated in the SUMO (Simulation of Urban MObility) simulator under low, medium, and high traffic demand conditions and compared with other baseline methods. The study also analyzed the impact of reward design, the training sequence, and the intelligent connectivity penetration rate on the effectiveness of the framework, demonstrating the effectiveness and robustness of the proposed vehicle–infrastructure collaborative optimization framework in improving network traffic efficiency.",,2025,Transportation Research Record,,0.0,old,0.0,75,include
VEGA: Electric Vehicle Navigation Agent via Physics-Informed Neural Operator and Proximal Policy Optimization,"We present VEGA, a vehicle-adaptive energy-aware routing system for electric vehicles (EVs) that integrates physics-informed parameter estimation with RL-based charge-aware path planning. VEGA consists of two copupled modules: (1) a physics-informed neural operator (PINO) that estimates vehicle-specific physical parameters-drag, rolling resistance, mass, motor and regenerative-braking efficiencies, and auxiliary load-from short windows of onboard speed and acceleration data; (2) a Proximal Policy Optimization (PPO) agent that navigates a charger-annotated road graph, jointly selecting routes and charging stops under state-of-charge constraints. The agent is initialized via behavior cloning from an A* teacher and fine-tuned with cirriculum-guided PPO on the full U.S. highway network with Tesla Supercharger locations. On a cross-country San Francisco-to-New York route (~4,860km), VEGA produces a feasible 20-stop plan with 56.12h total trip time and minimum SoC 11.41%. Against the controlled Energy-aware A* baseline, the distance and driving-time gaps are small (-8.49km and +0.37h), while inference is>20x faster. The learned policy generalizes without retraining to road networks in France and Japan.",,2025,arXiv.org,,0.0,old,0.0,76,include
Combining Car-to-Infrastructure Communication and Multi-Agent Reinforcement Learning in Route Choice,,,2016,ATT@IJCAI,,9.0,old,1.0,81,include
Applying Markov decision process to adaptive dynamic route selection model,"Routing technologies have long been available in many automobiles and smart phones, but the nearly random nature of traffic on road networks has always encouraged further efforts to improve the rel...",,2019,Proceedings of the Institution of Civil Engineers - Transport,,0.0,old,1.0,82,include
A Sustainable Multi-Agent Routing Algorithm for Vehicle Platoons in Urban Networks,"In this paper, a sustainable routing algorithm for vehicle platoons operating in smart urban networks is presented. The proposed approach makes use of deep reinforcement learning (DRL) and set-theoretic model predictive control (MPC). In particular, the learning process aims at reducing traffic congestion and  $CO_{2}$  emissions, whereas the MPC unit allows to adequately track the assigned path by using real-time traffic data. To adequately analyze the performance of the resulting control architecture, the SUMO and MATLAB environments are used to implement complex operating scenarios where road maps data and vehicle state trajectories can be shared and exchanged. Finally, numerical studies are provided by resorting to the SUMO environment and considering a platoon of five vehicles. The resulting simulation campaign puts in light the capability of the training process to significantly mitigate the  $CO_{2}$  emissions of the whole platoon: from a minimum of 3.7 % to a maximum of 13% with respect to the use of the well-known Dijkstra algorithm.",F. Giannini; G. Franzè; F. Pupo; G. Fortino,2023,IEEE Transactions on Intelligent Transportation Systems,10.1109/TITS.2023.3305463,25.0,gate1,,94,include
Distributed Learning for Vehicle Routing Decision in Software Defined Internet of Vehicles,"With the increasing number of vehicles, the traffic congestion is becoming more and more serious. In order to alleviate such a problem, this article considers transmission and inference delay of cloud centralized computing in the software defined Internet of Vehicles (SDIoV), and builds a new SDIoV architecture based on edge intelligence, for supporting real-time vehicle routing decision through distributed multi-agent reinforcement learning model. Then, a software defined device collaboration optimization method is designed to improve the efficiency of distributed training. Combined with multi-agent reinforcement learning, a distributed-learning-based vehicle routing decision algorithm (DLRD) is proposed to adaptively adjust vehicle routing online. The performed simulations show that the DLRD can successfully realize real-time routing decision for vehicles and alleviate traffic congestion with the dynamic changes of the road environment.",K. Lin; C. Li; Y. Li; C. Savaglio; G. Fortino,2021,IEEE Transactions on Intelligent Transportation Systems,10.1109/TITS.2020.3023958,56.0,gate1,,112,include
Proactive Urban Expressway Guidance: A Hybrid Approach Using Reinforcement Learning and Traffic Prediction Models,"Addressing traffic congestion is significant in enhancing urban mobility. Traditional navigation systems use real-time traffic status to push the temporally shortest path to drivers, forming selfish-routing, which guide traffic flow to the same roadway, thereby causing imbalance traffic flow distribution and navigation-induced congestion. Besides, navigation based on real-time detected traffic metrics may cause the congestion oscillation during periods with high travel demand variations. This article proposes the traffic prediction and reinforcement learning-based navigation guidance (TP-RLNG) approach for active control of traffic flow on urban expressways. The TP-RLNG introduces a differentiated guidance approach with multiple origin-destination (OD) pairs, replacing the conventional all-or-nothing route guidance strategies. To enhance the stability, the TP-RLNG integrates traffic prediction and reinforcement learning (RL)-based dynamic optimization to prospectively harmonize traffic supply and demand overall the expressway system. In contrast to the RL navigation guidance (RLNG) (no prediction) approach, the integration of traffic prediction model in TP-RLNG enhances the anticipation of critical nodes and enables proactive traffic management. We use SUMO-based traffic simulation to examine the efficacy of TP-RLNG and alternative approaches in controlling traffic flow within the Hangzhou Liushi Expressway network under varying demand patterns. The results underscore the ability of TP-RLNG to enhance road network efficiency and mitigate urban expressway congestion. The findings indicate that, relative to RLNG approaches, our methodology achieves a reduction in average travel time of 9.3%.",L. Wang; Z. Jiang; Z. Qi; Z. Shi; X. Chen; Z. Zhu,2025,IEEE Internet of Things Journal,10.1109/JIOT.2025.3583833,1.0,gate1,,129,include
A Bi-Level Network-Wide Cooperative Driving Approach Including Deep Reinforcement Learning-Based Routing,"Cooperative driving of connected and automated vehicles (CAVs) has attracted extensive attention and researchers have proposed various approaches. However, existing approaches are limited to small-scale isolated scenarios and gaps remain in network-wide cooperative driving, especially in routing. In this article, we decompose the network-level cooperative driving problem into two dominant sub-problems and accordingly propose a bi-level network-wide cooperative driving approach. The dynamic routing problem is considered in the upper level and we propose a multi-agent deep reinforcement learning (DRL) based routing model. The model can promote the equilibrium of network-wide traffic through distributed self-organized routing collaboration among vehicles, thereby improving efficiency for both individual vehicles and global traffic systems. In the lower level, we focus on the right-of-way assignment problem at signal-free intersections and propose an adaptive cooperative driving algorithm. The algorithm can adaptively evaluate priorities of different lanes, and then uses the lane priorities to guide the Monte Carlo tree search (MCTS) for better right-of-way assignments. Essentially, the upper level determines which conflict areas the vehicles will pass through, and the lower level addresses how the vehicles use the limited road resources more efficiently in each conflict area. The experimental results show that the upper and lower levels complement each other and work together to significantly improve the network-wide traffic efficiency and reduce the travel time of individual vehicles. Moreover, the results demonstrate that microscopic and mesoscopic cooperative driving behaviors of vehicles can significantly benefit the macroscopic traffic system.",J. Zhang; J. Ge; S. Li; S. Li; L. Li,2024,IEEE Transactions on Intelligent Vehicles,10.1109/TIV.2023.3305818,16.0,gate1,,134,include
Self-Organized Routing for Autonomous Vehicles via Deep Reinforcement Learning,"Routing for autonomous vehicles with global traffic information and sufficient direct cooperation among vehicles has been widely studied to relieve traffic congestion in recent years. However, the assembly rate of Vehicle-to-Everything (V2X) equipment in practical traffic systems is currently and could be at a low level in near future. Accordingly, autonomous vehicles can only access localized traffic information, and direct cooperation among them cannot always be guaranteed. Thus, how to optimize the routing choices in such scenarios is worthy of particular attention. In this article, we propose a self-organized routing strategy based on deep reinforcement learning (DRL). Under the condition of limited traffic information, the proposed self-organized mechanism well organizes localized traffic conditions through vehicle-level routing decisions, which are able to achieve network-wide benefits gains. In the specified DRL, we propose a novel reward mechanism to harmonize indirect interactions among vehicles by jointly learning individual and overall efficiency, even if each vehicle is modified to make individual decisions independently, rather than only focusing on individual interests as in the greedy strategy. Numerical experiments demonstrate that the proposed self-organized strategy is promising to resolve the routing problem from the perspective of individual decision-making with limited traffic information.",H. Pei; J. Zhang; Y. Zhang; H. Xu; L. Li,2024,IEEE Transactions on Vehicular Technology,10.1109/TVT.2023.3311198,14.0,gate1,,137,include
Graph Convolutional Network Based Multi-Objective Meta-Deep Q-Learning for Eco-Routing,"Route selection can greatly affect vehicle fuel consumption and emissions. Finding the most fuel/energy-efficient route is known as the eco-routing problem. Existing eco-routing solutions do not effectively consider the critical traffic signal information and rely on fuel consumption models that may not be sufficiently accurate. To address the eco-routing problem in a signalized traffic network, this paper proposes a graph convolutional network based multi-objective meta-deep Q-learning (GM2DQL) method. The problem is formulated as dynamic multi-objective Markov decision processes (MOMDP) and is tackled through deep reinforcement learning and meta-learning. We identify that graph convolutional network (GCN) is an efficient and suitable feature representation for a signalized traffic network. GM2DQL can explore the optimal routes with respect to drivers??different preferences on saving fuel and travel time. Through GM2DQL, the agent is trained under a series of learning environments that are characterized by historical vehicle trajectories, fuel consumption data, and traffic signal data in the remote data center. The vehicle requesting eco-routing service can download the model that represents the action value function of the historical dynamic driving conditions. The model in the vehicle can quickly adapt to the most recent driving condition through online one-shot learning and predict the optimal eco-routes for the subsequent unseen driving conditions of the signalized traffic network. Extensive proof-of-concept experiments validate that GM2DQL can effectively discover optimal eco-routes. It saves up to 71% travel time and 62% fuel, compared to the conventional shortest-path routing strategy that is widely used in navigation systems.",X. Ma; Y. Xie; C. Chigan,2024,IEEE Transactions on Intelligent Transportation Systems,10.1109/TITS.2023.3348034,12.0,gate1,,263,include
SEGAC: Sample Efficient Generalized Actor Critic for the Stochastic On-Time Arrival Problem,"This paper studies the stochastic on-time arrival (SOTA) problem in transportation networks and introduces a novel reinforcement learning-based algorithm, namely sample efficient generalized actor critic (SEGAC). Different from almost all canonical SOTA solutions, which are usually computationally expensive and lack generalizability to unforeseen destination nodes, SEGAC offers the following appealing characteristics. SEGAC updates the ego vehicle?�s navigation policy in a sample efficient manner, reduces the variance of both value network and policy network during training, and is automatically adaptive to new destinations. Furthermore, the pre-trained SEGAC policy network enables its real-time decision-making ability within seconds, outperforming state-of-the-art SOTA algorithms in simulations across various transportation networks. We also successfully deploy SEGAC to two real metropolitan transportation networks, namely Chengdu and Beijing, using real traffic data, with satisfying results.",H. Guo; Z. He; W. Sheng; Z. Cao; Y. Zhou; W. Gao,2024,IEEE Transactions on Intelligent Transportation Systems,10.1109/TITS.2024.3361445,2.0,gate1,,280,include
GE-DDRL: Graph Embedding and Deep Distributional Reinforcement Learning for Reliable Shortest Path: A Universal and Scale Free Solution,"This paper studies the reliable shortest path (RSP) problem in stochastic transportation networks. State-of-the-art RSP solutions usually target one specific RSP problem; moreover, the corresponding algorithm?�s computational complexity scales at least linearly with the size of the underlying transportation network. While in this paper, we propose a graph embedding and deep distributional reinforcement learning (GE-DDRL) method, which serves as a universal and scale-free solution to the RSP problem. GE-DDRL uses deep distributional reinforcement learning (DDRL) to estimate the full travel-time distribution of a given routing policy, and improves the given routing policy with the generalized policy iteration (GPI) scheme. Further, in order to achieve the generalization ability to new destination nodes, we employ one of the canonical graph embedding techniques (Skip-Gram) to compress the nodes??representation into  $d$ -dimensional real-valued vectors. With the properly compressed node features, GE-DDRL is able to generalize its estimation of the routing policy?�s travel-time distribution to untrained destination nodes, and hence achieve the ?�all-to-all??navigation functionality. To the best of our knowledge, GE-DDRL serves as the first RSP planner, which applies simultaneously to almost all RSP objectives and in the meanwhile, is scale free with the size of the transportation network in terms of the online decision-making time and memory complexity. Experimental results and comparisons with state of the arts show the efficacy and efficiency of GE-DDRL in a range of transportation networks.",H. Guo; W. Sheng; Y. Zhou; Y. Chen,2023,IEEE Transactions on Intelligent Transportation Systems,10.1109/TITS.2023.3285770,6.0,gate1,,284,include
Shortest-Time Path Planning Under Carbon Emission Constraints via Reinforcement Learning,"With the growing urgency of carbon neutrality, sustainable intelligent transportation systems must support green path planning that simultaneously accounts for arbitrary origin?�destination (OD) pairs, strict emission constraints, and large-scale concurrent requests. To address this challenge, this paper proposes a Constrained Reinforcement Learning for Shortest Path (CRL-SP) framework, which generates real-time, scalable, and emission-compliant routing solutions under hard carbon constraints. The framework adopts a dual-tower Universal Value Function Approximation architecture based on Deep Q-Networks (UVFA-DQN), integrating topological embeddings with contextual features, and is trained via a progressive strategy that combines demonstration-based behavior cloning with interactive reinforcement learning. Numerical experiments on benchmark networks demonstrate that CRL-SP consistently recovers optimal or near-optimal solutions, achieving path match rates and link overlap ratios typically above 0.85, while relative deviations in travel time and emissions remain close to zero. The proposed model preserves this level of performance under unseen and sparsely sampled emission budgets, and is able to generate feasible and structurally consistent paths even when classical constrained shortest-path algorithms fail due to insufficient budgets. In terms of computational efficiency, CRL-SP supports large-scale batch inference with throughput exceeding tens of thousands of paths per second, yielding orders-of-magnitude speedups over traditional label-setting methods. Overall, CRL-SP provides a practical and scalable learning-based solution for emission-constrained path planning in sustainable intelligent transportation systems.",Y. Wang; K. Duan; K. Uchida,2026,IEEE Access,10.1109/ACCESS.2026.3677440,,gate1,,351,include
DRL Router: Distributional Reinforcement Learning-Based Router for Reliable Shortest Path Problems,"This article studies reliable shortest path (RSP) problems in stochastic transportation networks. The term reliability in the RSP literature has many definitions, e.g., 1) maximal stochastic on-time arrival probability, 2) minimal travel time with a high-confidence constraint, 3) minimal mean and standard deviation combination, and 4) minimal expected disutility. To the best of our knowledge, almost all state-of-the-art RSP solutions are designed to target one specific RSP objective, and it is very difficult, if not impossible, to adapt them to other RSP objectives. To bridge the gap, this article develops a distributional reinforcement learning (DRL)-based algorithm, namely, DRL-Router, which serves as a universal solution to the four aforementioned RSP problems. DRL-Router employs the DRL method to approximate the full travel time distribution of a given routing policy and then makes improvements with respect to the user-defined RSP objective through a generalized policy iteration scheme. DRL-Router is 1) universal, i.e., it is applicable to a variety of RSP objectives; 2) model free, i.e., it does not rely on well calibrated travel time distribution models; 3) it is adaptive with navigation objective changes; and 4) fast, i.e., it performs real-time decision making. Extensive experimental results and comparisons with baseline algorithms in various transportation networks justify both the accuracy and efficiency of DRL-Router.",H. Guo; W. Sheng; C. Gao; Y. Jin,2023,IEEE Intelligent Transportation Systems Magazine,10.1109/MITS.2023.3265309,9.0,gate1,,388,include
Optimization Path Planning Algorithm Based on Deep Reinforcement Learning,"With the acceleration of urbanization and the growth of traffic demand, traffic congestion has become more and more prominent. In the field of path planning, Deep Reinforcement Learning (DRL) can effectively deal with the complex traffic environment and learn the optimal path selection strategy. This article aims to explore the optimal path planning algorithm based on DRL to improve the accuracy and efficiency of path planning. The algorithm estimates the state function by establishing a deep neural network, and uses reinforcement learning to optimize the strategy, so as to fully consider the actual traffic flow and provide accurate route suggestions for users. The experimental results show that the optimized path planning algorithm based on DRL has smaller path-finding error and higher path-finding accuracy. After many iterations, the routing accuracy of the algorithm can even reach more than 96%. Therefore, the optimized path planning algorithm based on DRL is an effective path planning method, which can deal with complex traffic scene information and optimize the path planning effect.",Z. Meng,2024,"2024 Asia-Pacific Conference on Software Engineering, Social Network Analysis and Intelligent Computing (SSAIC)",10.1109/SSAIC61213.2024.00176,1.0,gate1,,496,include
Research on Emergency Rescue Path Optimization Method Based on Deep Reinforcement Learning,"This paper presents the first attempt at an emergency rescue path optimisation method using deep reinforcement learning for urban industrial emergencies, focusing on production safety accident-induced congestion. We design a Prioritised Experience Replay Deep Q-Network (PERDQN) with an attention mechanism and efficiently model complex urban arterial road networks as a Markov Decision Process. Our approach bases the traffic wave theory alongside BPR functions to evaluate the impact of congestion at different levels of control and assess the overall impact under various traffic control mechanisms. Results of experiments on the Third Ring Road of Beijing show that the proposed method reduces emergency vehicle arrival time by 27.3% compared to traditional algorithms, and 12.8% over standard DQN. The congestion alleviation effectiveness of the method is claimed to be superior in scenarios with more severe traffic, thereby confirming that the method is optimally robust to changing conditions of traffic.",X. Huang; H. Shi; L. Zhang,2025,2025 IEEE 3rd International Conference on Image Processing and Computer Applications (ICIPCA),10.1109/ICIPCA65645.2025.11139059,,gate1,,500,include
Safety-Aware Path Planning for Post-Disaster Rescue Vehicles,"Emergency rescue vehicles play a vital role in dealing with traffic accidents and emergencies. Emergency rescue vehicles can reduce accident losses by arriving at the accident site in time. Reasonable planning of emergency vehicle routes can shorten the travel time of the route and improve the safety of the route. However, due to the dynamic and changeable actual road network environment and various uncertainties, congestion or accidents may occur at any time, resulting in low rescue efficiency and high risk of rescue routes. In response to the above problems, this thesis proposes a global path planning algorithm based on deep reinforcement learning. In response to complex and changeable road conditions, this thesis adds a path situation awareness module to the global path planning algorithm based on DQN, and proposes a Transformer-based prediction algorithm to perceive road condition changes, adjust the global path in real time, avoid congested paths and risky paths, improve the rescue efficiency of emergency rescue vehicles, and ensure driving safety. According to different evaluation indicators, this thesis conducts simulation experiments on the global path planning algorithm based on deep reinforcement learning. The experimental results show that the route travel time planned by the proposed algorithm is lower than that of the benchmark algorithm, the safety is higher than that of the benchmark algorithm, and the success rate of pathfinding has improved by 14% compared to the baseline algorithms.",J. Liu; Z. Zhang; Y. Guo; T. Niu; X. Zhao,2024,"2024 4th International Conference on Artificial Intelligence, Virtual Reality and Visualization",10.1109/AIVRV63595.2024.10859634,1.0,gate1,,503,include
A Multi-Agent Deep Reinforcement Learning Framework for Dynamic Path Planning in Autonomous Vehicles,"For self-driving cars to navigate through congested city streets with a variety of vehicles, they require intelligent, dependable, and adaptable navigation systems. This study presents DeepReinforceNav, a novel method that employs cutting-edge artificial intelligence to swiftly and dynamically plan routes for several self-driving cars at once. Each car is viewed by the system as a team member that competes with other cars while also working together. This enables every vehicle to learn how to drive safely and efficiently while reaching its destination as soon as feasible. The system employs advanced methods to comprehend the environment surrounding each vehicle, accounting for the locations of other cars, obstructions, and changes over time. This enables the vehicles to foresee issues and make informed judgements in response to their surroundings. Simulations conducted in authentic urban traffic scenarios demonstrate that DeepReinforceNav outperforms more basic AI techniques and outdated navigation systems. It responds to changing situations more quickly, is safer, and is more efficient. Additionally, the system is capable of managing intricate road networks with a variety of vehicle kinds, which bodes well for practical applications. The framework also uses real-time IoT data collected from the cloud streaming to improve situational awareness and help all self-driving cars make decisions faster and more accurately.",J. N; R. Y. Rajkumar,2026,"2026 Sixth International Conference on Advances in Electrical, Computing, Communications and Sustainable Technologies (ICAECT)",10.1109/ICAECT68478.2026.11425999,,gate1,,517,include
Path Planning in Urban Environment Based on Traffic Condition Perception and Traffic Light Status,"Vehicle path planning problems have been studied for decades. The existing path planning methods are suitable for simple objectives. However, for complex tasks such as planning paths for vehicles considering the effects of pedestrians, traffic lights, etc., it is difficult to design a reasonable cost function for the deterministic algorithm or a reasonable heuristic function for the heuristic algorithm. In this paper, we proposes a path planning model based on traffic light status and traffic condition awareness. When a vehicle arrives at a new road section, it senses the traffic light status, distribution and vehicle positions in the road network on each road section through V2V and V2I communication, and based on this information, we use an A2C-based deep reinforcement learning method to dynamically plan the shortest path for the vehicle in real time. Experiments show that the proposed method works effectively in terms of saving on driving time and waiting time to reach any destinations, compared to the existing solutions.",B. Song; W. Chen; T. Chen; X. Zhou; B. Liu,2022,2022 IEEE International Symposium on Product Compliance Engineering - Asia (ISPCE-ASIA),10.1109/ISPCE-ASIA57917.2022.9970805,4.0,gate1,,519,include
Autonomous Vehicles in Smart Cities: a Deep Reinforcement Learning Solution,"In order to alleviate the traffic congestion problem in the context of Smart Cities, this paper proposes a new routing strategy, based on Deep Reinforcement Learning. The idea is to perform Routing actions in real-time while considering the actual traffic situation on the overall road network.To evaluate the performance of the proposed solution, a co-design procedure, involving a microscopic traffic simulator and MATLAB environment, is implemented allowing the use of complex operating scenarios and the integration of information coming from road maps and vehicle state trajectories.Finally, some simulations performed considering a real city district, show that the proposed algorithm can successfully realize real-time routing decisions and improve accumulated waiting time although the dynamic changes inside the road environment.",F. Giannini; G. Franzè; F. Pupo; G. Fortino,2022,"2022 IEEE Intl Conf on Dependable, Autonomic and Secure Computing, Intl Conf on Pervasive Intelligence and Computing, Intl Conf on Cloud and Big Data Computing, Intl Conf on Cyber Science and Technology Congress (DASC/PiCom/CBDCom/CyberSciTech)",10.1109/DASC/PiCom/CBDCom/Cy55231.2022.9927840,6.0,gate1,,542,include
Intelligent Routing in Connected Autonomous Vehicles using the ADAPT-S Learning Architecture,"The increasing complexity of intelligent transportation systems driven by the deployment of connected autonomous vehicles necessitates advanced, adaptive traffic management solutions. This paper presents a novel hybrid learning architecture that integrates deep reinforcement learning with ant colony optimization to enable edge-aware, real-time routing decisions for connected vehicle networks. Each vehicle functions as an intelligent agent trained via a multi-agent actor-critic deep reinforcement learning model, enhanced with attention mechanisms for context-sensitive navigation. Ant colony optimization is used to refine global routing paths through pheromone-inspired collective learning, ensuring adaptive optimization under dynamic traffic conditions. The proposed approach is formalized as ADAPT-S (Ant-Driven Adaptive Policy Training with Simulation-Based Validation), combining swarm intelligence, policy learning, and SUMO-based simulation. The model demonstrates superior performance in Simulation of Urban Mobility (SUMO) environments, outperforming traditional routing methods in reducing travel time, congestion, and signal wait periods. The proposed method results validated the framework?�s effectiveness in addressing key limitations of existing methods, particularly in achieving decentralized coordination, scalability, and responsiveness in connected autonomous vehicle routing systems.",T. Vaishnavi; M. Y. Al-Safarini; N. Nalini; T. Stalin; J. Krishnaraj; M. Dinesh,2025,2025 6th International Conference on Electronics and Sustainable Communication Systems (ICESC),10.1109/ICESC65114.2025.11212408,2.0,gate1,,546,include
Situation-aware Path Optimization for Autonomous Systems: A Deep Reinforcement Learning based Approach,"Intelligent Route Optimization (IRO) addresses autonomous navigation in dynamic urban environments by combining real-time machine learning, probabilistic modeling, and adaptive simulation into a seamless routing framework. Unlike traditional approaches that depend on static maps or simple shortest-path algorithms, IRO actively integrates live contextual data, such as time, weather, road state, and events, using neural networks to achieve highly accurate traffic state predictions with minimal input features. These predictions are further refined by Hidden Markov Models to ensure consistency and reliability, especially during abrupt transitions or anomalies in traffic. Building on this stabilized foundation, a Deep Reinforcement Learning agent equipped with a deep Q-network evaluates a broad action space, selecting routes that optimize not only for speed but also for risk, congestion, and environmental safety across various transport modes. For every potential path, IRO invokes adaptive Monte Carlo sampling to quantify travel time variability and the probability of events that could impact the route, thus assigning a reliability measure alongside the expected travel time and suggested route. With a modular pipeline that separates prediction, smoothing, policy selection, and uncertainty quantification, IRO is able to rapidly adapt to new environments, technologies, and data sources. It consistently outperforms classical shortest-path methods, as demonstrated by its 96.06% accuracy on a custom urban dataset, delivering more reliable results in the presence of outliers such as traffic surges, harsh weather, or road closures. The proposed method empowers autonomous systems to navigate urban settings with a high degree of resilience and transparency, providing interpretable recommendations that specify not just which route to take, but why, bridging rigorous AI modeling with practical, real-time urban mobility needs.",P. S. Ashritha; S. Nandamuri; Y. V. Vijay; P. Raguraman; K. Guravaiah,2025,2025 IEEE 9th International Conference on Information and Communication Technology (CICT),10.1109/CICT67193.2025.11399143,,gate1,,555,include
Resilient Multi-Agent Deep Reinforcement Learning for Routing Control via Traffic Cost Fields,"Urban road networks frequently experience recurrent congestion and non-recurrent disruptions, where individually optimal routing can degrade system-level efficiency under mixed compliance. Naive shortest-path guidance can be overly myopic in coupled traffic systems. As congestion is shaped by collective route choices, it may over-react to momentary link costs and trigger herding-like oscillations. This motivates routing controllers with decentralized execution that scale to many vehicles while better accounting for congestion externalities. We propose a routing framework centered on Traffic Cost Fields (TCF), which maintain factorized edge-wise signals as an interpretable interface between traffic states and routing decisions. A shared-parameter multi-agent actor?�critic policy is trained with Proximal Policy Optimization (PPO) to make periodic intersection-level next-hop decisions from masked local observations, enabling decentralized execution at scale. Experiments on an abstracted road graph extracted from Shenzhen show improved average and tail travel-time performance over shortest-path baselines across multiple demand levels.",Y. Dong; H. Tan; X. Zhou; P. Li; Y. Zhao,2026,"2026 12th International Conference on Control, Automation and Robotics (ICCAR)",10.1109/ICCAR69571.2026.11549565,,gate1,,562,include
Dynamic Route Optimization using D* Lite and DQN Algorithm,"Optimal path-finding in changing urban environments is difficult due to variable traffic congestion and sudden road closures. This paper provides a hybrid intelligent reliable routing system using the D* Lite algorithm and a Deep Q- Network (DQN) for real-time adaptive path-finding. The $\mathrm{D}^{*}$ Lite portion guarantees global optimal path-finding through incremental replanning, while the DQN agent learns locality decisions based on traffic aware congestion from past data. The proposed approach provides a dynamic balance between deterministic planning and learned adaptability for the purpose of minimizing travel cost and travel delay.",R. Aneesh; S. G. T; V. R,2026,"2026 International Conference on Innovative Computing, Intelligent Communication and Smart Electrical Systems (ICSES)",10.1109/ICSES66558.2026.11478874,,gate1,,574,include
Reinforcement Learning for Dynamic Traffic Management: A Scalable Approach to Congestion Reduction,"Large-scale urban events with high population density often lead to severe traffic congestion around the event venue, disrupting normal traffic flow and reducing commuter efficiency. This study proposes a reinforcement learning (RL)-based traffic management framework to dynamically optimize vehicle routing in such high-density scenarios. By leveraging a predefined shortest path as a baseline, the system intelligently reroutes origin-destination (OD) vehicles to mitigate congestion near the event area while allowing partial access when necessary. Through reinforcement learning, the agent learns adaptive movement strategies that balance shortest-path efficiency with congestion avoidance, effectively reducing bottlenecks in real time. The proposed approach is implemented and evaluated using a high-fidelity SUMO simulation environment, where its performance is compared against traditional traffic assignment models. Experimental results demonstrate that our RL-driven traffic management strategy significantly improves traffic flow efficiency, highlighting its potential as a scalable and adaptive solution for congestion mitigation in dynamic urban settings.",Y. Zhang; W. Zhong; T. Liu,2025,"2025 International Conference on Artificial Intelligence, Computer, Data Sciences and Applications (ACDSA)",10.1109/ACDSA65407.2025.11165977,2.0,gate1,,589,include
A Communication Resource Enhanced Intelligent Road Traffic Routing Scheme,"Route planning plays a key role in improving transportation efficiency. Collaborative route based on information sharing will be the trend in the near future. However, existing route planing schemes ignore the limitations of communication bandwidth and the same planing strategy are provided for all vehicles based on current traffic conditions which results in traffic congestion. In this paper, we propose a route planning optimization scheme with the aid of communication resource, which provides secure and efficient route planning services for traffic network. To model the road transportation network, we propose a maximum traffic density model for safe driving in a road segment based on the Preceding-Reaction time (PRT). Considering the spatial and temporal correlation of the traffic network and the multi-agent features, a Multi-Agent Deep Deterministic Policy Gradient based Traffic Self-evolution (MTSE) algorithm is proposed. Simulation experiments are conducted to compare the performance of our algorithm with some existing route planing methods. Simulation results demonstrate that the proposed model can reduce system congestion effectively and improve transportation efficiency.",Z. Cheng; X. Liao; S. Leng; H. Chai,2021,2021 International Conference on UK-China Emerging Technologies (UCET),10.1109/UCET54125.2021.9674959,,gate1,,592,include
Work-in-Progress: Leveraging the Selfless Driving Model to Reduce Vehicular Network Congestion,"With increasing traffic in urban areas, it is crucial to examine strategies to reduce traffic network congestion. Popular navigation policies currently tend to select the fastest path available for each vehicle. However, a top-down approach to navigation, which considers the traffic network as a whole, offers several speedup possibilities. Minimizing the average travel time of all vehicles in the network with respect to their separate travel deadlines improves traffic throughput. Because such a strategy does not guarantee an optimal navigation route for individual vehicles, we refer to it as a ""selfless"" policy and based on this observation we propose the Selfless Traffic Routing (STR) model. Hence, we propose a test bed based on Simulation of Urban MObility (SUMO) that can evaluate the performance of a traffic routing policy based on the average travel time of all vehicle agents in a given traffic grid. Continuously calculating optimal actions for multiple agents in real-time is computationally complex. We therefore introduce a value-based reinforcement learning strategy to achieve the benefits offered by a selfless traffic routing model. We explore how this approach can potentially achieve an optimal balance between action quality and the real-time performance of each decision.",G. Dai; P. K. Paluri; T. Carmichael; A. M. K. Cheng; R. Miikkulainen,2019,2019 IEEE Real-Time Systems Symposium (RTSS),10.1109/RTSS46320.2019.00061,4.0,gate1,,594,include
A Deep Q Learning-Model Predictive Control Approach to vehicle routing and control with platoon constraints,"In this paper we deal with the control of platoon of autonomous vehicles driving in Urban Road Networks (URNs). We exploit the idea of using Deep Reinforcement Learning (DRL) as the path planner of the proposed architecture. The advantage of this solution is the capability to deal with the actual traffic congestion while driving the autonomous vehicle to its destination. In particular, the high-level routing decisions are translated into manipulable set-points for Receding Horizon controllers by making more computational affordable and efficient the control action on the vehicle dynamics. Feasibility and asymptotic closed-loop stability are formally proved. Some simulations on a platoon, consisting of three agents described by double-integrator models, are provided to show the effectiveness of the overall architecture.",F. Giannini; G. Fortino; G. Franzè; F. Pupo,2022,2022 IEEE 18th International Conference on Automation Science and Engineering (CASE),10.1109/CASE49997.2022.9926699,7.0,gate1,,650,include
A Dynamic Risk-aware Routing Recommendation Using Deep Reinforcement Learning,"Crime risks in urban environments vary over time and space, making it challenging to find a safe and efficient route. Previous solutions to this problem were too simplistic and static, relying on exhaustive searches that were not practical. In this paper, we present a new approach using deep reinforcement learning for dynamic risk-aware path planning. Our method evaluates crime risks and distances to suggest optimal routes that adapt to changing conditions. We have designed a reward system that considers road length, risk levels, and the decay of risks over time. This innovative approach allows our model to make decisions that balance distance and crime risk. Through extensive experiments, we demonstrate the effectiveness of our model compared to traditional path-planning methods, especially as the road network grows in size.",D. Zhu; H. Zhou; A. Lin; B. Zhou,2024,"2024 IEEE International Conferences on Internet of Things (iThings) and IEEE Green Computing & Communications (GreenCom) and IEEE Cyber, Physical & Social Computing (CPSCom) and IEEE Smart Data (SmartData) and IEEE Congress on Cybermatics",10.1109/iThings-GreenCom-CPSCom-SmartData-Cybermatics62450.2024.00058,1.0,gate1,,659,include
Path planning for vehicle platoons under routing decisions: a distributed approach combining Deep Reinforcement Learning and Model Predictive Control,"In this paper, the path planning problem under routing decisions is considered for platoons of autonomous vehicles moving in urban road networks. The key idea is to exploit and adequately combine arguments coming from two research fields: deep reinforcement learning and model predictive control. Along these lines, a novel control architecture is proposed and its feasibility formally proved. In particular, the high-level routing decisions arising from the distributed deep reinforcement learning operations are translated into manipulable set-points for the underlying bank of receding horizon controllers by making more computational affordable and efficient the action on the vehicle dynamics. Finally, some simulations on platoon, consisting of three agents described by double-integrator models, are provided to show the effectiveness of the overall architecture.",F. Giannini; G. Fortino; G. Franzè; F. Pupo,2022,"2022 8th International Conference on Control, Decision and Information Technologies (CoDIT)",10.1109/CoDIT55151.2022.9803896,6.0,gate1,,663,include
A Joint Design of Path Planning and Lane Reservation for Emergency Service in ITS,"Reaching the accident scene promptly for emergency vehicles (EVs) can significantly alleviate the negative impact of accidents. However, finding a way to reduce the response time of EVs (i.e., the travel time of an EV to reach the rescue location) remains a challenge that needs to be addressed. In this paper, we design a distributed intelligent transportation system (DITS) powered by vehicular fog computing (VFC), which offers new possibilities for designing traffic scheduling methods. We propose a soft actor-critic-based EV rapid passage approach (SACRP) to minimize the response time of EVs. The collaborative lane reservation module uses the latest traffic data to create a traffic dispatch strategy to reserve empty lane. Subsequently, we propose a soft actor-critic-based algorithm as the real-time path planning module. The path planning module integrates vital road information, such as lane reservation priority, real-time road data, EV location, and traffic signal information. The path planning module strategically plans the path with the shortest response time for the EV. We conduct extensive experiments to evaluate the performance of the proposed method, and the results show that the response time for EVs could be reduced by 24.6% compared to the latest study.",Z. Li; B. Liu; E. Wang; J. Wang; W. Han,2023,2023 IEEE International Symposium on Product Compliance Engineering - Asia (ISPCE-ASIA),10.1109/ISPCE-ASIA60405.2023.10365789,,gate1,,668,include
A Reinforcement Learning-Based Path Recommendation Strategy Considering Broadcast Disturbance and Behavioral Response,"With the development of intelligent transportation systems (ITS), providing efficient and robust path coordination under complex disturbances has become an urgent challenge. Traditional approaches often assume that broadcast instructions can be fully received and strictly executed, overlooking the uncertainties introduced by broadcast reception failure and heterogeneous driver behaviors. For the first time, this paper incorporates broadcast disturbances and behavioral response mechanisms as external control signals into the path recommendation framework. Probabilistic models are established to capture the stochasticity in instruction reception and execution, while additional delay estimation is integrated to construct an expected travel time representation. On this basis, a Proximal Policy Optimization (PPO)-based reinforcement learning framework is designed, where multiple candidate paths together with the option of retaining the current path are jointly considered in the action space, enabling dynamic path recommendations that balance efficiency and risk. Experiments based on real traffic datasets and road networks verify the effectiveness of the proposed method, demonstrating strong robustness under both peak and off-peak scenarios. The results indicate that explicitly modeling broadcast and response uncertainties, combined with reinforcement learning optimization, provides a more practical and reliable solution for emergency scheduling and efficient travel in ITS.",J. Gao; Z. Du; Y. Lin; J. Wu; G. Han,2025,2025 International Conference on Meta-Networking (MEET),10.1109/MEET67398.2025.11335650,,gate1,,687,include
Personalized and Context-aware Route Planning for Edge-assisted Vehicles,"Conventional route planning services typically offer the same routes to all drivers, focusing primarily on a few standardized factors such as travel distance or time, overlooking individual driver preferences. With the inception of autonomous vehicles expected in the coming years, where vehicles will rely on routes decided by such planners, there arises a need to incorporate the specific preferences of each driver, ensuring personalized navigation experiences. In this work, we propose a novel approach based on graph neural networks (GNNs) and deep reinforcement learning (DRL), aimed at customizing routes to suit individual preferences. By analyzing the historical trajectories of individual drivers, we classify their driving behavior and associate it with relevant road attributes as indicators of driver preferences. The GNN is capable of representing the road network as graph-structured data effectively, while DRL is capable of making decisions utilizing reward mechanisms to optimize route selection with factors such as travel costs, congestion level, and driver satisfaction. We evaluate our proposed GNN-based DRL framework using a real-world road network and demonstrate its ability to accommodate driver preferences, offering a range of route options tailored to individual drivers. The results indicate that our framework can select routes that accommodate driver?�s preferences with up to a 17% improvement compared to a generic route planner, and reduce the travel time by 33% (afternoon) and 46% (evening) relatively to the shortest distance-based approach.",D. C. Selvaraj; F. Dressler; C. F. Chiasserini,2024,2024 33rd International Conference on Computer Communications and Networks (ICCCN),10.1109/ICCCN61486.2024.10637624,,gate1,,741,include
Research on Travel Paths Based on Car-Hailing Services Connecting with Rail Transit,"Urban rail transit has become the primary mode of transportation for most commuters, while car-hailing services have gained popularity as a new transportation option in recent years. Based on the relatively stable scheduling of subway trains and the distribution patterns of car-hailing services, this study proposes a combination of car-hailing services and rail transit for efficient travel. By analyzing and processing car-hailing passenger flow data, extracting origin-destination (OD) pairs, and constructing road network information, the study determines the attraction areas of rail transit stations. An improved Sarsa algorithm is employed to search for optimal travel paths based on the principle of connection travel, providing passengers with better travel decision-making. Compared to the Q-learning algorithm, the Sarsa algorithm demonstrates a 35% improvement in convergence speed, an 11% reduction in optimal path length, and an 8% decrease in minimum travel costs. Sarsa exhibits stronger adaptability to complex and unknown environments.",Y. Song; Z. Wang; R. Wang,2023,2023 IEEE 26th International Conference on Intelligent Transportation Systems (ITSC),10.1109/ITSC57777.2023.10421829,1.0,gate1,,817,include
Q-Learning-Based Energy-Aware Route Planning for Electric Vehicles on Real Road Networks with Charging Constraints,"The electric vehicle (EV) routing problem requires not only minimizing the travel distance but also considering energy constraints and the spatial distribution of charging stations. In this work, we propose Q-learning and hierarchical Q-learning (HRL) based agents trained to generate energy-aware routes on real road networks. The environment is modeled as graph structures obtained from Berlin, Istanbul, and Ankara cities using OpenStreetMap data. Each state is represented by a 16-dimensional vector that includes distance to the destination, battery level, number of neighbors, nearby charging stations, and final reward dynamics. The reward function is a multi-component structure that incentivizes approaching the destination, penalizes unnecessary loops and backtracking, and rewards smart charging decisions. Experimental results show that HRL demonstrates superiority up to 25% in compact cities (Berlin), while Q-learning performs better in large areas and resource-constrained environments. Both approaches deviate from the shortest path only when necessary due to energy constraints and their performance is evaluated by metrics such as total reward, route length and number of charges.",A. Metin; S. Dikici,2025,2025 Innovations in Intelligent Systems and Applications Conference (ASYU),10.1109/ASYU67174.2025.11208423,,gate1,,830,include
Cutting-Edge Travel Planner: Intelligent Route Recommendation System using Enhanced Learning Scheme with AI Principles,"A route planner is crucial as it optimizes travel efficiency, minimizes time and fuel consumption, and enhances overall navigation convenience and safety. This paper presents the design and implementation of CollabRouteNet, an intelligent route recommendation system that leverages collaborative filtering and reinforcement learning principles. The proposed model aims to provide personalized and contextually relevant route recommendations tailored to individual user preferences and dynamic environmental conditions. Collaborative filtering techniques are employed to analyze user interactions and discern patterns within historical route data. This involves constructing a user-item matrix and applying matrix factorization to learn latent representations for users and routes. In parallel, reinforcement learning is utilized to optimize route recommendations in real-time by defining the problem as a Markov Decision Process (MDP) and training an agent to learn an optimal route selection policy. The model balances exploration and exploitation to adaptively recommend routes that optimize user satisfaction and navigation efficiency. Implemented in PyCharm, the CollabRouteNet model demonstrates promising results in providing accurate and responsive route recommendations. Through its integrated approach, CollabRouteNet offers a promising solution for enhancing navigation experiences in diverse urban and rural settings.",N. R. Gladiss Merlin; D. Anandakumar; S. Devilavanya; P. K. Sheela Shantha Kumari; T. Jayakumar,2024,2024 Ninth International Conference on Science Technology Engineering and Mathematics (ICONSTEM),10.1109/ICONSTEM60960.2024.10568864,3.0,gate1,,940,include
Multi-Objective Route Optimization via Dueling DQN for Teleoperated Driving,"This paper presents a new approach to route optimization for teleoperated driving systems, addressing the multi-objective challenge of simultaneously minimizing travel distance, network latency, and maximizing available bandwidth. We model a real-world urban environment as a graph with stochastic network parameters and employ a Dueling Deep Q-Network (Dueling DQN) architecture, chosen for its ability to decouple state value and action advantage estimation, making it effective for routing problems requiring evaluation of both position quality and transition decisions.Our approach achieves the highest combined performance score (1.3956), representing 3.4% and 4.3% improvements over Lowest Latency (1.3815) and Shortest Path (1.3380) algorithms respectively. This demonstrates effective multi-objective trade-off management: 56.9% KPI compliance (30ms latency, 20Mbps bandwidth) with minimal distance overhead (40 vs 30 spatial units). Single-objective approaches fail to balance requirements?�Shortest Path achieves only 22.6% KPI compliance, while Highest Bandwidth produces impractically long routes (120 spatial units) despite 99.2% KPI rate.Results demonstrate our Dueling DQN?�s effectiveness in dynamically balancing competing objectives, providing intelligent adaptation to changing network conditions?�a capability traditional single-objective optimization approaches cannot achieve.",I. Zellagui; S. -M. Senouci; I. El Korbi; S. Hossain,2025,GLOBECOM 2025 - 2025 IEEE Global Communications Conference,10.1109/GLOBECOM59602.2025.11432339,,gate1,,948,include
