openalex_id,title,year,doi,venue,abstract
https://openalex.org/W3089212412,Real-time deep reinforcement learning based vehicle navigation,2020,https://doi.org/10.1016/j.asoc.2020.106694,Applied Soft Computing,
https://openalex.org/W4293220993,Autonomous Unmanned Aerial Vehicle navigation using Reinforcement Learning: A systematic review,2022,https://doi.org/10.1016/j.engappai.2022.105321,Engineering Applications of Artificial Intelligence,
https://openalex.org/W3087066227,Integrating Dijkstra’s algorithm into deep inverse reinforcement learning for food delivery route planning,2020,https://doi.org/10.1016/j.tre.2020.102070,Transportation Research Part E Logistics and Transportation Review,
https://openalex.org/W3045974612,Deep Reinforcement Learning for Safe Local Planning of a Ground Vehicle in Unknown Rough Terrain,2020,https://doi.org/10.1109/lra.2020.3011912,IEEE Robotics and Automation Letters,"Safe unmanned ground vehicle navigation in unknown rough terrain is crucial for various tasks such as exploration, search and rescue and agriculture. Offline global planning is often not possible when operating in harsh, unknown environments, and therefore, online local planning must be used. Most online rough terrain local planners require heavy computational resources, used for optimal trajectory searching and estimating vehicle orientation in positions within the range of the sensors. In this work, we present a deep reinforcement learning approach for local planning in unknown rough terrain with zero-range to local-range sensing, achieving superior results compared to potential fields or local motion planning search spaces methods. Our approach includes reward shaping which provides a dense reward signal. We incorporate self-attention modules into our deep reinforcement learning architecture in order to increase the explainability of the learnt policy. The attention modules provide insight regarding the relative importance of sensed inputs during training and planning. We extend and validate our approach in a dynamic simulation, demonstrating successful safe local planning in environments with a continuous terrain and a variety of discrete obstacles. By adding the geometric transformation between two successive timesteps and the corresponding action as inputs, our architecture is able to navigate on surfaces with different levels of friction. Reinforcement learning, autonomous vehicle navigation, motion and path planning."
https://openalex.org/W2972975270,Double-DQN based path smoothing and tracking control method for robotic vehicle navigation,2019,https://doi.org/10.1016/j.compag.2019.104985,Computers and Electronics in Agriculture,
https://openalex.org/W3011346430,Route Planning and Power Management for PHEVs With Reinforcement Learning,2020,https://doi.org/10.1109/tvt.2020.2979623,IEEE Transactions on Vehicular Technology,"In this article, we propose a novel control scheme for route planning with power management for plug-in hybrid electric vehicles (PHEVs). By considering the power management of PHEVs, we aim to find the route that leads to the minimum energy consumption. The scheme adopts a two-loop structure to achieve the control objective. Specifically, in the outer loop, the minimum energy consumption route is obtained by minimizing the difference between the value function of current round and the best value from all previous rounds. In the inner loop, the energy consumption index with respect to PHEV power management for each feasible route is trained with reinforcement learning (RL). Under the RL framework, a nonlinear approximator structure, which consists of an actor approximator and a critic approximator, is built to approximate control actions and energy consumption. In addition, the convergence of value function for PHEV power management in the inner loop and asymptotical stability of the closed-loop system are rigorously studied. Using Toyota Prius as the vehicle model and planning its route in a city with various navigation ranges, we demonstrate the effectiveness of the proposed control scheme with simulation studies."
https://openalex.org/W4385568286,Hierarchical Reinforcement Learning for Dynamic Autonomous Vehicle Navigation at Intelligent Intersections,2023,https://doi.org/10.1145/3580305.3599839,,"Recent years have witnessed the rapid development of the Cooperative Vehicle Infrastructure System (CVIS), where road infrastructures such as traffic lights (TL) and autonomous vehicles (AVs) can share information among each other and work collaboratively to provide safer and more comfortable transportation experience to human beings. While many efforts have been made to develop efficient and sustainable CVIS solutions, existing approaches on urban intersections heavily rely on domain knowledge and physical assumptions, preventing them from being practically applied. To this end, this paper proposes NavTL, a learning-based framework to jointly control traffic signal plans and autonomous vehicle rerouting in mixed traffic scenarios where human-driven vehicles and AVs co-exist. The objective is to improve travel efficiency and reduce total travel time by minimizing congestion at the intersections while guiding AVs to avoid the temporally congested roads. Specifically, we design a graph-enhanced multi-agent decentralized bi-directional hierarchical reinforcement learning framework by regarding TLs as manager agents and AVs as worker agents. At lower temporal resolution timesteps, each manager sets a goal for the workers within its controlled region. Simultaneously, managers learn to take the signal actions based on the observation from the environment as well as an intention information extracted from its workers. At higher temporal resolution timesteps, each worker makes rerouting decisions along its way to the destination based on its observation from the environment, an intention-enhanced manager state representation, and a goal from its present manager. Finally, extensive experiments on one synthetic and two real-world network-level datasets demonstrate the effectiveness of our proposed framework in terms of improving travel efficiency."
https://openalex.org/W4389667358,Robust Unmanned Surface Vehicle Navigation with Distributional Reinforcement Learning,2023,https://doi.org/10.1109/iros55552.2023.10342389,,"Autonomous navigation of Unmanned Surface Vehicles (USV) in marine environments with current flows is challenging, and few prior works have addressed the sensor-based navigation problem in such environments under no prior knowledge of the current flow and obstacles. We propose a Distributional Reinforcement Learning (RL) based local path planner that learns return distributions which capture the uncertainty of action outcomes, and an adaptive algorithm that automatically tunes the level of sensitivity to the risk in the environment. The proposed planner achieves a more stable learning performance and converges to safer policies than a traditional RL based planner. Computational experiments demonstrate that comparing to a traditional RL based planner and classical local planning methods such as Artificial Potential Fields and the Bug Algorithm, the proposed planner is robust against environmental flows, and is able to plan trajectories that are superior in safety, time and energy consumption."
https://openalex.org/W3167509898,Urban Multiple Route Planning Model Using Dynamic Programming in Reinforcement Learning,2021,https://doi.org/10.1109/tits.2021.3075221,IEEE Transactions on Intelligent Transportation Systems,"With the development of the economy and the acceleration of urbanization, traffic congestion has become a worldwide problem. Advances in mobile Internet and sensor technologies have increased real-time data sharing, providing a new opportunity for urban route planning. However, due to the difficulty of handling complex global information, making correct decisions in large-scale and complex traffic environments is a problem that urgently needs to be solved. In this paper, a multiple route planning model (multi-route dynamic programming (DP) model) is proposed to solve the urban route planning problem with traffic flow information. In particular, we adopt the DP algorithm in this model, design a reward function suitable for urban path planning problems, and generate multiple routes based on the Q values. In addition, we design different scenarios using real-world road networks to test our model. Through the experiments, we demonstrate that our model has the potential to yield optimal results under large-scale scenarios with high efficiency. The advantages of integrating the distance contribution index (DCI) in the reward function are also elaborated. Moreover, our model can provide alternative routes to divert traffic from the optimal route, thus mitigating the congestion drift problem."
https://openalex.org/W4389333680,Regional route guidance with realistic compliance patterns: Application of deep reinforcement learning and MPC,2023,https://doi.org/10.1016/j.trc.2023.104440,Transportation Research Part C Emerging Technologies,"Solving link-based route guidance problems for large-scale networks is computationally challenging and faces practical issues, such as spatial–temporal data coverage. Thus, regional route guidance has emerged as a promising strategy, which utilizes regional approaches (i.e., network-level macroscopic traffic models) to capture traffic dynamics. Existing regional route guidance models have mainly focused on macroscopic flows and aggregated splitting rates, employing uniformly sampled vehicles as controllable targets. These models, however, overlook the inherent nature of individual drivers’ compliance. It may deteriorate the guidance performance as existing route guidance models cannot effectively generate customized route plans for compliant vehicles. This paper aims to introduce a regional route guidance framework with the utilization of different solution approaches, i.e. model-based and data-driven, considering the compliance pattern. In particular, MPC-based and deep reinforcement learning-based schemes are proposed for the information service provider to send customized route plans to compliant individuals. Within each solution approach, different route guidance strategies are developed for specific purposes and evaluated through numerical experiments under low- and high-congestion scenarios. Besides, the trade-off between total travel time and average trip length is studied, wherein the balance reward in a deep reinforcement learning-based approach enables controllable agents to reduce trip costs while compromising partial system utility. The findings indicate the effectiveness of the proposed strategies in alleviating network congestion. Additionally, multi-agent approaches outperform single-agent ones, highlighting the benefits of cooperative decision-making in traffic management."
https://openalex.org/W4393931169,A reinforcement learning-based hyper-heuristic for AGV task assignment and route planning in parts-to-picker warehouses,2024,https://doi.org/10.1016/j.tre.2024.103518,Transportation Research Part E Logistics and Transportation Review,
https://openalex.org/W2991607840,Deep Reinforcement Learning based Vehicle Navigation amongst pedestrians using a Grid-based state representation,2019,https://doi.org/10.1109/itsc.2019.8917299,,"Autonomous navigation in structured urban environments amongst pedestrians is a challenging and less explored problem. In this work, we propose to use a deep reinforcement learning based method to solve this problem of navigation. A Deep Q-Network based agent is trained in a simulator for a typical intersection crossing setup amongst pedestrians. We propose a grid based representation as a state space input to the learning agent. With this grid based representation and our reward function the agent learns a policy capable of driving safely around pedestrians and also follow the traffic rules."
https://openalex.org/W3182999346,Deep Reinforcement Learning Based Dynamic Route Planning for Minimizing Travel Time,2021,https://doi.org/10.1109/iccworkshops50388.2021.9473555,,"Route planning is important in transportation. Existing works focus on finding the shortest path solution or using metrics such as safety and energy consumption to determine the planning. It is noted that most of these studies rely on prior knowledge of road network, which may be not available in certain situations. In this paper, we design a route planning algorithm based on deep reinforcement learning (DRL) for pedestrians. We use travel time consumption as the metric, and plan the route by predicting pedestrian flow in the road network. We put an agent, which is an intelligent robot, on a virtual map. Different from previous studies, our approach assumes that the agent does not need any prior information about road network, but simply relies on the interaction with the environment. We propose a dynamically adjustable route planning (DARP) algorithm, where the agent learns strategies through a dueling deep Q network to avoid congested roads. Simulation results show that the DARP algorithm saves 52% of the time under congestion condition when compared with traditional shortest path planning algorithms."
https://openalex.org/W3015848170,Urban Traffic Route Guidance Method With High Adaptive Learning Ability Under Diverse Traffic Scenarios,2020,https://doi.org/10.1109/tits.2020.2978227,IEEE Transactions on Intelligent Transportation Systems,"With the rapid development of urbanization, the problem of urban traffic congestion has become increasingly prominent. Dynamic route guidance promises to improve the capacity of urban traffic management and mitigate traffic congestion in big cities. In the design of simulation-based experiments for most dynamic route guidance methods, the simulation data is generally estimated from a specific traffic scenario in the real-world. However, highly dynamic traffic in the city implies that traffic scenarios in real systems are diverse. Therefore, if a route guidance method cannot adjust its strategy according to the spatial and temporal characteristics of different traffic scenarios, then it cannot guarantee optimal results under all traffic scenarios. Thus, ideal dynamic route guidance methods should have a highly adaptive learning ability under diverse traffic scenarios so as to have extensive improvement capabilities for different traffic scenarios. In this study, an A* trajectory rejection method based on multi-agent reinforcement learning (A*R2) is proposed; the method integrates both system and user perspectives to mitigate traffic congestion and reduce travel time (TT) and travel distance (TD). First, owing to its adaptive learning ability, the A*R2can comprehensively analyze the traffic conditions for different traffic scenarios and intelligently evaluate the road congestion index from a system perspective. Then, the A*R2determines the routes for all vehicles from user perspective according to the road network congestion index. An extensive set of simulation experiments reveal that, under various traffic scenarios, the A*R2can rely on its adaptive learning ability to achieve better traffic efficiency. Moreover, even in cases where many drivers are not fully compliant with the route guidance, the traffic efficiency can still be improved significantly by A*R2."
https://openalex.org/W4389505562,Connected vehicles’ dynamic route planning based on reinforcement learning,2023,https://doi.org/10.1016/j.future.2023.11.037,Future Generation Computer Systems,
https://openalex.org/W2970920473,Distributed and Energy-Efficient Mobile Crowdsensing with Charging Stations by Deep Reinforcement Learning,2019,https://doi.org/10.1109/tmc.2019.2938509,IEEE Transactions on Mobile Computing,"Mobile crowdsensing (MCS) represents a new sensing paradigm that utilizes the smart mobile devices to collect and share data. Traditional MCS systems mainly leverages the people carried smartphones and other wearable devices which are constrained by the limited sensing capability and battery power. With the popularity of unmanned vehicles like unmanned aerial vehicles (UAVs) and driverless cars, they can provide much more reliable, accurate and cost-efficient sensing services due to to their equipped more powerful sensors. In this paper, we propose a distributed control framework for energy-efficient and DIstributed VEhicle navigation with chaRging sTations, called “e-Divert”. It is a distributed multi-agent deep reinforcement learning (DRL) solution, which uses a convolutional neural network (CNN) to extract useful spatial features as the input to the actor-critic network to produce a real-time action. Also, e-Divert incorporates a distributed prioritized experience replay for better exploration and exploitation, and a long short-term memory (LSTM) enabled N-step temporal sequence modeling module. The solution fully explores the spatiotemporal nature of the considered scenario for better vehicle cooperation and competition between themselves and charging stations, to maximize the energy efficiency, data collection ratio, geographic fairness, and minimize the energy consumption simultaneously. Through extensive simulations, we find an appropriate set of hyperparameters that achieve the best performance, i.e., 5 actors in Ape-X architecture, priority exponent 0.5, and LSTM sequence length 3. Finally, we compare with four baselines including one state-of-the-art approach MADDPG. Results show that our proposed e-Divert significantly improves the energy efficiency, as compared to MADDPG, by 3.62 and 2.36 times on average when varying different numbers of vehicles and charging stations, respectively."
https://openalex.org/W3102049471,"PassGoodPool: Joint Passengers and Goods Fleet Management With Reinforcement Learning Aided Pricing, Matching, and Route Planning",2021,https://doi.org/10.1109/tits.2021.3128877,IEEE Transactions on Intelligent Transportation Systems,"The ubiquitous growth of mobility-on-demand services for passenger and goods delivery has brought various challenges and opportunities within the realm of transportation systems. As a result, intelligent transportation systems are being developed to maximize operational profitability, user convenience, and environmental sustainability. The growth of last mile deliveries alongside ridesharing calls for an efficient and cohesive system that transports both passengers and goods. Existing methods address this using static routing methods considering neither the demands of requests nor the transfer of goods between vehicles during route planning. In this paper, we present a dynamic and demand aware fleet management framework for combined goods and passenger transportation that is capable of (1) Involving both passengers and drivers in the decision-making process by allowing drivers to negotiate to a mutually suitable price, and passengers to accept/reject, (2) Matching of goods to vehicles, and the multi-hop transfer of goods, (3) Dynamically generating optimal routes for each vehicle considering demand along their paths, based on the insertion cost which then determines the matching, (4) Dispatching idle vehicles to areas of anticipated high passenger and goods demand using Deep Reinforcement Learning (RL), (5) Allowing for distributed inference at each vehicle while collectively optimizing fleet objectives. Our proposed model is deployable independently within each vehicle as this minimizes computational costs associated with the growth of distributed systems and democratizes decision-making to each individual. Simulations on a variety of vehicle types, goods, and passenger utility functions show the effectiveness of our approach as compared to other methods that do not consider combined load transportation or dynamic multi-hop route planning. Our proposed method showed improvements over the next best baseline in various aspects including a 15% increase in fleet utilization and a 20% increase in average vehicle profits."
https://openalex.org/W4362513762,A Deep-Reinforcement-Learning-Based Computation Offloading With Mobile Vehicles in Vehicular Edge Computing,2023,https://doi.org/10.1109/jiot.2023.3264281,IEEE Internet of Things Journal,"Vehicular edge networks involve edge servers that are close to mobile devices to provide extra computation resource to complete the computation tasks of mobile devices with low latency and high reliability. Considerable efforts on computation offloading in vehicular edge networks have been developed to reduce the energy consumption and computation latency, in which roadside units (RSUs) are usually considered as the fixed edge servers (FESs). Nonetheless, the computation offloading with considering mobile vehicles as mobile edge servers (MESs) in vehicular edge networks still needs to be further investigated. To this end, in this article, we propose a Deep-Reinforcement-Learning-based computation offloading with mobile vehicles in vehicular edge computing, namely, Deep-Reinforcement-Learning-based computation offloading scheme (DRL-COMV), in which some vehicles (such as autonomous vehicle) are deployed and considered as the MESs that move in vehicular edge networks and cooperate with FESs to provide extra computation resource for mobile devices, in order to assist in completing the computation tasks of these mobile devices with great Quality of Experience (QoE) (i.e., low latency) for mobile devices. Particularly, the computation offloading model with considering both mobile and FESs is conducted to achieve the computation tasks offloading through vehicle-to-vehicle (V2V) communications, and a collaborative route planning is considered for these MESs to move in vehicular edge networks with objective of improving efficiency of computation offloading. Then, a Deep-Reinforcement-Learning approach with designing rational reward function is proposed to determine the effective computation offloading strategies for multiple mobile devices and multiple edge servers with objective of maximizing both QoE (i.e., low latency) for mobile devices. Through performance evaluations, our results show that our proposed DRL-COMV scheme can achieve a great convergence and stability. Additionally, our results also demonstrate that our DRL-COMV scheme also can achieve better both QoE and task offloading requests hit ratio for mobile devices in comparison with existing approaches (i.e., DDPG, IMOPSOQ, and GABDOS)."
https://openalex.org/W4407212625,Multi-Modal Attention Perception for Intelligent Vehicle Navigation Using Deep Reinforcement Learning,2025,https://doi.org/10.1109/tits.2025.3535885,IEEE Transactions on Intelligent Transportation Systems,"In this paper, we propose a new framework for collision-free intelligent vehicle navigation, aiming to successfully avoid obstacles using deep reinforcement learning. The navigation system separates perception and control and utilizes multimodal perception to achieve reliable online interaction with the surroundings. This allows for direct policy learning to generate flexible actions and avoid collisions. Our navigation system establishes a connection between the virtual environment and the real world, allowing learning policies in the virtual environment to be implemented in real-world environments through transfer learning. Our approach aims to integrate camera, Lidar, and Inertial Measurement Unit (IMU) data to construct a multimodal perception-based environment model, which is a state input for reinforcement learning. In this process, we utilize a series of cross-domain self-attention layers to enhance visual and Lidar perception, promoting significant improvements in perception. We also introduce the recurrent deduction to facilitate global decision-making based on local perception. Additionally, we introduce the Self-Assessment Gradient model into the reinforcement learning process to further optimize the learning policy. The experimental results demonstrate the proposed approach reduces the disparity between the virtual environment and the real world, highlighting its superiority over other state-of-the-art methods. Our project page is publicly available athttps://github.com/CV4RA/MMAP-DRL-Nav."
https://openalex.org/W3118868204,Automated Lane Change Strategy using Proximal Policy Optimization-based Deep Reinforcement Learning,2020,https://doi.org/10.1109/iv47402.2020.9304668,,"Lane-change maneuvers are commonly executed by drivers to follow a certain routing plan, overtake a slower vehicle, adapt to a merging lane ahead, etc. However, improper lane change behaviors can be a major cause of traffic flow disruptions and even crashes. While many rule-based methods have been proposed to solve lane change problems for autonomous driving, they tend to exhibit limited performance due to the uncertainty and complexity of the driving environment. Machine learning-based methods offer an alternative approach, as Deep reinforcement learning (DRL) has shown promising success in many application domains including robotic manipulation, navigation, and playing video games. However, applying DRL to autonomous driving still faces many practical challenges in terms of slow learning rates, sample inefficiency, and safety concerns. In this study, we propose an automated lane change strategy using proximal policy optimization-based deep reinforcement learning, which shows great advantages in learning efficiency while still maintaining stable performance. The trained agent is able to learn a smooth, safe, and efficient driving policy to make lane-change decisions (i.e. when and how) in challenging situation such as dense traffic scenarios. The effectiveness of the proposed policy is validated by using metrics of task success rate and collision rate. The simulation results demonstrate the lane change maneuvers can be efficiently learned and executed in a safe, smooth and efficient manner."
https://openalex.org/W4391305615,Socially Intelligent Reinforcement Learning for Optimal Automated Vehicle Control in Traffic Scenarios,2024,https://doi.org/10.1109/tase.2023.3347264,IEEE Transactions on Automation Science and Engineering,"In this paper, a novel approach is presented for modeling the interaction dynamics between an ego car and a bicycle in a traffic scenario using a hybrid reinforcement learning framework combined with a social value orientation (SVO) model. The proposed framework leverages the SARSA algorithm to learn the optimal policy for the ego vehicle while incorporating risk cost as the negative log-likelihood of collision. Additionally, a customized SVO model is introduced to capture the social preferences of the ego car and the bicycle, defining the SVO of each agent as a continuous variable between egoistic and cooperative orientations. Furthermore, a weight parameter is incorporated in the framework to regulate the influence of the SVO model on the learning process. We demonstrate the effectiveness of our approach through extensive simulations, showing that the ego car can balance between maximizing its reward and avoiding collisions while considering the social preferences of the agents. The obtained results are compared to other models in the literature, and it is shown that the proposed method contributes to the development of safe and efficient autonomous driving systems that interact with human-driven vehicles in a socially intelligent mannerNote to Practitioners—This proposed framework is motivated by the pressing challenge of navigation for autonomous cars in complex urban driving scenarios and mixed traffic situations. With the increasing prevalence of autonomous vehicles on roads, developing intelligent navigation systems that can effectively interact with other road users has become essential. Our novel framework addresses this need by leveraging the SARSA algorithm to learn the optimal policy for the ego vehicle while incorporating risk cost as the negative log-likelihood of collision. Additionally, a customized SVO model is introduced to capture the social preferences of the ego car and the bicycle, defining the SVO of each agent as a continuous variable between egoistic and cooperative orientations. This enables autonomous vehicles to make informed decisions and navigate safely and efficiently. Our framework can enormously help the field of autonomous vehicle navigation and contribute significantly to developing safe, human-centric, and reliable transportation systems. The versatility of our approach is evident in its potential to support a network of autonomous vehicles interacting with multiple road users, thereby enhancing scalability. By leveraging the power of machine learning, our solution provides a robust and adaptable approach that can handle the diverse and ever-changing conditions of urban driving scenarios."
https://openalex.org/W4399078645,Development of Unmanned Aerial Vehicle Navigation and Warehouse Inventory System Based on Reinforcement Learning,2024,https://doi.org/10.3390/drones8060220,Drones,"In this paper, we present the exploration of indoor positioning technologies for UAVs, as well as navigation techniques for path planning and obstacle avoidance. The objective was to perform warehouse inventory tasks, using a drone to search for barcodes or markers to identify objects. For the indoor positioning techniques, we employed visual-inertial odometry (VIO), ultra-wideband (UWB), AprilTag fiducial markers, and simultaneous localization and mapping (SLAM). These algorithms included global positioning, local positioning, and pre-mapping positioning, comparing the merits and drawbacks of various techniques and trajectories. For UAV navigation, we combined the SLAM-based RTAB-map indoor mapping and navigation path planning of the ROS for indoor environments. This system enabled precise drone positioning indoors and utilized global and local path planners to generate flight paths that avoided dynamic, static, unknown, and known obstacles, demonstrating high practicality and feasibility. To achieve warehouse inventory inspection, a reinforcement learning approach was proposed, recognizing markers by adjusting the UAV’s viewpoint. We addressed several of the main problems in inventory management, including efficiently planning of paths, while ensuring a certain detection rate. Two reinforcement learning techniques, AC (actor–critic) and PPO (proximal policy optimization), were implemented based on AprilTag identification. Testing was performed in both simulated and real-world environments, and the effectiveness of the proposed method was validated."
https://openalex.org/W4213190850,A Multi-Agent Reinforcement Learning Method With Route Recorders for Vehicle Routing in Supply Chain Management,2022,https://doi.org/10.1109/tits.2022.3150151,IEEE Transactions on Intelligent Transportation Systems,"In the modern supply chain system, large-scale transportation tasks require the collaborative work of multiple vehicles to be completed on time. Over the past few decades, multi-vehicle route planning was mainly implemented by heuristic algorithms. However, these algorithms face the dilemma of long computation time. In recent years, some machine learning-based methods are also proposed for vehicle route planning, but the existing algorithms can hardly solve multi-vehicle time-sensitive problems. To overcome this problem, we propose a novel multi-agent reinforcement learning model, which optimizes the route length and the vehicle’s arrival time simultaneously. The model is based on the encoder-decoder framework. The encoder mines the relationship between the customer nodes in the problem, and the decoder generates the route of each vehicle iteratively. Specially, we design multiple route recorders to extract the route history information of vehicles and realize the communication between them. In the inferring phase, the model could immediately generate routes for all vehicles in a new instance. To further improve the performance of the model, we devise a multi-sampling strategy and obtain the balance boundary between computation time and performance improvement. In addition, we propose a simulation-based vehicle configuration method to select the optimal number of vehicles in real applications. For validation, we conduct a series of experiments on problems with different customer amounts and various vehicle numbers. The results show that the proposed model outperforms other typical algorithms in both performance and calculation time."
https://openalex.org/W4385444832,A Multi-AGV Routing Planning Method Based on Deep Reinforcement Learning and Recurrent Neural Network,2023,https://doi.org/10.1109/jas.2023.123300,IEEE/CAA Journal of Automatica Sinica,"Dear Editor, This letter presents a multi-automated guided vehicles (AGV) routing planning method based on deep reinforcement learning (DRL) and recurrent neural network (RNN), specifically utilizing proximal policy optimization (PPO) and long short-term memory (LSTM). Compared to traditional AGV pathing planning methods using genetic algorithm, ant colony optimization algorithm, etc., our proposed method has a higher degree of adaptability to deal with temporary changes of tasks or sudden failures of AGVs. Furthermore, our novel routing method, which uses LSTM to take into account temporal step information, provides a more optimized performance in terms of rewards and convergence speed as compared to existing PPO-based routing methods for AGVs."
https://openalex.org/W3133476022,Double Deep Q-Learning and Faster R-CNN-Based Autonomous Vehicle Navigation and Obstacle Avoidance in Dynamic Environment,2021,https://doi.org/10.3390/s21041468,Sensors,"Autonomous vehicle navigation in an unknown dynamic environment is crucial for both supervised- and Reinforcement Learning-based autonomous maneuvering. The cooperative fusion of these two learning approaches has the potential to be an effective mechanism to tackle indefinite environmental dynamics. Most of the state-of-the-art autonomous vehicle navigation systems are trained on a specific mapped model with familiar environmental dynamics. However, this research focuses on the cooperative fusion of supervised and Reinforcement Learning technologies for autonomous navigation of land vehicles in a dynamic and unknown environment. The Faster R-CNN, a supervised learning approach, identifies the ambient environmental obstacles for untroubled maneuver of the autonomous vehicle. Whereas, the training policies of Double Deep Q-Learning, a Reinforcement Learning approach, enable the autonomous agent to learn effective navigation decisions form the dynamic environment. The proposed model is primarily tested in a gaming environment similar to the real-world. It exhibits the overall efficiency and effectiveness in the maneuver of autonomous land vehicles."
https://openalex.org/W4392110464,Route Planning Algorithms for Unmanned Surface Vehicles (USVs): A Comprehensive Analysis,2024,https://doi.org/10.3390/jmse12030382,Journal of Marine Science and Engineering,"This review paper provides a structured analysis of obstacle avoidance and route planning algorithms for unmanned surface vehicles (USVs) spanning both numerical simulations and real-world applications. Our investigation encompasses the development of USV route planning from the year 2000 to date, classifying it into two main categories: global and local route planning. We emphasize the necessity for future research to embrace a dual approach incorporating both simulation-based assessments and real-world field tests to comprehensively evaluate algorithmic performance across diverse scenarios. Such evaluation systems offer valuable insights into the reliability, endurance, and adaptability of these methodologies, ultimately guiding the development of algorithms tailored to specific applications and evolving demands. Furthermore, we identify the challenges to determining optimal collision avoidance methods and recognize the effectiveness of hybrid techniques in various contexts. Remarkably, artificial potential field, reinforcement learning, and fuzzy logic algorithms emerge as standout contenders for real-world applications as consistently evaluated in simulated environments. The innovation of this paper lies in its comprehensive analysis and critical evaluation of USV route planning algorithms validated in real-world scenarios. By examining algorithms across different time periods, the paper provides valuable insights into the evolution, trends, strengths, and weaknesses of USV route planning technologies. Readers will benefit from a deep understanding of the advancements made in USV route planning. This analysis serves as a road map for researchers and practitioners by furnishing insights to advance USV route planning and collision avoidance techniques."
https://openalex.org/W3168367332,Reinforcement learning for the traveling salesman problem with refueling,2021,https://doi.org/10.1007/s40747-021-00444-4,Complex & Intelligent Systems,"Abstract The traveling salesman problem (TSP) is one of the best-known combinatorial optimization problems. Many methods derived from TSP have been applied to study autonomous vehicle route planning with fuel constraints. Nevertheless, less attention has been paid to reinforcement learning (RL) as a potential method to solve refueling problems. This paper employs RL to solve the traveling salesman problem With refueling (TSPWR). The technique proposes a model (actions, states, reinforcements) and RL-TSPWR algorithm. Focus is given on the analysis of RL parameters and on the refueling influence in route learning optimization of fuel cost. Two RL algorithms: Q-learning and SARSA are compared. In addition, RL parameter estimation is performed by Response Surface Methodology, Analysis of Variance and Tukey Test. The proposed method achieves the best solution in 15 out of 16 case studies."
https://openalex.org/W4285121983,Development of Reinforcement Learning-Based Traffic Predictive Route Guidance Algorithm Under Uncertain Traffic Environment,2022,https://doi.org/10.1109/access.2022.3179383,IEEE Access,"There have been enormous efforts to develop a novel vehicle routing algorithm to reduce origin-to-destination (OD) travel time. Most of the previous studies have mainly focuses on providing the shortest travel time route based on an estimated traffic information. Few researches have considered the use of predictive information on traffic dynamics to improve the quality of route guidance algorithm. However, there is still uncertainty associated with future traffic condition, particularly in non-recurrent traffic congestion caused by abnormal event. For a reliable navigation service under uncertain traffic conditions, this research develops a reinforcement learning-based traffic predictive vehicle routing (RL-TPVR) algorithm. The proposed algorithm is designed to mitigate the variability of OD travel time by incorporating predictive state representation and prediction reward modeling in the reinforcement learning scheme. The RL-TPVR is evaluated in terms of OD travel time based on various traffic scenarios with different demand patterns. Several numerical studies including a performance gap analysis, case study, and comparative study are conducted using microscopic simulation experiments. The performance gap analysis demonstrates the superiority of the RL-TPVR with respect to traffic uncertainty, particularly in non-recurrent traffic congestion cases. In addition, the case study shows that the RL-TPVR exhibits a flexible and dynamic OD travel route depending on the given traffic situations. Furthermore, the comparative study verifies that the proposed algorithm outperforms other existing algorithms in both recurrent and non-recurrent traffic congestion cases. These findings suggest the RL-TPVR has great potential for providing the shortest travel time route under uncertain traffic conditions."
https://openalex.org/W3196433130,Refined Path Planning for Emergency Rescue Vehicles on Congested Urban Arterial Roads via Reinforcement Learning Approach,2021,https://doi.org/10.1155/2021/8772688,Journal of Advanced Transportation,"Fast road emergency response can minimize the losses caused by traffic accidents. However, emergency rescue on urban arterial roads is faced with the high probability of congestion caused by accidents, which makes the planning of rescue path complicated. This paper proposes a refined path planning method for emergency rescue vehicles on congested urban arterial roads during traffic accidents. Firstly, a rescue path planning environment for emergency vehicles on congested urban arterial roads based on the Markov decision process is established, which focuses on the architecture of arterial roads, taking the traffic efficiency and vehicle queue length into consideration of path planning; then, the prioritized experience replay deep Q-network (PERDQN) reinforcement learning algorithm is used for path planning under different traffic control schemes. The proposed method is tested on the section of East Youyi Road in Xi’an, Shaanxi Province, China. The results show that compared with the traditional shortest path method, the rescue route planned by PERDQN reduces the arrival time to the accident site by 67.1%, and the queue length at upstream of the accident point is shortened by 16.3%, which shows that the proposed method is capable to plan the rescue path for emergency vehicles in urban arterial roads with congestion, shorten the arrival time, and reduce the vehicle queue length caused by accidents."
https://openalex.org/W2990602094,Autonomous Vehicle for Obstacle Detection and Avoidance Using Reinforcement Learning,2019,https://doi.org/10.1007/978-981-15-0035-0_5,Advances in intelligent systems and computing,
https://openalex.org/W4396506404,Transfer Learning-Based Deep Reinforcement Learning Approach for Robust Route Guidance in Mixed Traffic Environment,2024,https://doi.org/10.1109/access.2024.3395430,IEEE Access,"A previously developed Deep Reinforcement Learning-based Vehicle Routing (DRL-VR) algorithm aims to be used for providing the shortest Origin-Destination (OD) travel time path in dynamic traffic environment. However, several issues may still arise regarding uncertainty associated with mixed traffic conditions coexisting Automated Vehicles (AV) and Human-driven Vehicles (HV), particularly in a wide-area urban road network. To develop a robust and interoperable route guidance algorithm based on the DRL approach, this study proposes Transfer learning-based deep reinforcement Learning Algorithm for Route Guidance (TLARG). It is an extended framework on the previous approach by incorporating transfer learning scheme that enables the DRL model of TLARG to converge even in a wide-area urban road network. The TLARG is evaluated in terms of OD travel time based on diverse OD trips with different urban road networks, including narrow- and wide-area road networks. This research conducts several evaluation studies based on microscopic traffic simulation experiments. The simulation result shows that the TLARG enables the agent to complete its OD trips not only with flexible routes but also with reductions in travel time depending on given traffic situations irrespective of network type. Furthermore, it demonstrates that the robustness of the proposed approach by measuring the error of Estimated Time of Arrival (ETA) for various OD trips in different urban road networks under the mixed traffic conditions. Such findings suggest that the TLARG has great potential to enhance the punctuality of mobility service by providing robust route guidance, even in the era of coexisting AVs and HVs."
https://openalex.org/W4394596049,Advanced Deep Reinforcement Learning Strategies for Enhanced Autonomous Vehicle Navigation Systems,2024,https://doi.org/10.1109/ic457434.2024.10486336,,"The objective of this research is to investigate more sophisticated techniques in Deep Reinforcement Learning (DRL) for the purpose of improving navigation systems for autonomous vehicles. The results of our research indicate that the success rates of DRL algorithms are encouraging: DQN (75.2%), PPO (82.6%), and TRPO (78.1%). The success of navigation is highly influenced by optimisation factors such as parameter tuning (87.4%), exploration-exploitation balance (85.1%), and reward shaping (88.9%). The generalisation score for transfer learning is rather good (92.3%), while the safety modules are designed to make the system safer. These findings highlight the significance of algorithm selection, parameter optimisation, and advanced techniques in the process of optimising navigation for autonomous vehicles, hence establishing essential benchmarks for future developments."
https://openalex.org/W4367663425,An Adaptive Route Guidance Model Considering the Effect of Traffic Signals Based on Deep Reinforcement Learning,2023,https://doi.org/10.1109/mits.2023.3265596,IEEE Intelligent Transportation Systems Magazine,"Navigation or route guidance systems are designed to provide drivers with real-time travel information and the associated recommended routes for their trips. Classical route choice models typically rely on utility theory to represent drivers’ route choice behavior. Such choices, however, may not be optimal from both the individual and the system perspectives. This is simply due to the fact that drivers usually have imperfect knowledge about the time-varying traffic conditions. In this article, we explore and propose a new model-free deep reinforcement learning (DRL) approach to solving the adaptive route guidance problem based on microsimulation. The proposed approach consists of three interconnected algorithms, including a network edge labeling algorithm, a routing plan identification algorithm, and an adaptive route guidance algorithm. Simulation experiments on both a toy network and a real-world network of Suzhou, China, are performed to demonstrate the effectiveness of the proposed approach in terms of guiding a single vehicle as well as multiple vehicles through complex traffic environments. Comparative results confirm that the DRL approach outperforms the traditional shortest path method by further reducing the average travel time in the network."
https://openalex.org/W2890163410,Parallel Hyper-Heuristic Algorithm for Multi-Objective Route Planning in a Smart City,2018,https://doi.org/10.1109/tvt.2018.2868942,IEEE Transactions on Vehicular Technology,"Most of the commercial navigation products provide route planning service for users. However, they only consider a single metric such as distance, time, or other costs, while ignoring a critical criterion: safety. In a smart city, people may prefer to find a safe walking route to avoid the potential crime risk as well as obtain a short distance. This problem can be specified as a multi-objective optimization problem (MOOP). Many methods were proposed in the past to solve the multi-objective route planning, the multi-objective evolutionary approach (MOEA) is considered as the most popular one. However, MOEA is non-optimized when used in a large-scale road network and becomes computationally expensive when handling a large population size. In this paper, we propose a multi-objective hyper-heuristic (MOHH) framework for walking route planning in a smart city. In the search framework, we design a set of low level heuristics to generate new routes. Moreover, we adopt reinforcement learning mechanism to select good low-level heuristics to accelerate searching speed. We further improve the reinforcement learning-based multi-objective hyper-heuristic (RL-MOHH) algorithm and implement a parallel version (RL-PMOHH) on general purpose graphic process unit. Extensive experiments are conducted on the safety-index map constructed from the historical urban data of the New York city. Comprehensive experimental results show that the proposed RL-PMOHH is almost 173, 5.3, and 3.1 times faster than the exact multi-objective optimization algorithm, the RL-MOHH algorithm, and the parallel NSGA-II algorithm, respectively. Moreover, both RL-MOHH and RL-PMOHH can obtain more than 80% Pareto optimal solutions in a large-scale road network."
https://openalex.org/W4309651352,Network-aware multi-agent reinforcement learning for the vehicle navigation problem,2022,https://doi.org/10.1145/3557915.3561005,Proceedings of the 30th International Conference on Advances in Geographic Information Systems,"Traffic congestion is characterized by longer trip times, and increased air pollution. In a static road network, the travel time to a destination is constant and can be computed using the shortest path first algorithm (SPF). However, road network conditions are dynamic, rendering the SPF to perform sub-optimally at times. In addition, in a realistic multiple-vehicle scenario, the SPF routing algorithm can cause congestion by routing all vehicles through the same shortest path. In this paper, we propose a network-aware multi-agent reinforcement learning model for addressing this problem. Our key idea is to assign an RL agent to intersections. Each RL agent operates as a router agent and is responsible for providing routing instructions to approaching vehicles. When a vehicle reaches an intersection, it submits a routing query to the RL agent consisting of its final destination. The RL agent generates a routing response based on (i) the destination, (ii) the current state of the road network, and (iii) routing policies learned by cooperating with other neighboring RL agents. Our experimental evaluation shows that the proposed MARL model outperforms the SPF algorithm by (up to) 20.2% in average travel time."
https://openalex.org/W4387501282,SoC-VRP: A Deep-Reinforcement-Learning-Based Vehicle Route Planning Mechanism for Service-Oriented Cooperative ITS,2023,https://doi.org/10.3390/electronics12204191,Electronics,"With the rapid development of emerging information technology and its increasing integration with transportation systems, the Intelligent Transportation System (ITS) is entering a new phase, called Cooperative ITS (C-ITS). It offers promising solutions to numerous challenges in traditional transportation systems, among which the Vehicle Routing Problem (VRP) is a significant concern addressed in this work. Considering the varying urgency levels of different vehicles and their different traveling constraints in the Service-oriented Cooperative ITS (SoC-ITS) framework studied in our previous research, the Service-oriented Cooperative Vehicle Routing Problem (SoC-VRP) is firstly analyzed, in which cooperative planning and vehicle urgency degrees are two vital factors. After examining the characteristics of both VRP and SoC-VRP, a Deep Reinforcement Learning (DRL)-based prioritized route planning mechanism is proposed. Specifically, we establish a deep reinforcement learning model with Rainbow DQN and devise a prioritized successive decision-making route planning method for SoC-ITS, where vehicle urgency degrees are mapped to three priorities: High for emergency vehicles, Medium for shuttle buses, and Low for the rest. All proposed models and methods are implemented, trained using various scenarios on typical road networks, and verified with SUMO-based scenes. Experimental results demonstrate the effectiveness of this hybrid prioritized route planning mechanism."
https://openalex.org/W4304127727,Multiagent Reinforcement Learning Based on Fusion-Multiactor-Attention-Critic for Multiple-Unmanned-Aerial-Vehicle Navigation Control,2022,https://doi.org/10.3390/en15197426,Energies,"The proliferation of unmanned aerial vehicles (UAVs) has spawned a variety of intelligent services, where efficient coordination plays a significant role in increasing the effectiveness of cooperative execution. However, due to the limited operational time and range of UAVs, achieving highly efficient coordinated actions is difficult, particularly in unknown dynamic environments. This paper proposes a multiagent deep reinforcement learning (MADRL)-based fusion-multiactor-attention-critic (F-MAAC) model for multiple UAVs’ energy-efficient cooperative navigation control. The proposed model is built on the multiactor-attention-critic (MAAC) model, which offers two significant advances. The first is the sensor fusion layer, which enables the actor network to utilize all required sensor information effectively. Next, a layer that computes the dissimilarity weights of different agents is added to compensate for the information lost through the attention layer of the MAAC model. We utilize the UAV LDS (logistic delivery service) environment created by the Unity engine to train the proposed model and verify its energy efficiency. The feature that measures the total distance traveled by the UAVs is incorporated with the UAV LDS environment to validate the energy efficiency. To demonstrate the performance of the proposed model, the F-MAAC model is compared with several conventional reinforcement learning models with two use cases. First, we compare the F-MAAC model to the DDPG, MADDPG, and MAAC models based on the mean episode rewards for 20k episodes of training. The two top-performing models (F-MAAC and MAAC) are then chosen and retrained for 150k episodes. Our study determines the total amount of deliveries done within the same period and the total amount done within the same distance to represent energy efficiency. According to our simulation results, the F-MAAC model outperforms the MAAC model, making 38% more deliveries in 3000 time steps and 30% more deliveries per 1000 m of distance traveled."
https://openalex.org/W2945320416,Q(λ) learning-based dynamic route guidance algorithm for overhead hoist transport systems in semiconductor fabs,2019,https://doi.org/10.1080/00207543.2019.1614692,International Journal of Production Research,"A learning-based dynamic routing algorithm is proposed for the overhead hoist transport (OHT) systems of semiconductor fabrication facilities (fabs). An OHT system, which consists of multiple vehicles moving at high speeds on guided rails, is the primary automated material-handling system (AMHS) in a fab. Modern large-scale fabs have hundreds of vehicles moving lots between multiple processing machines. The dynamic routing method is a route guidance method that dynamically selects the best vehicle paths under given traffic conditions and congestion levels. Building on the Q(λ) learning method, we develop a reinforcement learning-based dynamic routing algorithm called QLBWR(λ), which consists of a Boltzmann softmax policy and a reward function. The proposed algorithm uses real-time information to effectively guide each vehicle so that it avoids congestion and finds an efficient path. The algorithm is also designed with a low computational burden, such that the efficient route can be found for hundreds of vehicles in real time. Simulation analyses on an actual fab layout are used to compare the performance of the proposed algorithm with common static and dynamic algorithms. The results show that the proposed algorithm outperforms the benchmarking algorithms."
https://openalex.org/W4389565663,A reinforcement learning-based routing algorithm for large street networks,2023,https://doi.org/10.1080/13658816.2023.2279975,International Journal of Geographical Information Systems,"Evacuation planning and emergency routing systems are crucial in saving lives during disasters. Traditional emergency routing systems, despite their best efforts, often struggle to accurately capture the dynamic nature of flood conditions, road closures, and other real-time changes inherent in urban disaster logistics. This paper introduces the ReinforceRouting model, a novel approach to optimizing evacuation routes using reinforcement learning (RL). The model incorporates a unique RL environment that considers multiple criteria, such as traffic conditions, hazardous situations, and the availability of safe routes. The RL agent in this model learns optimal actions through interaction with the environment, receiving feedback in the form of rewards or penalties. The ReinforceRouting model excels in executing prompt and accurate route planning on large road networks, outperforming traditional RL algorithms and shortest-path-based algorithms. A higher safety score and episode reward of the model are demonstrated when compared to these classical methods. This innovative approach to disaster evacuation planning offers a promising avenue for enhancing the efficiency, safety, and reliability of emergency responses in dynamic urban environments."
https://openalex.org/W4312228395,A Constraint-Based Routing and Charging Methodology for Battery Electric Vehicles With Deep Reinforcement Learning,2022,https://doi.org/10.1109/tsg.2022.3214680,IEEE Transactions on Smart Grid,"Electric vehicle route planning (EVRP) is generated from the collaborative operation of smart grids and intelligent transportation systems. It has become an essential issue for the widespread use of battery electric vehicles. However, the existed EVRP solutions are of either high computational complexity or low efficiency for large-scale problems. Towards such issues, we propose an efficient Deep Reinforcement Learning based methodology for constraint-based routing while simultaneously considering electric vehicles’ charging policies. We design a two-layer model to find near-optimal solutions and handle the broad range of problem instances according to the rewards and the preset feasibility rules. The first layer is to approximate a sequence of consecutive actions in reality and correspondingly produce a minimum time-consuming feasible route without re-training for each new problem instance. The second layer is to generate a charging scheme along the previously generated feasible path. The proposed methodology is independent of the road network topology and the electric vehicles’ types. Besides, the convergence of value function in the presented model for EVRP is studied. The experiment shows that our methodology outperforms the traditional ones in computation time with comparable solution quality. Moreover, the obtained model can be directly applied to treat other problem instances on various road networks without re-training procedures."
https://openalex.org/W4392235381,Unmanned aerial vehicle–human collaboration route planning for intelligent infrastructure inspection,2024,https://doi.org/10.1111/mice.13176,Computer-Aided Civil and Infrastructure Engineering,"Motivated by the strengths of unmanned aerial vehicle (UAV), the UAV–human collaboration route planning (UHCRP) for intelligent infrastructure inspection is a problem worthy of discussion to help reduce human costs and minimize the risk of noninspected infrastructures under limited resources. To facilitate UHCRP, this paper proposes a novel deep reinforcement learning (DRL)-based approach to well handle multi-source uncertain features and constraints at a fast speed. To begin with, UHCRP is mathematically described and reformulated as a dual interdependent deep reinforcement learning (diDRL) framework to reflect real-world scenarios. Afterward, a novel policy network named the attention-based deep neural network (A-DNN) is introduced to learn the route planning decisions for the combinatorial optimization problem. In particular, A-DNN is made up of an encoder and a dual decoder for UAV and human inspection, where the multi-head attention mechanism is incorporated to generate richer representations for model performance improvement. Performance of the proposed dual multi-head attention model (DAM) has been tested in simulations and a real-world case study regarding wind farm inspection. Results indicate that DAM under the sampling decoding strategy can deliver a high-quality path plan and show better generalizability for larger scale problem sizes compared to single-head attention model (SAM), multi-head attention model (AM), and two baseline models, namely OR-Tools and genetic algorithm. Moreover, DAM trained by randomly generated data can be directly employed to solve the practical problem with standardization of inputs. Overall, DRL integrates decision-making for inspection method selection and inspected infrastructure selection, providing adaptive and intelligent inspection path planning for UAV and human in complex and dynamic engineering environments."
https://openalex.org/W3040007863,Evaluating semi-cooperative Nash/Stackelberg Q-learning for traffic routes plan in a single intersection,2020,https://doi.org/10.1016/j.conengprac.2020.104525,Control Engineering Practice,"As traffic congestion grows tremendous and frequent in the urban transportation system, many efficient models with reinforcement learning (RL) methods have already been proposed to optimize this situation. A multi-agent reinforcement learning (MARL) system can be constructed from the traffic problem, where the incoming links (i.e., sections) are regarded as agents and the actions made by the agents are for controlling signal lights. A semi-cooperative Nash Q-learning approach on the basis of single-agent Q-learning and Nash equilibrium is proposed and presented in this paper, in which the agents agree on the process of action selection by Nash equilibrium, but strive finally for a common goal with cooperative behaviour when more than one Nash equilibriums exist. Then an extended version called semi-cooperative Stackelberg Q-learning is designed to make a comparison, where Nash equilibrium is replaced by Stackelberg equilibrium in the Q-learning process. Specifically, the agent who has the largest queues will be promoted as a leader and the others are followers who react to the leader’s decision. Instead of adjusting the plan of green light timing published in other research, this paper is contributing to finding the best multi-routes plan for passing most vehicles in a single traffic intersection, with combining game theory and RL in decision-making in the multi-agent framework. These two multi-agent Q-learning methods are implemented and compared with the constant strategy (i.e., the time intervals of green or red lights are fixed and periodical). The simulated result shows that the performance of semi-cooperative Stackelberg Q-learning is better."
https://openalex.org/W4391640441,DL-DRL: A Double-Level Deep Reinforcement Learning Approach for Large-Scale Task Scheduling of Multi-UAV,2024,https://doi.org/10.1109/tase.2024.3358894,IEEE Transactions on Automation Science and Engineering,"Exploiting unmanned aerial vehicles (UAVs) to execute tasks is gaining growing popularity recently. To address the underlying task scheduling problem, conventional exact and heuristic algorithms encounter challenges such as rapidly increasing computation time and heavy reliance on domain knowledge, particularly when dealing with large-scale problems. The deep reinforcement learning (DRL) based methods that learn useful patterns from massive data demonstrate notable advantages. However, their decision space will become prohibitively huge as the problem scales up, thus deteriorating the computation efficiency. To alleviate this issue, we propose a double-level deep reinforcement learning (DL-DRL) approach based on a divide and conquer framework (DCF), where we decompose the task scheduling of multi-UAV into task allocation and route planning. Particularly, we design an encoder-decoder structured policy network in our upper-level DRL model to allocate the tasks to different UAVs, and we exploit another attention-based policy network in our lower-level DRL model to construct the route for each UAV, with the objective to maximize the total value of executed tasks given the maximum flight distance of the UAV. To effectively train the two models, we design an interactive training strategy (ITS), which includes pre-training, intensive training and alternate training. Experimental results show that our DL-DRL performs favorably against the learning-based and conventional baselines including the OR-Tools, in terms of solution quality and computation efficiency. We also verify the generalization performance of our approach by applying it to larger sizes of up to 1500 tasks and to different flight distances of UAVs. Moreover, we also show via an ablation study that our ITS can help achieve a balance between the performance and training efficiency. Our code is publicly available at https://faculty.csu.edu.cn/guohuawu/zh_CN/zdylm/193832/list/ index.htm.Note to Practitioners—Unmanned aerial vehicles (UAVs) are of great practical usage, as they have many real world applications. When a group of UAVs are employed to execute large-scale tasks, a core question is how to scheduling the UAVs, so that they could complete the tasks efficiently. However, it is a computationally hard problem due to the exponentially increasing search space. To solve this problem, we propose a double-level deep reinforcement learning (DL-DRL) approach within a divide-and-conquer framework (DCF), where the upper-level DRL model is responsible for the task allocation, and the lower-level DRL model is responsible for the UAV route planning. To better train the two DRL models who have interplay with each other, we propose a simple yet efficient training strategy, termed interactive training strategy (ITS), which includes pre-training, intensive training and alternate training. The experimental results based on instances of various scales show that our DL-DRL approach outperformed learning-based and conventional baselines, and the designed ITS could strike a good balance between performance and training efficiency. In light of those verified advantages, we believe that our DL-DRL approach has favorable potential to solve the practical task scheduling problem of multi-UAV in real world."
https://openalex.org/W4409235195,Unmanned Surface Vehicle Navigation Under Disturbances: World Model Enhanced Reinforcement Learning,2025,https://doi.org/10.1109/tmech.2025.3552601,IEEE/ASME Transactions on Mechatronics,"Rapidly developing deep reinforcement learning (DRL) methods are suited to address the increasingly complex task requirements of unmanned surface vehicles (USV) that traditional methods cannot resolve. However, current DRL methods fail to make full use of the USV dynamics characteristics and do not consider unknown external disturbances. This article presents a state prediction reinforcement learning (SPRL) framework, to enhance the robustness against disturbances in obstacle avoidance navigation tasks for USVs. A novel latent robust world model (LRWM) with double latent features is elaborated based on probabilistic graphical model (PGM) to learn the transition of the USV navigation and predict future latent features against disturbances. A motion feature is learned to capture the impact of environmental disturbances on USV dynamics, while a prediction feature is extracted to predict future motion states. The proposed SPRL method can provide both the actor and the critic with essential prior information, thereby facilitating its application to actor–critic-based DRL methods. We performed field experiments in a lagoon environment, demonstrating the proposed method's deployability on practical USV platforms and its effectiveness in obstacle avoidance navigation under unknown disturbances."
https://openalex.org/W4403468651,A hierarchical deep reinforcement learning method for solving urban route planning problems under large-scale customers and real-time traffic conditions,2024,https://doi.org/10.1080/13658816.2024.2413394,International Journal of Geographical Information Systems,"As urbanization and economic growth advance, large-scale customers and real-time traffic conditions have become crucial factors in urban route planning. Deep reinforcement learning is considered the most effective method for solving urban route planning problems involving large-scale customers and real-time traffic conditions. Due to memory usage limitations, existing deep reinforcement learning methods cannot identify candidate customers or determine optimal travel routes in large-scale and real-time environments. To tackle these problems, this study introduces a hierarchical deep reinforcement learning method utilizing an improved transformer model (HDRLITF) based on the divide-and-conquer concept. Graph attention networks and gate mechanisms are integrated into the transformer model to capture dynamic features and improve the model’s performance. A two-stage training method, based on the actor-critic algorithm, is proposed to determine the optimal policy function. To evaluate the HDRLITF method, experiments were conducted using datasets from the cities of Shenzhen and Chengdu in China. The experimental results suggest that the HDRLITF method can effectively interact with real-time traffic environments and obtain high-quality solutions compared to other deep reinforcement learning methods. The robustness and reliability of HDRLITF were further validated across multiple traffic scenarios and indicators."
https://openalex.org/W4400316155,Navigating the non-compliance effects on system optimal route guidance using reinforcement learning,2024,https://doi.org/10.1016/j.trc.2024.104721,Transportation Research Part C Emerging Technologies,"We consider a scenario where the transportation management center (TMC) guides future autonomous vehicles (AVs) toward optimal routes, aiming to bring the network in line with the system optimal (SO) principle. However, achieving this requires a joint decision-making process, while users may be non-compliant with the TMC’s route guidance for personal gain. This paper models a future transportation network with a microscopic simulation, to introduce a novel concept of mixed equilibrium. In this framework, AVs follow the TMC’s SO route guidance, while users can dynamically choose to either comply or manually override this autonomy based on their own judgment. We initially model a fully compliant scenario, where the centralized Q-network, analogous to a TMC, is trained using reinforcement learning (RL) to minimize total system travel time (TSTT), providing optimal routes to users. Subsequently, we extend the problem setting to a multi-agent reinforcement learning (MARL) scenario, where users can comply or deviate from the TMC’s guidance based on their own decision-making. Through neural fictitious self-play (NFSP), we employ a modulating hyperparameter to investigate the impact of varying degrees of non-compliance on the overall system. Results indicate that our RL approach holds significant potential for addressing the dynamic system optimal assignment problem. Remarkably, the TMC’s route guidance retains the essence of SO while integrating some level of non-compliance. However, we also demonstrate that dominant user-centric decision-making may lead to system inefficiencies while creating disparities among users. Our framework serves as an innovative tool in an AV-dominant future, offering a realistic perspective on network performance that aids in formulating effective traffic management strategies."
https://openalex.org/W4402593294,Optimizing Autonomous Vehicle Navigation with DQN and PPO: A Reinforcement Learning Approach,2024,https://doi.org/10.1109/apcit62007.2024.10673440,,"The fast-paced development of autopilot software technology calls for the design of smart and efficient algorithms, whose responsibility is to navigate not-so-easy and unpredictable situations. This study will examine the practicality of two common Alpha-Zero techniques from the field of reinforcement learning for automated navigation vehicles, namely, the Deep Q-network (DQN) and the Proximal Policy Optimization (PPO). Utilizing a low-fidelity driving simulator a high-fidelity traffic simulator was then used. The training and testing of both algorithms were then carried out over multiple driving scenarios to evaluate their effectiveness under different scenarios. The results indicate that both DQN and PPO are better than traditional models in performance, with PPO exhibiting greater effectiveness in terms of maintaining pace and navigation efficiency, and reduced walking time. This success is exampled by PPO which has a recorded 95% completion rate and 83% efficiency that even goes beyond 89% completion rate and 78% efficiency rated by DQN. Encouragingly, this result points to the future of sophisticated reinforcement learning as one of prospective safety improvement and efficiency enhancement in the autonomous vehicles sector. Furthermore, the research identifies the role of training parameters in the final outlook of these models such that the information is crucial for tuning self-navigation systems, something that is highly crucial for these systems. The study not only extends the scientific knowledge on exploitation of the reinforcement learning algorithms in the autonomous systems but also proposes aspects for realistic implementation of them, which as one of the results emphasizes the need for further research to completely get the study concept realized in the real world."
https://openalex.org/W4402297942,Reinforcement learning in transportation research: Frontiers and future directions,2024,https://doi.org/10.1016/j.multra.2024.100164,Multimodal Transportation,"The development of reinforcement learning (RL) provides innovative solutions for various decision-making problems in transportation, often pertaining to integrating advanced vehicular technologies such as connected and autonomous vehicles and electric vehicles. This paper reviews transportation research with RL-based methods over the recent decades. We start with a bibliometric analysis through extensive literature retrieval of 1030 papers from 1996 to 2023. We identify different research areas of RL in transportation, summarizing the most visited research problems. We find that, at the vehicle level, motion and route planning and energy-efficient driving problems have attracted the most attention. Meanwhile, adaptive traffic signal control and management have been the most visited problems at the network level. We discuss several potential future directions, including the migration of RL models from simulations to real-world cases, designing tailored control architectures for complex transportation systems, exploring explainable RL in transportation research to ensure transparency and accountability in decision-making processes, and integrating people and vehicles into transportation systems in a sustainable and equitable manner."
https://openalex.org/W4406611725,A Deep Reinforcement Learning Approach for Route Planning of Autonomous Vehicles<sup>*</sup>,2024,https://doi.org/10.1109/smc54092.2024.10831232,,"Urban autonomous driving has the potential to enhance both safety and efficiency of transportation in environments also in complex traffic conditions. However, new services and approaches are necessary to manage Autonomous Vehicles in the real traffic. This paper introduces a novel approach to optimize routing in the urban settings by Deep Reinforcement Learning (DRL) techniques. A modular DRL architecture is proposed to obtain a route able to minimize the length of the paths, minimize the number of turns during the travel and select the dedicated lanes. The proposed DRL is implemented on a case study where the agents are trained in a simulation environment for the city center of Bari, a town of Southern Italy."
https://openalex.org/W3164598369,Routing of Electric Vehicles With Intermediary Charging Stations: A Reinforcement Learning Approach,2021,https://doi.org/10.3389/fdata.2021.586481,Frontiers in Big Data,"In the past few years, the importance of electric mobility has increased in response to growing concerns about climate change. However, limited cruising range and sparse charging infrastructure could restrain a massive deployment of electric vehicles (EVs). To mitigate the problem, the need for optimal route planning algorithms emerged. In this paper, we propose a mathematical formulation of the EV-specific routing problem in a graph-theoretical context, which incorporates the ability of EVs to recuperate energy. Furthermore, we consider a possibility to recharge on the way using intermediary charging stations. As a possible solution method, we present an off-policy model-free reinforcement learning approach that aims to generate energy feasible paths for EV from source to target. The algorithm was implemented and tested on a case study of a road network in Switzerland. The training procedure requires low computing and memory demands and is suitable for online applications. The results achieved demonstrate the algorithm's capability to take recharging decisions and produce desired energy feasible paths."
https://openalex.org/W4226263181,Practical Q-Learning-Based Route-Guidance and Vehicle Assignment for OHT Systems in Semiconductor Fabs,2022,https://doi.org/10.1109/tsm.2022.3168702,IEEE Transactions on Semiconductor Manufacturing,"We introduce and analyze vehicle-allocation algorithms for overhead hoist transport (OHT) systems in semiconductor wafer-fabrication facilities (fabs). OHT is the most widely used type of automated material-handling system in fabs, comprising hundreds of vehicles delivering lots between processing machines. Timely transport unit delivery by OHT systems are critical to the efficient overall operation of a modern fab. We first describe the limitations of current OHT vehicle-allocation algorithms, and then detail an improved system that can be implemented in practical environments to manage the operation of hundreds of OHT vehicles. Our proposed system is based on reinforcement learning. In particular, it uses Q-learning-based dynamic vehicle-allocation algorithms to examine traffic conditions and then allocate an OHT vehicle to a delivery job. We propose multiple algorithms based on the Q-learning approach and compare their performance with that of conventional allocation approaches, which reveals the appropriate algorithms for use in industry. We demonstrate that our algorithms are efficient and sufficiently fast to be used in a practical large-scale setting."
https://openalex.org/W4387885661,Deep Reinforcement Learning-Based Multi-Object Adaptive Route Planning for Traveling Recommender Systems,2023,https://doi.org/10.1109/access.2023.3327273,IEEE Access,"In travel recommendation systems, the most important business demand is to make adaptive route planning and navigation decision based on computational intelligence. Existing researches mostly lacked the ability to adaptively suggest route planning schemes for users, according to contextual features. To deal with the problem, this paper proposes a deep reinforcement learning-based multi-object adaptive route planning method for travel recommendation systems. In particular, the technical framework utilizes both value iterative network (VIN) module and positioning module to construct a specific DRL algorithm for this purpose. It inputs the environment map of the agent into VIN module, obtains the value distribution corresponding to the map by means of convolution iteration, and extracts features by means of self-positioning. Such a technical framework is expected to improve generalization ability of navigation strategies. Empirically, this work selects some popular scenic spots in a certain region as the research object for case analysis, and collects road network traffic data and tourist scenic spot parameter data through two public travel service platforms. The experimental results show that the suburban tourism route planning model based on deep reinforcement learning scene perception is reasonable and feasible, and can effectively improve tourist satisfaction."
https://openalex.org/W4221153241,Learning to Help Emergency Vehicles Arrive Faster: A Cooperative Vehicle-Road Scheduling Approach,2022,https://doi.org/10.1109/tmc.2022.3188344,IEEE Transactions on Mobile Computing,"The ever-increasing heavy traffic congestion potentially impedes the accessibility of emergency vehicles (EVs), resulting in detrimental impacts on critical services and even safety of people's lives. Hence, it is significant to propose an efficient scheduling approach to help EVs arrive faster. Existing vehicle-centric scheduling approaches aim to recommend the optimal paths for EVs based on the current traffic status while the road-centric scheduling approaches aim to improve the traffic condition and assign a higher priority for EVs to pass an intersection. With the intuition that real-time vehicle-road information interaction and strategy coordination can bring more benefits, we proposeLEVID, aLEarning-based cooperativeVehIcle-roaDscheduling approach including a real-time route planning module and a collaborative traffic signal control module, which interact with each other and make decisions iteratively. The real-time route planning module adapts the artificial potential field method to address the real-time changes of traffic signals and avoid falling into a local optimum. The collaborative traffic signal control module leverages a graph attention reinforcement learning framework to extract the latent features of different intersections and abstract their interplay to learn cooperative policies. Extensive experiments based on multiple real-world datasets show that our approach outperforms the state-of-the-art baselines."
https://openalex.org/W4395114740,Development of Unmanned Aerial Vehicle Navigation and Warehouse Inventory System Based on Reinforcement Learning,2024,https://doi.org/10.20944/preprints202404.1526.v1,Preprints.org,"In this paper we present the exploration of indoor positioning technologies for UAVs, and navigation techniques for path planning and obstacle avoidance. The objective is to perform warehouse inventory tasks using a drone to search for barcodes or markers to identify the objects. For the indoor positioning techniques, we employ Visual-Inertial Odometry (VIO), Ultra-Wideband (UWB), AprilTag fiducial markers, and Simultaneous Localization and Mapping (SLAM). These algorithms encompass global positioning, local positioning, and pre-mapping positioning, comparing the merits and drawbacks of various techniques and trajectories. In UAV navigation, we combine SLAM-based RTAB-Map indoor mapping and navigation path planning of the ROS for indoor environments. This system enables precise drone positioning indoors and utilizes global and local path planners to generate flight paths that avoid dynamic, static, unknown, and known obstacles, demonstrating high practicality and feasibility. To achieve the warehouse inventory inspection, a reinforcement learning approach is proposed to recognize the markers by adjusting the UAV&amp;#039;s viewpoint. We address several main problems in inventory management, including efficiently planning paths while ensuring a certain level of detection rate. Two reinforcement learning techniques, AC (Actor-Critic) and PPO (Proximal Policy Optimization), are implemented based on AprilTag identification. Testing is performed in both simulated and real-world environments, and the effectiveness of the proposed method is validated.Code is available at https://github.com/kellen080/Navigation and https://github.com/kellen080/Indoor\_Positioning."
https://openalex.org/W2974878761,Autonomous RL: Autonomous Vehicle Obstacle Avoidance in a Dynamic Environment using MLP-SARSA Reinforcement Learning,2019,https://doi.org/10.1109/icmsr.2019.8835462,,"This paper presents a Multi-Layer Perceptron-State Action Reward State Action (MLP-SARSA) based reinforcement learning methodology for dynamic obstacle detection and avoidance for autonomous vehicle navigation. MLP-SARSA is an on-policy reinforcement learning approach, which gains information and rewards from the environment and helps the autonomous vehicle to avoid dynamic moving obstacles. MLP with SARSA provides a significant advantage over dynamic environment compared to other traditional reinforcement algorithms. In this study, a MLP-SARSA model is trained in a complex urban simulation environment with dynamic obstacles using the pygame library. Experimental results show that the trained MLP-SARSA can navigate the autonomous vehicle in a dynamic environment with more confidences than traditional Q-learning and SARSA reinforcement algorithms."
https://openalex.org/W3080187005,Research on deep reinforcement learning multi-path routing planning in SDN,2020,https://doi.org/10.1088/1742-6596/1617/1/012043,Journal of Physics Conference Series,"Abstract Based on the research of current SDN traffic scheduling technology, combining the advantages of reinforcement learning in strategy optimization and the characteristics of SDN network resource centralized control, and using the neural network of depth learning to fit the Q-value table, this paper proposes an intelligent multi-path routing planning method based on depth reinforcement learning. Experiments show that the method can use the characteristics of SDN to route the network traffic in multi-path according to the current state information and traffic characteristics of the network; using the advantages of reinforcement learning, it can find multiple forwarding paths for different flows that conform to their traffic characteristics, and improve the utilization rate of the network link bandwidth; and using the neural network of deep learning to fit the Q value in the traditional reinforcement learning algorithm Table."
https://openalex.org/W4413279298,Optimizing Autonomous Vehicle Navigation Through Reinforcement Learning in Dynamic Urban Environments,2025,https://doi.org/10.3390/wevj16080472,World Electric Vehicle Journal,"Autonomous vehicle (AV) navigation in dynamic urban environments faces challenges such as unpredictable traffic conditions, varying road user behaviors, and complex road networks. This study proposes a novel reinforcement learning-based framework that enhances AV decision making through spatial-temporal context awareness. The framework integrates Proximal Policy Optimization (PPO) and Graph Neural Networks (GNNs) to effectively model urban features like intersections, traffic density, and pedestrian zones. A key innovation is the urban context-aware reward mechanism (UCARM), which dynamically adapts the reward structure based on traffic rules, congestion levels, and safety considerations. Additionally, the framework incorporates a Dynamic Risk Assessment Module (DRAM), which uses Bayesian inference combined with Markov Decision Processes (MDPs) to proactively evaluate collision risks and guide safer navigation. The framework’s performance was validated across three datasets—Argoverse, nuScenes, and CARLA. Results demonstrate significant improvements: An average travel time of 420 ± 20 s, a collision rate of 3.1%, and energy consumption of 11,833 ± 550 J in Argoverse; 410 ± 20 s, 2.5%, and 11,933 ± 450 J in nuScenes; and 450 ± 25 s, 3.6%, and 13,000 ± 600 J in CARLA. The proposed method achieved an average navigation success rate of 92.5%, consistently outperforming baseline models in safety, efficiency, and adaptability. These findings indicate the framework’s robustness and practical applicability for scalable AV deployment in real-world urban traffic conditions."
https://openalex.org/W3091063345,Neuromodulated Patience for Robot and Self-Driving Vehicle Navigation,2020,https://doi.org/10.1109/ijcnn48605.2020.9206642,,"Robots and self-driving vehicles face a number of challenges when navigating through real environments. Successful navigation in dynamic environments requires prioritizing subtasks and monitoring resources. Animals are under similar constraints. It has been shown that the neuromodulator serotonin (5-HT) regulates impulsiveness and patience in animals. In the present paper, we take inspiration from the serotonergic system and apply it to the task of robot navigation. In a set of outdoor experiments, we show how changing the level of patience can affect the amount of time the robot will spend searching for a desired location. To navigate GPS compromised environments, we introduce a deep reinforcement learning paradigm in which the robot learns to follow sidewalks. This may further regulate a tradeoff between a smooth long route and a rough shorter route. Using patience as a parameter may be beneficial for autonomous systems under time pressure."
https://openalex.org/W4406748871,Multi-agent deep reinforcement learning-based truck-drone collaborative routing with dynamic emergency response,2025,https://doi.org/10.1016/j.tre.2025.103974,Transportation Research Part E Logistics and Transportation Review,
https://openalex.org/W4385656339,Robust Route Planning with Distributional Reinforcement Learning in a Stochastic Road Network Environment,2023,https://doi.org/10.1109/ur57808.2023.10202222,,"Route planning is essential to mobile robot navigation problems. In recent years, deep reinforcement learning (DRL) has been applied to learning optimal planning policies in stochastic environments without prior knowledge. However, existing works focus on learning policies that maximize the expected return, the performance of which can vary greatly when the level of stochasticity in the environment is high. In this work, we propose a distributional reinforcement learning based framework that learns return distributions which explicitly reflect environmental stochasticity. Policies based on the second-order stochastic dominance (SSD) relation can be used to make adjustable route decisions according to user preference on performance robustness. Our proposed method is evaluated in a simulated road network environment, and experimental results show that our method is able to plan the shortest routes that minimize stochasticity in travel time when robustness is preferred, while other state-of-the-art DRL methods are agnostic to environmental stochasticity."
https://openalex.org/W4315489125,Reinforcement Learning Method with Dynamic Learning Rate for Real-Time Route Guidance Based on SUMO,2022,https://doi.org/10.1109/icarcv57592.2022.10004227,"2022 17th International Conference on Control, Automation, Robotics and Vision (ICARCV)","The increasing number of vehicles and dynamic changes in traffic situations make real-time route planning strongly necessary. The route-guiding method is supposed to cope with dynamic traffic situations. In addition, the ability to adapt to the second fastest route is very important when traffic congestion suddenly occurs on the fastest path. This paper proposes a method of using reinforcement learning to solve dynamic route planning problems, and the adaptation from a static learning rate to a dynamic learning rate enhances the capability to deal with emergent congestion. Meanwhile, the waiting time before each traffic light also is considered as a reward factor in the proposed algorithm. Contrast experiments have been conducted on the simulation network by SUMO, which has demonstrated well that our proposed method has better performance than other methods."
https://openalex.org/W4389544882,Dynamic Route Guidance System Based on Real-time Vehicle-Road Collaborations with Deep Reinforcement Learning,2023,https://doi.org/10.1109/vtc2023-fall60731.2023.10333741,,"To address the potential traffic congestion in urban transportation systems, an intelligent dynamic Route Guidance System (RGS) is proposed, which calculates the road weights with real-time traffic flow predictions using the reinforcement learning method. Additionally, a training strategy is proposed for the Road Agents (RAs), which optimizes RA through interaction with the traffic environment. The effectiveness of the proposed method is verified through simulation on the Urban Mobility Simulation (SUMO) platform, and it is shown that the proposed method performs well in complex and changing urban traffic environments with different driver participation rates. Therefore, it provides a feasible solution to the congestion problem and will push forward the development of intelligent transportation systems."
https://openalex.org/W4392944655,Deep Reinforcement Learning-Based Path-Tracking for Unmanned Vehicle Navigation Enhancement,2024,https://doi.org/10.1109/iceic61013.2024.10457143,,"Despite the growing interest in autonomous vehicles, practical challenges remain particularly in achieving high tracking performance. In this study, we address this issue by developing a path tracking algorithm based on deep reinforcement learning. To this end, we elaborately design the Markov decision process and implement the deep Q-network (DQN) training algorithm. Simulation results validate the superior convergence speed, accuracy, and stability of the proposed DQN-based tracking algorithm in comparison to the conventional approach."
https://openalex.org/W4318821241,Navigation of Autonomous Vehicles using Reinforcement Learning with Generalized Advantage Estimation,2023,https://doi.org/10.14569/ijacsa.2023.01401103,International Journal of Advanced Computer Science and Applications,"This study proposes a reinforcement learning ap-proach using Generalized Advantage Estimation (GAE) for autonomous vehicle navigation in complex environments. The method is based on the actor-critic framework, where the actor network predicts actions and the critic network estimates state values. GAE is used to compute the advantage of each action, which is then used to update the actor and critic networks. The approach was evaluated in a simulation of an autonomous vehicle navigating through challenging environments and it was found to effectively learn and improve navigation performance over time. The results suggest GAE as a promising direction for further research in autonomous vehicle navigation in complex environments."
https://openalex.org/W4315630108,Deep Reinforcement Learning for Autonomous Vehicles Collaboration at Unsignalized Intersections,2022,https://doi.org/10.1109/globecom48099.2022.10001133,GLOBECOM 2022 - 2022 IEEE Global Communications Conference,"As conservative intersection management, signalized intersection has a significant bottleneck in improving traffic efficiency when it comes to connected autonomous vehicles (CAVs). In this paper, to make the intersection management more fine-grained, a decentralized conflict-free coordination scheme is tailed for CAVs at intersections without traffic signals. First, the problem of multiple vehicles navigation through an unsignaled intersection is formulated as a Partially Observable Stochastic Game (POSG). Second, we propose a cooperative multi-agent proximal optimization algorithm (CMAPPO) to make driving-decision for each CAV agent and achieve collaboration in a distributed manner. Finally, simulations are carried out on SUMO to evaluate the proposed method. The results show that the CMAPPO has significant effectiveness in solving the multi-vehicle coordination at intersections."
https://openalex.org/W4308087336,XRouting: Explainable Vehicle Rerouting for Urban Road Congestion Avoidance using Deep Reinforcement Learning,2022,https://doi.org/10.1109/isc255366.2022.9922404,2022 IEEE International Smart Cities Conference (ISC2),"Rerouting vehicles for urban congestion avoidance is challenging as the decision has to be undertaken promptly with the consideration of traffic condition changes caused by other vehicles' routing plans. Existing solutions such as the on-board navigation systems (e.g., Google Maps) cannot meet these requirements which is prone to trigger the well-known routing oscillation problem. Though deep reinforcement learning (DRL) approaches are able to provide a high-quality solution and satisfy the real-time requirement, not only do they usually suffer the slow and instability issues for convergence, but the input information, like a picture for each time step, is also teeming with redundant information. In this paper, we propose XRouting model that uses policy-based DRL and the revised Gated Transformer (GTr) architecture to accelerate and stabilize the training convergence in solving dynamic routing problems. Our simulation study validates that compared with existing rerouting solutions, XRouting can achieve higher reductions in travel time, fuel consumption, CO2emission, and the route length. More importantly, XRouting is capable of determining which features are predominant when vehicles conduct rerouting. This explainable ability of our model can further guide human drivers what features to consider when rerouting manually in real life."
https://openalex.org/W4408794272,Deep Reinforcement Learning for Optimizing Route Planning in Urban Traffic,2025,https://doi.org/10.1109/icccit62592.2025.10928029,,"Urban traffic networks are efficient route design problems due to the intricacy and dynamic character of contemporary cities. Conventional methods hamper real time adjustment to continually changing traffic conditions, thereby providing suboptimal routes, a greater burden on the roadways, and greater air pollution. This thesis presents a novel deep reinforcement learning (DRL) method to optimize the route planning for urban traffic networks. With this rendering of real time traffic data, we use DRL to make autonomous decisions to reduce travel time and congestion of routes. One advantage of using sophisticated neural networks for feature extraction and policy learning is that, since the model is so adaptable to changing traffic patterns, the model guarantees that. And, in comparison to common routing algorithms, the results of simulations using real world traffic data show that this method is able to greatly enhance route efficiency and overall traffic flow management. The suggested DRL based system is feasible as a smart city program based on intelligent transportation system which can scale to grand metropolitan regions. The research presents that DRL can enhance the commuter run experience, reduce the environmental effect, and alter urban transportation. Future study will also investigate how this system can be better optimized when integrated with traffic infrastructure enabled by the Internet of Things."
https://openalex.org/W2965809607,Deep Reinforcement Learning with Applications in Transportation,2019,https://doi.org/10.1145/3292500.3332299,,"This tutorial aims to provide the audience with a guided introduction to deep reinforcement learning (DRL) with specially curated application case studies in transportation. The tutorial covers both theory and practice, with more emphasis on the practical aspects of DRL that are pertinent to tackle transportation challenges. Some core examples include online ride order dispatching, fleet management, traffic signals control, route planning, and autonomous driving."
https://openalex.org/W4385603493,Route planning for last-mile deliveries using mobile parcel lockers: A hybrid q-learning network approach,2023,https://doi.org/10.1016/j.tre.2023.103234,Transportation Research Part E Logistics and Transportation Review,"Mobile parcel lockers (MPLs) have been recently proposed by logistics operators as a technology that could help reduce traffic congestion and operational costs in urban freight distribution. Given their ability to relocate throughout their area of deployment, they hold the potential to improve customer accessibility and convenience. In this study, we formulate the Mobile Parcel Locker Problem (MPLP), a special case of the Location-Routing Problem (LRP) which determines the optimal stopover location for MPLs throughout the day and plans corresponding delivery routes. A Hybrid Q-Learning-Network-based Method (HQM) is developed to resolve the computational complexity of the resulting large problem instances while escaping local optima. In addition, the HQM is integrated with global and local search mechanisms to resolve the dilemma of exploration and exploitation faced by classic reinforcement learning (RL) methods. We examine the performance of HQM under different problem sizes (up to 200 nodes) and benchmarked it against the exact approach and Genetic Algorithm (GA). Our results indicate that HQM achieves better optimisation performance with shorter computation time than the exact approach solved by the Gurobi solver in large problem instances. Additionally, the average reward obtained by HQM is 1.96 times greater than GA’s, which demonstrates that HQM has a better optimisation ability. Further, we identify critical factors that contribute to fleet size requirements, travel distances, and service delays. Our findings outline that the efficiency of MPLs is mainly contingent on the length of time windows and the deployment of MPL stopovers. Finally, we highlight managerial implications based on parametric analysis to provide guidance for logistics operators in the context of efficient last-mile distribution operations."
https://openalex.org/W3132764373,Collaborative Reinforcement Learning Based Route Planning for Cloud Content Delivery Networks,2021,https://doi.org/10.1109/access.2021.3060440,IEEE Access,"Cloud Content Delivery Networks (CCDNs) scale their content delivery services by taking advantage of the flexible cloud resources and management mechanisms so that users can get the content nearby and reduce traffic of the central network. The content delivery efficiency of CCDNs and quality of service can be improved by rationally planning routing. However, the existing routing planning strategies are not suitable for CCDNs because the number of nodes and the network traffic in CCDNs are dynamic. In this paper, we propose a routing planning method that considers the influence of these factors. In our method, we first build a new framework called the collaborative reinforcement learning based CCDN to capture the dynamic characteristics of the above factors through the V -value feedback model, and we quantify the node transmission efficiency with the Q value. Based on this framework, we propose a collaborative reinforcement learning based delivery tree construction algorithm to obtain a delivery tree. Through numerical simulation, it is found that the delivery path constructed by this method can effectively improve the efficiency of content delivery."
https://openalex.org/W3180715975,Reinforcement-Learning-Based Route Generation for Heavy-Traffic Autonomous Mobile Robot Systems,2021,https://doi.org/10.3390/s21144809,Sensors,"Autonomous mobile robots (AMRs) are increasingly used in modern intralogistics systems as complexity and performance requirements become more stringent. One way to increase performance is to improve the operation and cooperation of multiple robots in their shared environment. The paper addresses these problems with a method for off-line route planning and on-line route execution. In the proposed approach, pre-computation of routes for frequent pick-up and drop-off locations limits the movements of AMRs to avoid conflict situations between them. The paper proposes a reinforcement learning approach where an agent builds the routes on a given layout while being rewarded according to different criteria based on the desired characteristics of the system. The results show that the proposed approach performs better in terms of throughput and reliability than the commonly used shortest-path-based approach for a large number of AMRs operating in the system. The use of the proposed approach is recommended when the need for high throughput requires the operation of a relatively large number of AMRs in relation to the size of the space in which the robots operate."
https://openalex.org/W4412643748,Enhancing Emergency Vehicle Navigation in Smart Traffic Squares with Reinforcement Learning and Accurate Traffic Sense Recommendations,2025,https://doi.org/10.1007/s13177-025-00520-w,International Journal of Intelligent Transportation Systems Research,
https://openalex.org/W4404371008,Federated Reinforcement Learning for Intelligent Route Planning in Aerial-Terrestrial Network,2024,https://doi.org/10.1109/jiot.2024.3492215,IEEE Internet of Things Journal,"Aerial-terrestrial network (ATN) framework is currently the dominant method of the Internet of unmanned agents (IUAs) for integrating both aerial vehicles and terrestrial sensors. In ATN scenarios, existing work shows that route planning utilizing deep reinforcement learning (DRL) is important as it can conserve energy for aerial vehicles or diminish network latency. However, utilizing DRL approaches in a multiagent ATN environment may lead to inefficiencies when sharing original interaction data. In addition, direct data exchange between agents can raise significant privacy concerns. To address these challenges, this work develops a novel federated reinforcement learning (FRL) approach called FRIGE, which takes advantage of ensemble learning for DRL-based methods. Specifically, this article develops a prioritized gradient ensemble technique for local DRL agents, which constructs twin networks to obtain prioritized gradients without incurring additional interactive costs. After aggregating local models on the server, the latest iteration of the global model is used to update the networks of both agents and their twin networks for subsequent rounds of training. Extensive experiments are conducted on two typical ATN route planning tasks to validate FRIGE’s advancement and generalization capabilities. The numerical results demonstrate that FRIGE not only enhances data sharing efficiency among all agents but also maintains privacy while delivering superior solutions for ATN route planning tasks."
https://openalex.org/W4406292309,Enhancing Autonomous Vehicle Navigation in Complex Environment With Semantic Proto‐Reinforcement Learning,2025,https://doi.org/10.1002/rob.22506,Journal of Field Robotics,"ABSTRACT Despite great progress in autonomous vehicle (AV) navigation, the technical challenges within this space are still considerable when it comes to successful integration of AVs into complex real‐world environments. To tackle these challenges, this paper presents a new semantic proto‐reinforcement learning (SP‐RL) method for dynamic path planning and real‐time obstacle avoidance of an autonomous car that can be adapted to various weather conditions in localization‐deficient environments, while predicting the human intentions of different shapes on road. This approach seeks to improve navigation capability of AV in dynamic and unstructured environments, as well as to address real‐time detection and avoidance response for obstacles more promptly while being able to adapt its decision‐making system based on weather condition by using the semantic graph network (SGN) within segmentation process therefore enhanced version configured with prototype‐based reinforcement learning (PRL). This innovation is new competitive edge compared previous existing approaches. Dynamic SGN is used to segment challenging 3D and free space environments, so that the AV can comprehend highly unintuitive areas like parking lots, construction site conditionals, or off‐road scenarios. At the same time, PRL is used to help real‐time decision‐making so the AV can quickly and precisely respond unexpected obstacles or changing environments. This approach is confirmed to be effective by extensive testing in the CARLA simulation environment, showing substantial improvement of AV navigation capability. This work demonstrates an exciting step towards solving the most fundamental problems faced by autonomous vehicles and could help to ensure that future AV systems are safer, more robust, and adaptable than current ones. It is appliable for urban areas which represent high volumes of pedestrians and vehicles, industrial sites with changing conditions that may be unpredictable at times or the challenging off‐road areas in rural geographies where typical terrains are rough, uneven, rugged yet not well‐structured. The model is robust to diverse weather conditions that make AV operations more reliable and safer. The model was tested on root mean square error (RMSE), computational time, no crash, obstacles avoidance, and success rate obtaining overall 98%."
https://openalex.org/W4397022823,An Iterative Adaptive Dynamic Programming Approach for Macroscopic Fundamental Diagram-Based Perimeter Control and Route Guidance,2024,https://doi.org/10.1287/trsc.2023.0091,Transportation Science,"Macroscopic fundamental diagrams (MFDs) have been widely adopted to model the traffic flow of large-scale urban networks. Coupling perimeter control and regional route guidance (PCRG) is a promising strategy to decrease congestion heterogeneity and reduce delays in large-scale MFD-based urban networks. For MFD-based PCRG, one needs to distinguish between the dynamics of (a) the plant that represents reality and is used as the simulation tool and (b) the model that contains easier-to-measure states than the plant and is used for devising controllers, that is, the model-plant mismatch should be considered. Traditional model-based methods (e.g., model predictive control (MPC)) require an accurate representation of the plant dynamics as the prediction model. However, because of the inherent network uncertainties, such as uncertain dynamics of heterogeneity and demand disturbance, MFD parameters could be time-varying and uncertain. Conversely, existing data-driven methods (e.g., reinforcement learning) do not consider the model-plant mismatch and the limited access to plant-generated data, for example, subregional OD-specific accumulations. Therefore, we develop an iterative adaptive dynamic programming (IADP)-based method to address the limited data source induced by the model-plant mismatch. An actor-critic neural network structure is developed to circumvent the requirement of complete information on plant dynamics. Performance comparisons with other PCRG schemes under various scenarios are carried out. The numerical results indicate that the IADP controller trained with a limited data source can achieve comparable performance with the “benchmark” MPC approach using perfect measurements from the plant. The results also validate the IADP’s robustness against various uncertainties (e.g., demand noise, MFD error, and trip distance heterogeneity) when minimizing the total time spent in the urban network. These results demonstrate the great potential of the proposed scheme in improving the efficiency of multiregion MFD systems. Funding: The work was jointly funded by the National Natural Science Foundation of China under [Grant 72071214] (R. Zhong), the Dit4Tram project from the European Union’s Horizon 2020 Research and Innovation Programme under [Grant 953783] (N. Geroliminis), and the Research Student Attachment Programme of The Hong Kong Polytechnic University (C. Chen). Supplemental Material: The online appendix is available at https://doi.org/10.1287/trsc.2023.0091 ."
https://openalex.org/W4393256877,Recursive logit-based meta-inverse reinforcement learning for driver-preferred route planning,2024,https://doi.org/10.1016/j.tre.2024.103485,Transportation Research Part E Logistics and Transportation Review,
https://openalex.org/W4406884602,OPTIMIZING AUTONOMOUS VEHICLE PATH PLANNING USING REINFORCEMENT LEARNING AND DYNAMIC MAPPING,2024,https://doi.org/10.29284/ijasis.10.2.2024.58-68,International Journal of Advances in Signal and Image Sciences,"Path planning is essential for autonomous driving, enabling secure and effective navigation in intricate and dynamic settings. This research examines the combination of Reinforcement Learning (RL) with dynamic mapping to enhance route planning in autonomous vehicles (AVs). RL enables AVs to ascertain ideal routes by persistently adjusting to evolving situations via trial and error, improving real-time decision-making skills. Dynamic mapping offers real-time updates on road conditions, traffic, and impediments, allowing AVs to modify their routes depending on the latest information. Integrating RL with dynamic mapping improves the vehicle's capacity to react to unforeseen conditions, such as traffic congestion or abrupt barriers, facilitating smoother and more effective navigation. This research examines the principal advantages of this integrated technique, including enhanced flexibility, augmented safety, and superior route optimization. It also tackles implementation issues and prospective developments in AV route planning using these technologies."
https://openalex.org/W4293057648,Deep Reinforcement Learning Based Load Balancing Routing for LEO Satellite Network,2022,https://doi.org/10.1109/vtc2022-spring54318.2022.9860582,2022 IEEE 95th Vehicular Technology Conference: (VTC2022-Spring),"LEO satellite network (LEO-SN) constitutes an indispensable part of the space-air-ground integrated network (SAGIN). However, the characteristics of unbalanced traffic load, intricate orbits, high mobility, frequent link handovers, diverse storage and communication capabilities of nodes gradually lead to the ineffectiveness of the central routing planning methods. In order to enhance the flexibility and agility of the planning process, this paper presents an intelligent decentralized load balancing routing algorithm using deep reinforcement learning for the LEO-SN, which takes into consideration the queuing delay, storage space, communication bandwidth and propagation delay of merely one-hop satellite node. Simulation and analysis demonstrate that the proposed load balancing routing algorithm could converge quickly for both training and test sets, and possesses better performance than the comparison methods in terms of both the packet loss rate and transmission latency."
https://openalex.org/W4214848664,Time-optimal and privacy preserving route planning for carpool policy,2022,https://doi.org/10.1007/s11280-022-01026-1,World Wide Web,"Abstract To alleviate the traffic congestion caused by the sharp increase in the number of private cars and save commuting costs, taxi carpooling service has become the choice of many people. Current research on taxi carpooling services has focused on shortening the detour distances. While with the development of intelligent cities, efficiently match passengers and vehicles and planning routes become urgent. And the privacy between passengers in the taxi carpooling service also needs to be considered. In this paper, we propose a time-optimal and privacy-preserving carpool route planning system via deep reinforcement learning. This system uses the traffic information around the carpooling vehicle to optimize passengers’ travel time, not only to efficiently match passengers and vehicles but also to generate detailed route planning for carpooling vehicles. We conducted experiments on an Internet of Vehicles simulator CARLA, and the results demonstrate that our method is better than other advanced methods and has better performance in complex environments."
https://openalex.org/W4405786774,An Attention-aware Deep Reinforcement Learning Framework for UAV-UGV Collaborative Route Planning,2024,https://doi.org/10.1109/iros58592.2024.10801704,,"Unmanned aerial vehicles (UAVs) possess the capability to survey vast areas, yet their operational range is limited by their battery capacity. Deploying mobile recharging stations via unmanned ground vehicles (UGVs) can significantly enhance the endurance and effectiveness of UAVs. However, optimizing the routes for both UAVs and UGVs, referred to as the UAV-UGV cooperative routing problem, requires a sophisticated planning framework to determine the vehicles’ routes and their recharging points. To address this, in this paper, we utilize a deep reinforcement learning (DRL) based framework equipped with multi-head attention layers. The framework is designed to sequentially select actions to construct routes for the UAV and UGV and to establish their rendezvous points for recharging. We evaluate our framework across various problem instance sizes and distributions, comparing it against recent heuristic-based methods and an existing learning-based method as baselines. Our proposed algorithm surpasses these baselines in terms of solution quality and runtime efficiency in the test scenarios, thus proving its effectiveness. Additionally, we investigate the application of our DRL policy in online mission planning to accommodate dynamic changes within the mission scenario."
https://openalex.org/W4401833162,Optimization of multi-vehicle charging and discharging efficiency under time constraints based on reinforcement learning,2024,https://doi.org/10.1016/j.aej.2024.08.002,Alexandria Engineering Journal,"In the Vehicle-to-Grid (V2G) scenario, a multitude of coordinated electric vehicles (EVs) equipped with high-capacity batteries actively participate in power grid dispatching as energy carriers, aiming to achieve a tripartite objective encompassing peak load reduction and valley filling, enhanced utilization of renewable energy sources, and added benefits for electric vehicle owners. To address the existing limitations in the charging–discharging decision-making process for electric vehicles based on V2G, such as the lack of consideration for charging pile constraints, EV profitability, EV transportation timeliness, and high costs associated with central servers, we proposed a reinforcement learning-based Multi-vehicle Joint Routing and Charging–Discharging Decision algorithm (MJRCDD). Firstly, the Markov decision process (MDP) was established to describe the problem, and the route selection and charging–discharging behavior of the vehicle were innovatively integrated in the vehicle action space. Secondly, the multi-vehicle joint route planning and charging–discharging decision problem was solved by multi-agent reinforcement learning. Finally, the effectiveness of MJRCDD was verified by simulation and comparison experiments based on PeMS."
https://openalex.org/W4281776304,Fairness concern‐based coordinated vehicle route guidance using an asymmetrical congestion game,2022,https://doi.org/10.1049/itr2.12205,IET Intelligent Transport Systems,"Abstract In this paper, an asymmetrical congestion game is used to build a fairness concern‐based coordinated route guidance model for alleviating traffic congestion. Coordinated vehicle route guidance is commonly recognized as an effective way to alleviate the “route flapping” phenomenon, where a new congestion appears since numerous vehicles obey the same guidance in selfish route diversion. The existing studies mainly use the classic (symmetrical) congestion games, whose payoff depends only on the number of chosen players, to calculate the flow proportion for the alternative roads. This mechanism may make some front vehicles receive the worse payoffs than the rear ones, which further results in the front vehicles being unwilling to execute the recommended paths due to their unfair psychology. Players' fairness concern in game theory has been noted in some fields (such as supply chain) but not traffic route guidance. In this work, to fill the above gap, the concept of vehicular fairness concern is introduced and the corresponding mathematical expression is formulated. An asymmetrical congestion game‐based coordination route model is built, which can improve the fairness coefficient of vehicles. Moreover, a reinforcement learning‐based approximated solving algorithm is designed since the existing solving theorems are not necessarily valid for the asymmetrical congestion game. An experimental study shows that (1) the Nash equilibrium coefficients generated by the approximated solving algorithm all converge to 1.00, and (2) the averaged fairness coefficient is increased from 0.92 to 0.96 on the basis of equal travel time due to the improved payoff functions."
https://openalex.org/W4284697663,Reinforcement Learning for Practical Express Systems with Mixed Deliveries and Pickups,2022,https://doi.org/10.1145/3546952,ACM Transactions on Knowledge Discovery from Data,"In real-world express systems, couriers need to satisfy not only the delivery demands but also the pick-up demands of customers. Delivery and pickup tasks are usually mixed together within integrated routing plans. Such a mixed routing problem can be abstracted and formulated as Vehicle Routing Problem with Mixed Delivery and Pickup (VRPMDP), which is an NP-hard combinatorial optimization problem. To solve VRPMDP, there are three major challenges as below. (a) Even though successive pickup and delivery tasks are independent to accomplish, the inter-influence between choosing pickup task or delivery task to deal with still exists. (b) Due to the two-way flow of goods between the depot and customers, the loading rate of vehicles leaving the depot affects routing decisions. (c) The proportion of deliveries and pickups will change due to the complex demand situation in real-world scenarios, which requires robustness of the algorithm. To solve the challenges above, we design an encoder-decoder based framework to generate high-quality and robust VRPMDP solutions. First, we consider a VRPMDP instance as a graph and utilize a GNN encoder to extract the feature of the instance effectively. The detailed routing solutions are further decoded as a sequence by the decoder with attention mechanism. Second, we propose a Coordinated Decision of Loading and Routing (CDLR) mechanism to determine the loading rate dynamically after the vehicle returns to the depot, thus avoiding the influence of improper loading rate settings. Finally, the model equipped with a GNN encoder and CDLR simultaneously can adapt to the changes in the proportion of deliveries and pickups. We conduct the experiments to demonstrate the effectiveness of our model. The experiments show that our method achieves desirable results and generalization ability."
https://openalex.org/W4402592512,Intelligent Road Network Management Supported by 6G and Deep Reinforcement Learning,2024,https://doi.org/10.1109/tits.2024.3451193,IEEE Transactions on Intelligent Transportation Systems,"The high bandwidth, low latency, and extensive coverage of Sixth Generation (6G) communication technology provide robust data support and communication guarantees for intelligent road network management. This study aims to explore the application of 6G communication technology and deep reinforcement learning (DRL) algorithms in smart road network management, with the goal of enhancing the intelligence of traffic management systems. DRL algorithms are capable of handling complex traffic environments and, through self-learning and optimization, can achieve intelligent decision-making and route planning. This study proposes a DRL-based traffic signal control method leveraging 6G communication technology. The core of this method lies in its capability to manage complex and dynamically changing traffic flows, adjusting traffic signal plans based on real-time data to adapt to various traffic conditions. By learning traffic distribution patterns, the model generates appropriate traffic signals for each intersection, thereby optimizing the traffic signal plans. Simulation experiments found that, compared to the Convolutional Neural Network (CNN) algorithm, DRL not only reduced the average travel time by 28.2% but also increased the average travel speed by 26.3%, and significantly reduced the average queue length by 42.9%. These results demonstrate that the proposed DRL algorithm shows significant advantages in alleviating traffic congestion and optimizing traffic signal control. This study offers a novel solution for intelligent road network management and validates the potential of 6G communication technology and DRL algorithms in this field."
https://openalex.org/W4414886991,Vehicle–Infrastructure Cooperation Framework for Vehicle Navigation and Traffic Signal Control using Deep Reinforcement Learning,2025,https://doi.org/10.1177/03611981251359285,Transportation Research Record Journal of the Transportation Research Board,"As the number of vehicles continues to rise, traffic congestion has become a significant factor affecting travel efficiency. The development of intelligent connected technology offers new approaches for achieving coordinated optimization in road traffic. This study proposes a deep reinforcement learning-based vehicle–infrastructure cooperation framework to achieve cooperative control of vehicle navigation and traffic signals, aiming to minimize the impact of traffic congestion on road traffic efficiency. The tasks of vehicle navigation and signal control are modeled as a partially observable Markov decision process. Based on real-time road condition information, roadside agents can flexibly adjust signal phases, while vehicle agents determine the next routing step as vehicles approach intersections. Through communication cooperation, on-board units and roadside units can acquire more comprehensive and accurate traffic status information. Rewards for the vehicle navigation task, based on spatiotemporal dimensions, and for the pressure-based signal control task, ensure that reinforcement learning agents continuously improve their traffic efficiency optimization capabilities during training. The proposed method was implemented and evaluated in the SUMO (Simulation of Urban MObility) simulator under low, medium, and high traffic demand conditions and compared with other baseline methods. The study also analyzed the impact of reward design, the training sequence, and the intelligent connectivity penetration rate on the effectiveness of the framework, demonstrating the effectiveness and robustness of the proposed vehicle–infrastructure collaborative optimization framework in improving network traffic efficiency."
https://openalex.org/W7108688088,Reinforcement learning-based route planning method for connected vehicles considering real-time road traffic information,2024,https://doi.org/10.1177/09544070241305667,Proceedings of the Institution of Mechanical Engineers Part D Journal of Automobile Engineering,"The economy, environment, and resident travel are significantly impacted by traffic congestion, which is a prevalent issue in urban traffic systems. Route planning is considered an effective method to address traffic congestion and enhance travel efficiency. Existing route planning methods have overlooked the impact of real-time traffic information on the timeliness of optimal routes. In this paper, an improved bureau of public roads-Q learning (IBPR-QL) control model considering real-time road traffic information is proposed for route planning of connected vehicles in cooperative vehicle-road scenarios. Firstly, the improved bureau of public roads (IBPR) function is enhanced through the utilization of speed state staging methodology, enabling adaptive adjustment of road priorities across different speed scenarios. Secondly, the IBPR function is incorporated into the Q-learning (QL) action value evaluation process to enhance model learning efficiency. Thirdly, predictive travel coefficient is proposed to mitigate congestion drift-induced oscillation phenomenon in road networks and enhance overall travel efficiency. Finally, road network datasets from four economically developed cities in China are utilized to construct a simulated road scene. The simulation results indicate that, compared to the classical QL method, IBPR-QL has a wider range of applicability across scenarios, effectively reducing travel time by 7.96%. In terms of alleviating the impact of congestion drift, the overall road network efficiency can be improved by 9.35%."
https://openalex.org/W4310672759,Real-time route planning of unmanned aerial vehicles based on improved soft actor-critic algorithm,2022,https://doi.org/10.3389/fnbot.2022.1025817,Frontiers in Neurorobotics,"With the application and development of UAV technology and navigation and positioning technology, higher requirements are put forward for UAV maneuvering obstacle avoidance ability and real-time route planning. In this paper, for the problem of real-time UAV route planning in the unknown environment, we combine the ideas of artificial potential field method to modify the state observation and reward function, which solves the problem of sparse rewards of reinforcement learning algorithm, improves the convergence speed of the algorithm, and improves the generalization of the algorithm by step-by-step training based on the ideas of curriculum learning and transfer learning according to the difficulty of the task. The simulation results show that the improved SAC algorithm has fast convergence speed, good timeliness and strong generalization, and can better complete the UAV route planning task."
https://openalex.org/W4323537996,Cross-domain coordination of resource allocation and route planning for the edge computing-enabled multi-connected vehicles,2023,https://doi.org/10.1186/s13677-023-00415-9,Journal of Cloud Computing Advances Systems and Applications,"Abstract Multi-access edge computing (MEC) has unique interests in processing intensive and delay-critical computation tasks for vehicular application through computation offloading. However, due to the spatial inhomogeneity and dynamic mobility of connected vehicles (CVs), the edge servers (ESs) must dynamically adjust their resource allocation schemes to effectively provide computation offloading services for CVs. In this case, we propose a MEC framework supporting the collaboration of CVs, and incorporate digital twins (DTs) into wireless network to mitigate the unreliable long-distance communication between CVs and ESs. To solve the contradiction between the task change requirements of CVs and ES resources, we proactively balance the computation resources load of ESs by appropriately cooperative route planning of CVs, and achieve cross-domain load balancing between traffic flow and edge cloud resources domains. Furthermore, we jointly formulate route planning and resource allocation to balance the travel and service time delay by considering the mobility of CVs, distributed resources of ESs and the deadline sensitive vehicular tasks comprehensively. Besides, considering the coupled relationship between route planning and resource allocation, an alternating optimization algorithm is proposed to solve the formulated problem. we decompose it into two sub-problems. Firstly, a reinforcement learning method is used to optimize the route planning of CVs with fixed resource allocation. Then, an online learning and iterative algorithm is used to optimize the resource allocation strategy of edge cloud with fixed route selection. In order to demonstrate that our suggested scheme is more effective than other comparison schemes, a comprehensive series of experiments are conducted."
https://openalex.org/W4386918835,Pareto Improver: Learning Improvement Heuristics for Multi-Objective Route Planning,2023,https://doi.org/10.1109/tits.2023.3313688,IEEE Transactions on Intelligent Transportation Systems,"As a research hotspot across logistics, operations research, and artificial intelligence, route planning has become a key technology for intelligent transportation systems. Recently, data-driven machine learning heuristics, including learning construction methods and learning improvement methods, have achieved remarkable success in solving single-objective route planning problems. However, many practical route planning scenarios must simultaneously consider multiple conflict objectives. For example, modern logistics companies often need to simultaneously minimize time budget, transportation cost, and vehicle pollution. Several learning construction methods are proposed for solving classical multi-objective route planning (MORP) problems, yet no learning improvement heuristics have been developed so far, even though they are acknowledged to be more efficient in narrowing the optimality gap. To fill this gap, this paper proposes a learning improvement MORP method, Pareto Improver (PI). PI employs a population-based mechanism to approximate the Pareto front with a single deep reinforcement learning model. The experimental results on various MORP problems show that PI can significantly outperform other state-of-the-art methods."
https://openalex.org/W4416116732,Multi-agent deep reinforcement learning based on cloud-edge computing for urban vehicle route guidance,2025,https://doi.org/10.1007/s10586-025-05842-8,Cluster Computing,
https://openalex.org/W4379877207,Real-Time Optimal Route Planning by Deep Reinforcement Learning and Validation with Flight Test,2023,https://doi.org/10.2514/6.2023-3623,,"View Video Presentation: https://doi.org/10.2514/6.2023-3623.vid As the demand for unmanned aerial systems (UAS) and urban air mobility (UAM) increases rapidly, the question of how to manage the operation of many UAMs or UAS will emerge in the future. Unlike air traffic management (ATM) with many human interventions, UAS can only be implemented by systems with strong and long-term autonomy with minimal human intervention. Therefore, the authors studied the prediction and route planning techniques of unmanned air vehicles (UAV), and this paper uses deep reinforcement learning (DRL), a type of machine learning, to study the generation of routes for UAVs in crowed and dynamic environments. While other UASs use a flight control perspective route planning that requires accurate modeling, an optimal route planning method based on DRL of multiple UAVs capable of autonomous collision avoidance is introduced. Because DRL creates learning models through rewards without prior knowledge of the environment, they tend to create diverse environments to generate maximum rewards through failure, so reinforcement learning models generated through learning bring robustness to UAS path generation. The simulation was performed using Deep Q-Network (DQN), Proximal Policy Optimization (PPO) which use discrete action spaces, and Twin Delayed DDPG (TD3) with excellent performance in a continuous action space among reinforcement learning techniques. A flight test was conducted by implementing a DRL into a multi-rotor, and it is validated that the path was suitable for the conditions of the UAM or unmanned aerial vehicle. In addition, the optimality and computational costs of the dynamic A* search algorithm in previous study are compared. At the local Drone Park in the community, the route generation using the DRL was implemented with a multi-rotor type drone. The test validated that the multi-rotor drone followed the path generated by the DRL in various scenarios and can be used to generate safe and robust flight paths in dynamic environment where multiple obstacles move randomly."
https://openalex.org/W4413344069,High-Accuracy Path Tracking for Autonomous Vehicle Navigation: A Hierarchical Deep Reinforcement Learning Approach,2025,https://doi.org/10.1109/tvt.2025.3600091,IEEE Transactions on Vehicular Technology,"This paper proposes a novel hierarchical deep reinforcement learning-based path tracking algorithm for unmanned vehicle navigation. To achieve effective acceleration and steering control, our approach divides the multi-variable control task into distinct sub-tasks handled at different levels, enabling more efficient learning and improved policy optimization. Simulation results show that the proposed algorithm achieves superior tracking accuracy compared to existing methods. Moreover, training models on complex reference paths allows the proposed algorithm to generalize effectively, maintaining high performance across diverse, untrained driving environments. These findings reveal the robustness and adaptability of the proposed algorithm, demonstrating the potential for application in diverse autonomous driving scenarios."
https://openalex.org/W2991662304,The Algorithm for UAV Obstacle Avoidance and Route Planning Based on Reinforcement Learning,2019,https://doi.org/10.1007/978-981-15-0474-7_70,Lecture notes in electrical engineering,
https://openalex.org/W4313569897,Stability Analysis for Autonomous Vehicle Navigation Trained over Deep Deterministic Policy Gradient,2022,https://doi.org/10.3390/math11010132,Mathematics,"The Deep Deterministic Policy Gradient (DDPG) algorithm is a reinforcement learning algorithm that combines Q-learning with a policy. Nevertheless, this algorithm generates failures that are not well understood. Rather than looking for those errors, this study presents a way to evaluate the suitability of the results obtained. Using the purpose of autonomous vehicle navigation, the DDPG algorithm is applied, obtaining an agent capable of generating trajectories. This agent is evaluated in terms of stability through the Lyapunov function, verifying if the proposed navigation objectives are achieved. The reward function of the DDPG is used because it is unknown if the neural networks of the actor and the critic are correctly trained. Two agents are obtained, and a comparison is performed between them in terms of stability, demonstrating that the Lyapunov function can be used as an evaluation method for agents obtained by the DDPG algorithm. Verifying the stability at a fixed future horizon, it is possible to determine whether the obtained agent is valid and can be used as a vehicle controller, so a task-satisfaction assessment can be performed. Furthermore, the proposed analysis is an indication of which parts of the navigation area are insufficient in training terms."
https://openalex.org/W4406170823,Cooperative Path Planning With Asynchronous Multiagent Reinforcement Learning,2025,https://doi.org/10.1109/tmc.2025.3526979,IEEE Transactions on Mobile Computing,"As the number of vehicles grows in urban cities, planning vehicle routes to avoid congestion and decrease commuting time is important. In this paper, we study the shortest path problem (SPP) withmultiplesource-destination pairs, namely MSD-SPP, to minimize the average travel time of all routing paths. The asynchronous setting in MSD-SPP, i.e., vehicles may not simultaneously complete routing actions, makes it challenging for cooperative route planning among multiple agents and leads to ineffective route planning. To tackle this issue, in this paper, we propose a two-stage framework of inter-region and intra-region route planning by dividing an entire road network into multiple sub-graph regions. Next, the proposed asyn-MARL model allows efficient asynchronous multi-agent learning by three key techniques. Firstly, the model adopts a low-dimensional global state to implicitly represent the high-dimensional joint observations and actions of multi-agents. Secondly, by a novel trajectory collection mechanism, the model can decrease the redundancy in training trajectories. Additionally, with a novel actor network, the model facilitates the cooperation among vehicles towards the same or close destinations, and a reachability graph can prevent infinite loops in routing paths. On both synthetic and real road networks, the evaluation result demonstrates that asyn-MARL outperforms state-of-the-art planning approaches."
https://openalex.org/W4410808793,Attention-Enhanced Deep Reinforcement Learning for Electric Vehicle Routing Optimization,2025,https://doi.org/10.1109/tte.2025.3574546,IEEE Transactions on Transportation Electrification,"Recently, the electric vehicle routing problem (EVRP) has emerged as a significant challenge in the transportation industry. Unlike traditional vehicle routing problems (VRPs) that focus primarily on route optimization for customers, the EVRP must also consider electricity constraints and charging decisions. Although deep reinforcement learning (DRL), particularly with attention-based Transformer architecture, has achieved success in VRPs, it faces significant difficulties when directly applied to the EVRP due to the additional multifaceted constraints and node types. To address these challenges, this paper proposes an attention-enhanced DRL method specifically designed for the EVRP. First, a heterogeneous attention mechanism is developed in the encoder to capture the intrinsic access relationships between customers and charging stations. Then, an embedding enhancement module is integrated to enrich node embeddings by incorporating adjacent distance and solution structure information through a global-local attention mechanism. Finally, a problem-size sensor is incorporated within the decoder to quantify route planning progress, thereby enhancing adaptability to the EVRP constraints. Empirical results demonstrate that the proposed method not only achieves higher efficiency compared to heuristic methods, but also significantly outperforms representative DRL-based approaches in terms of solution quality."
https://openalex.org/W7166878645,Multi-Agent Reinforcement Learning for Cooperative Vehicle Navigation at Unsignalized Intersections,2026,https://doi.org/10.2139/ssrn.7036097,SSRN Electronic Journal,
https://openalex.org/W3095755605,Deep Reinforcement Learning Based Dynamic Route Planning for Minimizing Travel Time,2020,https://doi.org/10.48550/arxiv.2011.01771,arXiv (Cornell University),"Route planning is important in transportation. Existing works focus on finding the shortest path solution or using metrics such as safety and energy consumption to determine the planning. It is noted that most of these studies rely on prior knowledge of road network, which may be not available in certain situations. In this paper, we design a route planning algorithm based on deep reinforcement learning (DRL) for pedestrians. We use travel time consumption as the metric, and plan the route by predicting pedestrian flow in the road network. We put an agent, which is an intelligent robot, on a virtual map. Different from previous studies, our approach assumes that the agent does not need any prior information about road network, but simply relies on the interaction with the environment. We propose a dynamically adjustable route planning (DARP) algorithm, where the agent learns strategies through a dueling deep Q network to avoid congested roads. Simulation results show that the DARP algorithm saves 52% of the time under congestion condition when compared with traditional shortest path planning algorithms."
https://openalex.org/W4406098513,Adaptive Navigation in Collaborative Robots: A Reinforcement Learning and Sensor Fusion Approach,2025,https://doi.org/10.3390/asi8010009,Applied System Innovation,"This paper presents a new approach for enhancing autonomous vehicle navigation and obstacle avoidance based on the integration of reinforcement learning with multiple sensors for navigation. The proposed system is designed to enable a reinforcement learning decision algorithm capable of making real-time decisions in aiding the adaptive capability of a vehicle. This method was tested on a prototype vehicle with navigation based on a Ublox Neo 6M GPS and a three-axis magnetometer, while for obstacle detection, this system uses three ultrasonic sensors. The use of a model-free reinforcement learning algorithm and use of an effective sensor for obstacle avoidance (instead of LiDAR and a camera) provides the proposed system advantage in terms of computational requirements, adaptability, and overall cost. Our experiments show that the proposed method improves navigation accuracy substantially and significantly advances the ability to avoid obstacles. The prototype vehicle adapts very well to the conditions of the testing track. Further, the data logs from the vehicle were analyzed to check the performance. It is this cost-effective and adaptable nature of the system that holds some promise toward a solution in situations where human intervention is not feasible, or even possible, due to either danger or remoteness. In general, this research showed how the application of reinforcement learning combined with sensor fusion enhances autonomous navigation and makes vehicles perform more reliably and intelligently in dynamic environments."
https://openalex.org/W3005504700,Automated Lane Change Strategy using Proximal Policy Optimization-based Deep Reinforcement Learning,2020,https://doi.org/10.48550/arxiv.2002.02667,arXiv (Cornell University),"Lane-change maneuvers are commonly executed by drivers to follow a certain routing plan, overtake a slower vehicle, adapt to a merging lane ahead, etc. However, improper lane change behaviors can be a major cause of traffic flow disruptions and even crashes. While many rule-based methods have been proposed to solve lane change problems for autonomous driving, they tend to exhibit limited performance due to the uncertainty and complexity of the driving environment. Machine learning-based methods offer an alternative approach, as Deep reinforcement learning (DRL) has shown promising success in many application domains including robotic manipulation, navigation, and playing video games. However, applying DRL to autonomous driving still faces many practical challenges in terms of slow learning rates, sample inefficiency, and safety concerns. In this study, we propose an automated lane change strategy using proximal policy optimization-based deep reinforcement learning, which shows great advantages in learning efficiency while still maintaining stable performance. The trained agent is able to learn a smooth, safe, and efficient driving policy to make lane-change decisions (i.e. when and how) in a challenging situation such as dense traffic scenarios. The effectiveness of the proposed policy is validated by using metrics of task success rate and collision rate. The simulation results demonstrate the lane change maneuvers can be efficiently learned and executed in a safe, smooth, and efficient manner."
https://openalex.org/W4393034266,RL-Planner: Reinforcement Learning-Enabled Efficient Path Planning in Multi-UAV MEC Systems,2024,https://doi.org/10.1109/tnsm.2024.3378677,IEEE Transactions on Network and Service Management,"Mobile edge computing (MEC), located at the networks edge, enhances distributed computing. However, its fixed position presents limitations during emergencies. Integrating unmanned aerial vehicles (UAVs) into MEC systems offers a solution but introduces challenges in managing UAV collaboration. This paper proposes a Reinforcement Deep Q-Learning based multi-UAV MEC framework to optimize quality of service (QoS) and route planning. The proposed framework addresses these challenges by modeling user demand and using multi-factor optimization considering user demand, risk, and distance. A Markov Decision Process (MDP) models user demand for higher QoS. The reinforcement learning reward matrix incorporates terminal user demand, risk, and distance for efficient energy use and resource allocation. Simulations demonstrate the effectiveness of our proposed method, offering valuable insights for future research in this domain."
https://openalex.org/W4285292569,Application of Automated Guided Vehicles in Smart Automated Warehouse Systems: A Survey,2022,https://doi.org/10.32604/cmes.2022.021451,Computer Modeling in Engineering & Sciences,"Automated Guided Vehicles (AGVs) have been introduced into various applications, such as automated warehouse systems, flexible manufacturing systems, and container terminal systems. However, few publications have outlined problems in need of attention in AGV applications comprehensively. In this paper, several key issues and essential models are presented. First, the advantages and disadvantages of centralized and decentralized AGVs systems were compared; second, warehouse layout and operation optimization were introduced, including some omitted areas, such as AGVs fleet size and electrical energy management; third, AGVs scheduling algorithms in chessboardlike environments were analyzed; fourth, the classical route-planning algorithms for single AGV and multiple AGVs were presented, and some Artificial Intelligence (AI)-based decision-making algorithms were reviewed. Furthermore, a novel idea for accelerating route planning by combining Reinforcement Learning (RL) and Dijkstra’s algorithm was presented, and a novel idea of the multi-AGV route-planning method of combining dynamic programming and Monte-Carlo tree search was proposed to reduce the energy cost of systems."
https://openalex.org/W2954371384,Hierarchical Sarsa Learning Based Route Guidance Algorithm,2019,https://doi.org/10.1155/2019/1019078,Journal of Advanced Transportation,"In modern society, route guidance problems can be found everywhere. Reinforcement learning models can be normally used to solve such kind of problems; particularly, Sarsa Learning is suitable for tackling with dynamic route guidance problem. But how to solve the large state space of digital road network is a challenge for Sarsa Learning, which is very common due to the large scale of modern road network. In this study, the hierarchical Sarsa learning based route guidance algorithm (HSLRG) is proposed to guide vehicles in the large scale road network, in which, by decomposing the route guidance task, the state space of route guidance system can be reduced. In this method, Multilevel Network method is introduced, and Differential Evolution based clustering method is adopted to optimize the multilevel road network structure. The proposed algorithm was simulated with several different scale road networks; the experiment results show that, in the large scale road networks, the proposed method can greatly enhance the efficiency of the dynamic route guidance system."
https://openalex.org/W4385652208,Multiple UAVs collaborative traffic monitoring with intention-based communication,2023,https://doi.org/10.1016/j.comcom.2023.08.005,Computer Communications,
https://openalex.org/W4415011003,Enhancing Autonomous Vehicle Navigation in Urban Traffic Using CNN-Based Deep Q-Networks,2025,https://doi.org/10.47738/jads.v6i4.896,Journal of Applied Data Sciences,"This research proposes a CNN-based Deep Q-Network (CNN-DQN) model to enhance the navigation capabilities of autonomous vehicles in complex urban environments. The model integrates CNN for spatial abstraction with reinforcement learning to enable end-to-end decision-making based on high-dimensional sensor data. The primary objective is to evaluate the impact of CNN-DQN state abstraction on the quality and stability of the resulting policy. Using a grid-based simulator, the agent is trained on a synthetic dataset representing urban traffic scenarios. The CNN-DQN model consistently outperforms standard DQN in multiple metrics: cumulative reward increased by 14.3%, loss convergence accelerated by 22%, and mean absolute error (MAE) reduced to 0.028. Furthermore, the model achieved a Pearson correlation coefficient of 0.94 in predicted actions and demonstrated superior robustness under Gaussian noise perturbation, with reward loss limited to 6.18% compared to 18.7% in the baseline. Visualizations of CNN feature maps reveal spatial attention patterns that support efficient path planning. The action symmetry index confirms that the CNN-DQN agent exhibits consistent left-right decision behavior, validating its policy regularity. The novelty of this study lies in its combined use of deep spatial encoding and value-based reinforcement learning for structured, rule-based environments with real-time control implications. These findings indicate that CNN-enhanced reinforcement learning architectures can significantly improve autonomous navigation performance and robustness in dynamic urban settings."
https://openalex.org/W3005642044,UAV Autonomous Reconnaissance Route Planning Based on Deep Reinforcement Learning,2019,https://doi.org/10.1109/icus48101.2019.8995935,2019 IEEE International Conference on Unmanned Systems (ICUS),"In order to improve the autonomous reconnaissance efficiency of unmanned aerial vehicle (UAV) in an uncertain environment, situation and observation information acquired by UAV are input into the replay buffer. Model-free training is performed on the data of the replay buffer by deep reinforcement learning (DRL) method, so as to generate the corresponding network model. The reward function is designed for UAV regional reconnaissance missions to further improve the generalization ability of the model. The simulation results show that the UAV autonomous reconnaissance route planning algorithm based on DRL has a high degree of sustainable coverage and its patrol path is unpredictable."
https://openalex.org/W3203081047,[Retracted] Application of Deep Reinforcement Learning Algorithm in Uncertain Logistics Transportation Scheduling,2021,https://doi.org/10.1155/2021/5672227,Computational Intelligence and Neuroscience,"Nowadays, finding the optimal route for vehicles through online vehicle path planning is one of the main problems that the logistics industry needs to solve. Due to the uncertainty of the transportation system, especially the last-mile delivery problem of small packages in uncertain logistics transportation, the calculation of logistics vehicle routing planning becomes more complex than before. Most of the existing solutions are less applied to new technologies such as machine learning, and most of them use a heuristic algorithm. This kind of solution not only needs to set a lot of constraints but also requires much calculation time in the logistics network with high demand density. To design the uncertain logistics transportation path with minimum time, this paper proposes a new optimization strategy based on deep reinforcement learning that converts the uncertain online logistics routing problems into vehicle path planning problems and designs an embedded pointer network for obtaining the optimal solution. Considering the long time to solve the neural network, it is unrealistic to train parameters through supervised data. This article uses an unsupervised method to train the parameters. Because the process of parameter training is offline, this strategy can avoid the high delay. Through the simulation part, it is not difficult to see that the strategy proposed in this paper will effectively solve the uncertain logistics scheduling problem under the limited computing time, and it is significantly better than other strategies. Compared with traditional mathematical procedures, the algorithm proposed in this paper can reduce the driving distance by 60.71%. In addition, this paper also studies the impact of some key parameters on the effect of the program."
https://openalex.org/W4413468315,Deep Reinforcement Learning for Personalized Route Planning in Agricultural Tourism: A DDPG and Genetic Algorithm Approach,2025,https://doi.org/10.31449/inf.v49i28.6865,Informatica,"This research aims to develop an artificial intelligence route planning algorithm for agricultural tourism to provide a flexible, personalized, environmentally friendly, interactive and educational travel experience. By analyzing the characteristics and needs of agricultural tourism, we built a simulation environment to simulate the real agricultural tourism scene, and collected abundant data, including geographical location, traffic conditions, scenic spot information and tourist evaluation. In the data preprocessing stage, we clean, standardize, feature engineer and integrate the data to improve the accuracy and practicability of the algorithm. The algorithm design follows the principles of flexibility, individuation, environmental protection, interaction and education. We use deep reinforcement learning (DRL), especially the deep deterministic strategy gradient (DDPG) algorithm, to deal with the route planning problem with continuous action space. In order to improve the learning efficiency and performance of the model, we introduce genetic algorithm to optimize the hyper-parameters. In terms of personalized recommendation mechanism, we customize unique travel experience for each visitor by analyzing user's historical behavior, preferences, time constraints and other information. Combined with the route planning strategy of deep reinforcement learning, the personalized recommendation mechanism not only improves the user experience, but also promotes the effective allocation and utilization of resources. The performance of the algorithm is verified by simulation and optimization. The experimental results show that the proposed algorithm has made significant improvements in many aspects: the computing time is reduced from 250 seconds to 120 seconds, which is reduced by 52%, the user satisfaction is improved from 3.5 to 4.0, which is improved by 14.3%, the preference matching degree of the family parent-child group, the youth adventure group and the middle-aged and elderly leisure group is improved by 23.1%, 21.4% and 36.4% respectively, the average delay time during the morning and evening rush hours is reduced by 5 minutes respectively, and the average delay time during the morning and evening rush hours is reduced by 5 minutes. System response time and success rates remain high as concurrent user requests increase. These improvements prove the feasibility and superiority of our method. Future work will further explore the application of the algorithm in more scenarios and consider more realistic constraints to further improve the user experience."
https://openalex.org/W4367310666,Multiple-Agent Deep Reinforcement Learning for Avatar Migration in Vehicular Metaverses,2023,https://doi.org/10.1145/3543873.3587573,,"Vehicular Metaverses are widely considered as the next Internet revolution to build a 3D virtual world with immersive virtual-real interaction for passengers and drivers. In vehicular Metaverse applications, avatars are digital representations of on-board users to obtain and manage immersive vehicular services (i.e., avatar tasks) in Metaverses and the data they generate. However, traditional Internet of Vehicles (IoV) data management solutions have serious data security risks and privacy protection. Fortunately, blockchain-based Web 3.0 enables avatars to have an ownership identity to securely manage the data owned by users in a decentralized and transparent manner. To ensure users’ immersive experiences and securely manage their data, avatar tasks often require significant computing resources. Therefore, it is impractical for the vehicles to process avatar tasks locally, massive computation resources are needed to support the avatar tasks. To this end, offloading avatar tasks to nearby RoadSide Units (RSUs) is a promising solution to avoid computation overload. To ensure real-time and continuous Metaverse services, the avatar tasks should be migrated among the RSUs when the vehicle navigation. It is challenging for the vehicles to independently decide whether migrate or not according to current and future avatar states. Therefore, in this paper, we propose a new avatar task migration framework for vehicular Metaverses. We then formulate the avatar task migration problem as a Partially Observable Markov Decision Process (POMDP), and apply a Multi-Agent Deep Reinforcement Learning (MADRL) algorithm to dynamically make migration decisions for avatar tasks. Numerous results show that our proposed algorithm outperforms existing baselines for avatar task migration and enables immersive vehicular Metaverse services."
https://openalex.org/W4411488286,Dynamic embedding-based deep reinforcement learning for heterogeneous capacitated VRPs with unloading time constraints,2025,https://doi.org/10.1016/j.eswa.2025.128660,Expert Systems with Applications,
https://openalex.org/W4313027519,Trip Planning for Autonomous Vehicles with Wireless Data Transfer Needs Using Reinforcement Learning,2022,https://doi.org/10.1109/mass56207.2022.00010,2022 IEEE 19th International Conference on Mobile Ad Hoc and Smart Systems (MASS),"With recent advancements in the field of commu-nications and the Internet of Things, vehicles are becoming more aware of their environment and are evolving towards full autonomy. Vehicular communication opens up the possibility for vehicle-to-infrastructure interaction, where vehicles could share information with components such as cameras, traffic lights, and signage that support a country's road system. As a result, vehicles are becoming more than just a means of transportation; they are collecting, processing, and transmitting massive amounts of data used to make driving safer and more convenient. With 5G cellular networks and beyond, there is going to be more data bandwidth available on our roads, but it may be heterogeneous because of limitations like line of sight, infrastructure, and heterogeneous traffic on the road. This paper addresses the problem of route planning for autonomous vehicles in urban areas accounting for both driving time and data transfer needs. We propose a novel reinforcement learning solution that prioritizes high bandwidth roads to meet a vehicle's data transfer requirement, while also minimizing driving time. We compare this approach to traffic-unaware and bandwidth-unaware baselines to show how much better it performs under heterogeneous traffic. This solution could be used as a starting point to understand what good policies look like, which could potentially yield faster, more efficient heuristics in the future."
https://openalex.org/W4385378498,AdaBoost-Bagging deep inverse reinforcement learning for autonomous taxi cruising route and speed planning,2023,https://doi.org/10.1016/j.tre.2023.103232,Transportation Research Part E Logistics and Transportation Review,
https://openalex.org/W4404825487,Indoor Logistics Vehicle Navigation Technology Based on Deep Reinforcement Learning for E-Commerce Warehousing,2024,https://doi.org/10.12677/ecl.2024.1341810,E-Commerce Letters,
https://openalex.org/W4391877063,Next-Generation Autonomous Vehicle Navigation: A DDPG Reinforcement Learning Approach to Dynamic HD Map Caching,2024,https://doi.org/10.1109/comsnets59351.2024.10427147,,"This work presents a solution to the challenges of real-time access and processing of High-Definition maps (HD-maps) in vehicular networks with limited bandwidth and high latency. Leveraging the Deep Deterministic Policy Gradient (DDPG) algorithm, the proposed approach dynamically caches relevant map tiles in Roadside Units (RSUs). By intelligently determining which map tiles to cache, considering factors like popularity, recency, and anticipated demand, RSUs can serve a significantly portion of map requests from vehicles. Empirical results demonstrate the superiority of proposed DDPG-based HD map caching over traditional methods leading to improved map retrieval times and alleviating network congestion."
https://openalex.org/W3023630258,Deep Reinforcement Learning Applied to Airport Surface Movement Planning,2019,https://doi.org/10.1109/dasc43569.2019.9081720,,"This paper describes an Artificial Intelligence (AI) Deep Reinforcement Learning (DRL) model application to airport surface movement planning. Specific areas of support include planning conflict-free paths of flights, advising flight actions to avoid conflicts, and meeting flight-specific time constraints. We describe a unique way to represent the surface operational environment and schedule constraints for leveraging the DRL model with a Convolutional Neural Network and also demonstrate the training process and performance for routing surface traffic at a hypothetical airport. The proposed model learns entirely from the simulation to make sequential decisions for finding conflict-free routes, addressing incomplete schedule information, and coordinating the simultaneous rerouting of multiple flights. Such a DRL model, once adapted and trained for a realistic airport, may advise controllers on surface route planning, conflict probing, and resolving predicted conflicts."
https://openalex.org/W4392158214,Routing Recovery for UAV Networks with Deliberate Attacks: A Reinforcement Learning based Approach,2023,https://doi.org/10.1109/globecom54140.2023.10437287,,"The unmanned aerial vehicle (UAV) network is popular these years due to its various applications. In the UAV network, routing is significantly affected by the distributed network topology, leading to the issue that UAVs are vulnerable to deliberate damage. Hence, this paper focuses on the routing plan and recovery for UAV networks with attacks. In detail, a deliberate attack model based on the importance of nodes is designed to represent enemy attacks. Then, a node importance ranking mechanism is presented, considering the degree of nodes and link importance. However, it is intractable to handle the routing problem by traditional methods for UAV networks, since link connections change with the UAV availability. Hence, an intelligent algorithm based on reinforcement learning is proposed to recover the routing path when UAVs are attacked. Simulations are conducted and numerical results verify the proposed mechanism performs better than other referred methods."
https://openalex.org/W4411498777,A Deep Reinforcement-Learning-Based Route Optimization Model for Multi-Compartment Cold Chain Distribution,2025,https://doi.org/10.3390/math13132039,Mathematics,"Cold chain logistics is crucial in ensuring food quality and safety in modern supply chains. The required temperature control systems increase operational costs and environmental impacts compared to conventional logistics. To reduce these costs while maintaining service quality in real-world distribution scenarios, efficient route planning is essential, particularly when products with different temperature requirements need to be delivered together using multi-compartment refrigerated vehicles. This substantially increases the complexity of the routing process. We propose a novel deep reinforcement learning approach that incorporates a vehicle state encoder for capturing fleet characteristics and a dynamic vehicle state update mechanism for enabling real-time vehicle state updates during route planning. Extensive experiments on a real-world road network show that our proposed method significantly outperforms four representative methods. Compared to a recent ant colony optimization algorithm, it achieves up to a 6.32% reduction in costs while being up to 1637 times faster in computation."
https://openalex.org/W4318778236,Flexible Route Planning for Multiple Mobile Robots by Combining Q–Learning and Graph Search Algorithm,2023,https://doi.org/10.3390/app13031879,Applied Sciences,"The use of multiple mobile robots has grown significantly over the past few years in logistics, manufacturing and public services. Conflict–free route planning is one of the major research challenges for such mobile robots. Optimization methods such as graph search algorithms are used extensively to solve route planning problems. Those methods can assure the quality of solutions, however, they are not flexible to deal with unexpected situations. In this article, we propose a flexible route planning method that combines the reinforcement learning algorithm and a graph search algorithm for conflict–free route planning problems for multiple robots. In the proposed method, Q–learning, a reinforcement algorithm, is applied to avoid collisions using off–line learning with a limited state space to reduce the total learning time. Each vehicle independently finds the shortest route using the A* algorithm, and Q–learning is used to avoid collisions. The effectiveness of the proposed method is examined by comparing it with conventional methods in terms of computation time and the quality of solutions. Computational results show that for dynamic transportation problems, the proposed method can generate the solutions with approximately 10% of the computation time compared to the conventional Q–learning approach. We found that the required computation time is linearly increased with respect to the number of vehicles and nodes in the problems."
https://openalex.org/W4382318727,AlphaRoute: Large-Scale Coordinated Route Planning via Monte Carlo Tree Search,2023,https://doi.org/10.1609/aaai.v37i10.26422,Proceedings of the AAAI Conference on Artificial Intelligence,"This paper proposes AlphaRoute, an AlphaGo inspired algorithm for coordinating large-scale routes, built upon graph attention reinforcement learning and Monte Carlo Tree Search (MCTS). We first partition the road network into regions and model large-scale coordinated route planning as a Markov game, where each partitioned region is treated as a player instead of each driver. Then, AlphaRoute applies a bilevel optimization framework, consisting of several region planners and a global planner, where the region planner coordinates the route choices for vehicles located in the region and generates several strategies, and the global planner evaluates the combination of strategies. AlphaRoute is built on graph attention network for evaluating each state and MCTS algorithm for dynamically visiting and simulating the future state for narrowing down the search space. AlphaRoute is capable of 1) bridging user fairness and system efficiency, 2) achieving higher search efficiency by alleviating the curse of dimensionality problems, and 3) making an effective and informed route planning by simulating over the future to capture traffic dynamics. Comprehensive experiments are conducted on two real-world road networks as compared with several baselines to evaluate the performance, and results show that AlphaRoute achieves the lowest travel time, and is efficient and effective for coordinating large-scale routes and alleviating the traffic congestion problem. The code will be publicly available."
https://openalex.org/W3131837921,Reinforcement Learning based Scheduling for Cooperative EV-to-EV Dynamic Wireless Charging,2020,https://doi.org/10.1109/mass50613.2020.00056,,"Previous Electric Vehicle (EV) charging scheduling methods and EV route planning methods require EVs to spend extra waiting time and driving burden for a recharge. With the advancement of dynamic wireless charging for EVs, Mobile Energy Disseminator (MED), which can charge an EV in motion, becomes available. However, existing wireless charging scheduling methods for wireless sensors, which are the most related works to the deployment of MEDs, are not directly applicable for the scheduling of MEDs on city-scale road networks. We present MobiCharger: a Mobile wireless Charger guidance system that determines the number of serving MEDs, and the optimal routes of the MEDs periodically (e.g., every 30 minutes). Through analyzing a metropolitan-scale vehicle mobility dataset, we found that most vehicles have routines, and the temporal change of the number of driving vehicles changes during different time slots, which means the number of MEDs should adaptively change as well. Then, we propose a Reinforcement Learning based method to determine the number and the driving route of serving MEDs. Our experiments driven by the dataset demonstrate that MobiCharger increases the medium state-of-charge and the number of charges of all EVs by 50% and 100%, respectively."
https://openalex.org/W4396604645,Enhancing Safety and Efficiency in Automated Container Terminals: Route Planning for Hazardous Material AGV Using LSTM Neural Network and Deep Q-Network,2024,https://doi.org/10.26599/jicv.2023.9210041,Journal of Intelligent and Connected Vehicles,"As the proliferation and development of automated container terminal continue, the issues of efficiency and safety become increasingly significant. The container yard is one of the most crucial cargo distribution centers in a terminal. Automated Guided Vehicles (AGVs) that carry materials of varying hazard levels through these yards without compromising on the safe transportation of hazardous materials, while also maximizing efficiency, is a complex challenge. This research introduces an algorithm that integrates Long Short-Term Memory (LSTM) neural network with reinforcement learning techniques, specifically Deep Q-Network (DQN), for routing an AGV carrying hazardous materials within a container yard. The objective is to ensure that the AGV carrying hazardous materials efficiently reaches its destination while effectively avoiding AGVs carrying non-hazardous materials. Utilizing real data from the Meishan Port in Ningbo, Zhejiang, China, the actual yard is first abstracted into an undirected graph. Since LSTM neural network can efficiently conveys and represents information in long time sequences and do not causes useful information before long time to be ignored, a two-layer LSTM neural network with 64 neurons per layer was constructed for predicting the motion trajectory of AGVs carrying non-hazardous materials, which are incorporated into the map as background AGVs. Subsequently, DQN is employed to plan the route for an AGV transporting hazardous materials, aiming to reach its destination swiftly while avoiding encounters with other AGVs. Experimental tests have shown that the route planning algorithm proposed in this study improves the level of avoidance of hazardous material AGV in relation to non-hazardous material AGVs. Compared to the method where hazardous material AGV follow the shortest path to their destination, the avoidance efficiency was enhanced by 3.11%. This improvement demonstrates potential strategies for balancing efficiency and safety in automated terminals. Additionally, it provides insights for designing avoidance schemes for autonomous driving AGVs, offering solutions for complex operational environments where safety and efficient navigation are paramount."
https://openalex.org/W3130088494,"Action-limited, Multimodal Deep Q Learning for AGV Fleet Route Planning",2021,https://doi.org/10.1145/3448218.3448219,,"The superiority of Automated Guided Vehicle (AGV) fleet management system is often reflected in the time-efficient on overall dispatch/navigation. The reinforcement learning can then be applied to help provide an optimal route planning for such fleet. In this study, in order to obtain suitable navigation strategies for certain specific momentary road conditions, we propose an improved deep Q network. It modifies the regression loss calculation method by bounding the Q output of certain actions, so that the network can focus on actions that are more in line with current road conditions. Moreover, multimodal deep Q learning is adopted to further improve fleet efficiency, owing to the help of multi-source monitoring data. Such learning collects action suggestions from each unimodal learning, and integrates their results through experience-based pooling calculations. The simulation results show the proposed method can optimize fleet management efficiency on time consumption level."
https://openalex.org/W2985750211,Improved Q-learning based route planning method for UAVs in unknown environment,2019,https://doi.org/10.1109/icca.2019.8899478,,"Unmanned aerial vehicles (UAVs) have demonstrated their application value in many fields. With the rapidly interest in UAV technology, the body of research on autonomous route planning has enjoyed an accelerating rate of novel proposals and developments. Traditional roadmap-based global route planning algorithms and the local route planning algorithms easily trapped in local optimum are difficult to apply in unknown and complex environments. The reinforcement learning algorithm that perceives information through trial-and-error learning provides a new direction for the route planning of UAV. In this paper, a novel route planning algorithm based on improved Q-learning is proposed for UAV in an unknown environment. The prior knowledge is used to guide the UAV to select the action, and a new convergence method based on single state-action value difference is proposed to speed up the convergence rate. Finally, the simulation experiment results show that the proposed method is more effective than the original method, and the algorithm is feasible and effective for UAV route planning."
https://openalex.org/W3083096139,Q-learning-based route-guidance and vehicle assignment for OHT systems in semiconductor fabs,2020,https://doi.org/10.1109/asmc49169.2020.9185357,,"We present a reinforcement learning-based algorithm for route guidance and vehicle assignment of an overhead hoist transport system, a typical form of automated material handling system in semiconductor fabrication facilities (fabs). As the size of the fab increases, so does the number of vehicles required to operate in the fab. The algorithm most commonly used in industry, a mathematical optimization-based algorithm that constantly seeks the shortest routes, has been proven ineffective in dealing with fabs operating around 1,000 vehicles or more. In this paper, we introduce Q-learning, a reinforcement learning-based algorithm for route guidance and vehicle assignment. Q-learning dynamically reroutes the vehicles based on the congestion and traffic conditions. It also assigns vehicles to tasks based on the overall congestion of the track. We show that the proposed algorithm is considerably more effective than the existing algorithm in an actual fab-scale experiment. Moreover, we illustrate that the Q-learning-based algorithm is more effective in designing the track layouts."
https://openalex.org/W4400647641,A Study of Reinforcement Learning Techniques for Path Tracking in Autonomous Vehicles,2024,https://doi.org/10.1109/iv55156.2024.10588521,,"Robust and accurate path tracking for autonomous vehicle navigation is a complex task, especially when it comes to managing system uncertainties such as inertia, slippage, and action delays. Although model-based controllers are efficient, their performance can be limited by such uncertainties and by the complexity of the gain tuning process. To address this, our study evaluates the effectiveness of four strategies using reinforcement learning (RL) with a controller, to provide either - steering correction, full gain tuning, gain correction, or end-to-end learning without any controller - to improve trajectory tracking. These methods are trained on geometric controllers (Pure Pursuit, Stanley) and model predictive controllers (Romea, EBSF). Our results show that all RL methods improve tracking at high speeds, with steering correction proving the most consistently effective in all cases."
https://openalex.org/W4328005950,A Route Planning for Autonomous Vehicle in 5G and Edge Computing Environment,2022,https://doi.org/10.1109/bigcom57025.2022.00044,,"Route planning have a huge impact on the safe driving and energy efficiency of autonomous vehicle, which is an inevitable part of Internet of Vehicle. In the 5G edge environment, autonomous vehicle needs to communicate with other vehicles and base stations, route planning needs to consider the communication overhead of autonomous vehicle in addition to the driving distance. However, the current route planning methods only consider the shortest path, which cannot comprehensively consider the distance overhead and time cost. To cope with these challenges, this paper proposes an algorithm based on reinforcement learning to solve autonomous vehicle route planning through 5G networks and edge computing(RLVRP), which can obtain the goal of minimizing the driving distance based on minimizing the task processing time and server response time. In addition, we update our route planning strategy according to the dynamic change of network resources. Extensive experimental results show that the proposed algorithm greatly reduces service delay compared with state-of-the-art baselines."
https://openalex.org/W4410554077,Adaptive traffic engineering with segment routing through deep reinforcement learning,2025,https://doi.org/10.1016/j.comnet.2025.111356,Computer Networks,
https://openalex.org/W3110830836,Integrated mode of transport: a predictive model for route guidance,2020,https://doi.org/10.1108/ijius-09-2020-0040,International Journal of Intelligent Unmanned Systems,"Purpose The purpose of this study is to provide real-time route guidance within city to help commuters. Design/methodology/approach In urban areas to avoid road congestion and to reach the destination on time, intelligent transport system (ITS) utilizes recent advanced technology. To support this, existing route guidance system (RGS) suggests alternative route to commuters. However, ITS requires a system which suggests the alternative route along with the mode of transport such as public, private, taxi services etc. Integrated mode of transport (IMT) implemented in this paper guides the commuters of urban area with the best mode of transport. Inputs to our IMT predictive model are the commuter's choice of (1) minimum travel time (2) minimum cost (3) flexible route and (4) less traffic intensity along with source and destination locations. Based on these user inputs, IMT predictive model suggests optimal mode of transport. In this paper to implement the IMT model, we have considered the transport facility available in Bangalore, a city in India. The city has metro train, bus and taxi services available to the commuters. Implementation is divided into two parts. In the first part, the model checks for the end-to-end connectivity/availability of metro train facility. If metro train connectivity exists, the model concludes this as the best mode of travel. In the second part, for the routes which are not connected by metro train, the optimal mode of transport through road network will be suggested. In the first part, to check the existence of metro train along the routes between source and destination, location-IQ API is used. In the later part, to suggest transport along the road network, Q-learning algorithm of reinforcement learning technique is used. Findings The findings are the predictive model algorithm to find the best mode of transfer and reinforcement model used in real time route guidance system. Originality/value This is a new Idea, not proposed in any research work."
https://openalex.org/W4383749305,End-to-end autonomous vehicle navigation control method guided by the dynamic window approach,2023,https://doi.org/10.1109/cieec58067.2023.10167001,,"Existing end-to-end vehicle navigation control methods based on deep reinforcement learning generally have low exploration efficiency and difficulty converging the model to the ideal state. To address these problems, this paper proposes a hybrid reinforcement learning framework that can fuse the traditional path planning algorithm (dynamic window approach, DWA) with the deep reinforcement learning approach. By taking advantage of DWA's ability to plan a collision-free trajectory with guaranteed vehicle dynamics constraints quickly, giving positive guidance to the DRL module at the early stage of its training, thus improving exploration efficiency while ensuring exploration breadth. To verify the effectiveness of the algorithm, a joint CARLA and ROS simulation environment is built and simulated in a typical scenario. The simulation results show that compared with existing deep reinforcement learning methods, the proposed method in this paper has significantly improved in terms of model convergence speed, stability, and pre-mid-term decision performance, in which the training time of TD3 decision network can be shortened by more than 85%."
https://openalex.org/W4411068266,Intelligent Route Planning for Waste Collection in Smart Cities via Reinforcement Learning,2025,https://doi.org/10.52783/jisem.v10i51s.10410,Journal of Information Systems Engineering & Management,"Introduction: The increasing complexity of urban infrastructure poses challenges for efficient and sustainable municipal waste management. This paper presents a framework based on reinforcement learning (RL) for real-time route planning in smart city waste collection systems. By integrating Iot-enabled smart bins with environmental data such as bin fill levels and real-time traffic, the approach frames the routing task as a Markov Decision Process (MDP). It employs Q-learning and Deep Q-Networks (DQN) to optimise navigation policies. A simulation based on Hanoi, Vietnam, assesses the method's adaptability and efficiency under varying bin distributions and traffic conditions. Results demonstrate that DQN outperforms traditional Q-learning regarding route stability, bin coverage, and learning convergence, particularly in complex urban environments. The system minimises route length and travel time while prioritising the collection of full bins, highlighting the potential of deep reinforcement learning for scalable and sustainable waste logistics in future smart citie."
https://openalex.org/W3175981141,DYNAMIC ROUTING FOR NAVIGATION IN CHANGING UNKNOWN MAPS USING DEEP REINFORCEMENT LEARNING,2021,https://doi.org/10.5194/isprs-annals-v-1-2021-145-2021,"ISPRS annals of the photogrammetry, remote sensing and spatial information sciences","Abstract. In this work, we propose an approach for an autonomous agent that learns to navigate in an unknown map in a real-world environment. Recognizing that the real-world environment is changing overtime such as road-closure happening due to construction work, a key contribution of our paper is adopt the dynamic adaptation characteristic of the reinforcement learning approach and develop a dynamic routing ability for our agent. Our method is based on the Q-learning algorithm and modifies it into a double-critic Qlearning model (DCQN) that only uses visual input without other aids such as GPS. Our treatment of the problem enables the agent to learn the navigation policy while interacting with the environment. We demonstrate that the agent can learn navigating to the destination kilometers away from the starting point in a real world scenario and has the ability to respond to environment changes while learning to adjust the routing plan dynamically by adjusting the old knowledge. The supplementary video can be accessed at the following link: https://www.youtube.com/watch?v=tknsxVuNwkg."
https://openalex.org/W4408147819,Multi-objective optimization for submarine optical fiber cable route planning based on collaborative reinforcement learning with LPGP framework,2025,https://doi.org/10.1016/j.yofte.2025.104178,Optical Fiber Technology,
https://openalex.org/W4401508932,Dynamic Selection of Electric Vehicle Charging Stations Using Deep Reinforcement Learning,2024,https://doi.org/10.1109/iscv60512.2024.10620096,,"This paper presents an innovative Electric Vehicle Navigation System (EVNS) designed to optimize the selection of charging stations for electric vehicles (EVs). By incorporating customer preferences, such as travel time and wait times at charging stations, and addressing uncertainties in traffic conditions and dynamic EV charging demands, we propose an optimal charging station selection system based on Deep Reinforcement Learning (DRL). Utilizing the Deep Q-Network (DQN) algorithm, our system is engineered to minimize both travel and charging times by adapting to fluctuating traffic patterns and predicting future charging demands. The approach involves processing data from EV charging requests, charging station availability, and traffic conditions, framing the selection dilemma as a Markov Decision Process with uncertain transition probabilities. Our simulations reveal substantial benefits over conventional deterministic approaches that merely aim to reduce travel time. This advantage is particularly pronounced during peak periods characterized by high volumes of EV charging requests. The findings underscore the superiority of our DRL-based system in navigating the complexities of real-world EV charging scenarios."
https://openalex.org/W3033105525,A Joint Service Migration and Mobility Optimization Approach for Vehicular Edge Computing,2020,https://doi.org/10.1109/tvt.2020.2999617,IEEE Transactions on Vehicular Technology,"The vehicular edge computing is considered an enabling technology for intelligent and connected vehicles since the optimization of communication and computing on edge has a significant impact on driving safety and efficiency. In this paper, with the road traffic assignment to “proactively” reshape the spatiotemporal distribution of resource demands, we investigate the joint service migration and mobility optimization problem for vehicular edge computing. The goal is to meet the service delay requirements of vehicular edge computing with minimum migration cost and travel time. As service migration and mobility optimization are coupled, the joint scheduling problem suffers from the curse of dimensionality, which cannot be solved in real time by centralized algorithms. To this end, a multi-agent deep reinforcement learning (MADRL) algorithm is proposed to maximize the composite utility of communication, computing, and route planning in a distributed way. In the MADRL algorithm, a two-branch convolution based deep Q-network is constructed to coordinate migration action and routing action. Extensive experimental results show that the proposed algorithm is scalable and substantially reduces service delay, migration cost and travel time as compared with the existing baselines."
https://openalex.org/W4284695345,A Novel Augmentative Backward Reward Function with Deep Reinforcement Learning for Autonomous UAV Navigation,2022,https://doi.org/10.1080/08839514.2022.2084473,Applied Artificial Intelligence,"The autonomous UAV (unmanned aerial vehicle) navigation has recently gained an increasing interest from both academic and industrial sectors due to its potential uses in various fields and especially, the need for social distancing during the pandemic. Many works have adopted a deep reinforcement learning (RL) method with experience replay called deep deterministic policy gradient (DDPG) to control the motion of UAV, and gain high accuracy results in static and simplified environments. However, they are still far from being ready for real world adoption in that the UAVs have to operate under complex and dynamic conditions. We also found that using only DDPG makes the learning process prone to oscillation and is inefficient for tasks having high dimensional action-state spaces. Furthermore, the goal reward mechanism in traditional reward functions brings a bias to the state, which resembles the one at the goal area and leads to erroneous action selection. To get closer to being ready for real world adoption, we proposed a novel method that enables UAVs to be capable of handling motion control in realistic environments. The first component of our proposed method is point cloud data (PCD) simplification with truncated icosahedron structure which converts enormous PCD into a few essential data points. In the second component of our method, we replace the traditional goal reward mechanism with a new mechanism called Augmentative Backward Reward (ABR) function to dispense the goal reward to transitions proportionately to its participation. By integrating simplified PCD and ABR, we achieved significantly better results when compared with using only the-state-of-the-art, TD3. In addition, we tested the proposed method with another navigation task, BipedalWalkerHardcore, a testbed for RL, and the result is still better and steadier than of TD3. These results indicate that the proposed method is robust."
https://openalex.org/W2972950817,Neuromodulated Patience for Robot and Self-Driving Vehicle Navigation,2019,https://doi.org/10.48550/arxiv.1909.06533,arXiv (Cornell University),"Robots and self-driving vehicles face a number of challenges when navigating through real environments. Successful navigation in dynamic environments requires prioritizing subtasks and monitoring resources. Animals are under similar constraints. It has been shown that the neuromodulator serotonin regulates impulsiveness and patience in animals. In the present paper, we take inspiration from the serotonergic system and apply it to the task of robot navigation. In a set of outdoor experiments, we show how changing the level of patience can affect the amount of time the robot will spend searching for a desired location. To navigate GPS compromised environments, we introduce a deep reinforcement learning paradigm in which the robot learns to follow sidewalks. This may further regulate a tradeoff between a smooth long route and a rough shorter route. Using patience as a parameter may be beneficial for autonomous systems under time pressure."
https://openalex.org/W3094541069,"A Distributed Model-Free Ride-Sharing Approach for Joint Matching, Pricing, and Dispatching Using Deep Reinforcement Learning",2021,https://doi.org/10.1109/tits.2021.3096537,IEEE Transactions on Intelligent Transportation Systems,"Significant development of ride-sharing services presents a plethora of opportunities to transform urban mobility by providing personalized and convenient transportation while ensuring the efficiency of large-scale ride pooling. However, a core problem for such services is route planning for each driver to fulfill the dynamically arriving requests while satisfying given constraints. Current models are mostly limited to static routes with only two rides per vehicle (optimally) or three (with heuristics) (Alonso-Moraet al., 2017), at least in the initial allocation while not ascertaining that opposite-direction rides are not grouped together. In this paper, we present a dynamic, demand aware, and pricing-based vehicle-passenger matching and route planning framework that (1) dynamically generates optimal routes for each vehicle based on online demand, pricing associated with each ride, vehicle capacities and locations. This matching algorithm starts greedily and optimizes over time using an insertion operation, (2) involves drivers in the decision-making process by allowing them to propose a different price based on the expected reward for a particular ride as well as the destination locations for future rides, which is influenced by supply-and-demand computed by the Deep Q-network. (3) allows customers to accept or reject rides based on their set of preferences with respect to pricing and delay windows, vehicle type and carpooling preferences. These (1-3) in tandem with each other enforce grouping rides with the most route-intersections together. (4) Based on demand prediction, our approach re-balances idle vehicles by dispatching them to the areas of anticipated high demand using deep Reinforcement Learning (RL). Our framework is validated using millions of trips extracted from the New York City Taxi public dataset; however, we consider different vehicle types and designed customer utility functions to validate the setup and study different settings. Experimental results show the effectiveness of our approach in real-time and large scale settings."
https://openalex.org/W4312971493,Route Planning Based on Deep Reinforcement Learning to Minimize Energy Consumption in UAV Photogrammetry,2022,https://doi.org/10.23919/ccc55666.2022.9902609,2022 41st Chinese Control Conference (CCC),"In photogrammetry, limited battery energy and storage capacity require unmanned aerial vehicles (UAVs) to travel frequently to and from depots. Therefore, route planning is necessary to ensure safety and efficiency. In this paper, the traditional iterative search algorithm is improved through neural network-assisted deep reinforcement learning with an attention layer and the strategy of separating improvement and reconstruction operators, and applied to the vehicle route problem with energy and capacity constraints. Simulation and practice show that energy consumption of the route generated by the improved algorithm is reduced by 10.63%, and the calculation time is only 8.92% that of the optimal traditional algorithm. Therefore, deep reinforcement learning can be applied in the simulation and practice of UAV photogrammetry, and it has been verified to be reliable and efficient, which lays the foundation for minimizing the energy consumption of photogrammetry with multi-aircraft cooperation."
https://openalex.org/W3207502053,Virtual Testing and Policy Deployment Framework for Autonomous Navigation of an Unmanned Ground Vehicle Using Reinforcement Learning,2021,https://doi.org/10.23919/wac50355.2021.9559586,,"The use of deep reinforcement learning (DRL) as a framework for training a mobile robot to perform optimal navigation in an unfamiliar environment is a suitable choice for implementing AI with real-time robotic systems. In this study, the environment and surrounding obstacles of an Ackermann-steered UGV are reconstructed into a virtual setting for training the UGV to centrally learn the optimal route (guidance actions to be taken at any given state) towards a desired goal position using Multi-Agent Virtual Exploration in Deep Q-Learning (MVEDQL) for various model configurations. The trained model policies are to be transferred to a physical vehicle and compared based on their individual effectiveness for performing autonomous waypoint navigation. Prior to incorporating the learned model with the physical UGV for testing, this paper outlines the development of a GUI application to provide an interface for remotely deploying the vehicle and a virtual reality framework reconstruction of the training environment to assist safely testing the system using the reinforcement learning model."
https://openalex.org/W4388220112,Real-Time Serviceable Path Planning using UAVs for Waterborne Vehicle Navigation during Floods,2023,https://doi.org/10.1145/3610419.3610433,,"Autonomous navigation and formation control of multi-UAV systems pose a significant challenge for the robotic systems that operate in partially observable, dynamic and continuous environments. This paper addresses the problem of multi-UAV cooperative sensing and coverage of a flood-struck region to identify serviceable paths to critical locations for waterborne vehicles (WBV) in real time. A serviceable path is defined as a location that is obstacle free and has adequate water level for possible movement of WBVs. We develop a deep reinforcement learning model to learn a cooperative multi-UAV policy for real-time coverage of a flooded region. The coverage information gathered by the UAVs captures the presence of obstacles present in the path connecting the start and target/critical locations given by the shortest Manhattan distance. This coverage information is utilized by the path planning algorithm, i.e., MEA*, to minimize the number of expansion nodes and identify a serviceable path quickly. To conserve energy, UAVs initially follow a guided path to explore the optimal route. If obstacles are encountered, the UAVs search nearby areas for an alternate path to reach the critical location(s). The proposed approach, MEA* MADDPG, is compared with other prevalent techniques from the literature over real-world inspired simulated flood environments. The results highlight the significance of the proposed model as it outperforms other techniques when compared over various performance metrics."
https://openalex.org/W7155955961,An LLM-Powered Cooperative Framework for Large-Scale Multi-Vehicle Navigation,2026,https://doi.org/10.1145/3774904.3792418,,"The rise of Internet of Vehicles (IoV) technologies is transforming traffic management from isolated control to a collective, multi-vehicle process. At the heart of this shift is multi-vehicle dynamic navigation, which requires simultaneously routing large fleets under evolving traffic conditions. Existing path search algorithms and reinforcement learning methods struggle to scale to city-wide networks, often failing to capture the nonlinear, stochastic, and coupled dynamics of urban traffic. To address these challenges, we propose CityNav, a hierarchical, LLM-powered framework for large-scale multi-vehicle navigation. CityNav integrates a global traffic allocation agent, which coordinates strategic traffic flow distribution across regions, with local navigation agents that generate locally adaptive routes aligned with global directives. To enable effective cooperation, we introduce a cooperative reasoning optimization mechanism, in which agents are jointly trained with a dual-reward structure: individual rewards promote per-vehicle efficiency, while shared rewards encourage network-wide coordination and congestion reduction. Extensive experiments on four real-world road networks of varying scales (up to 1.6 million roads and 430,000 intersections) and traffic datasets demonstrate that CityNav consistently outperforms nine classical path search and RL-based baselines in city-scale travel efficiency and congestion mitigation. Our results highlight the potential of LLMs to enable scalable, adaptive, and cooperative city-wide traffic navigation, providing a foundation for intelligent, large-scale vehicle routing in complex urban environments. Our project is available at https://github.com/usail-hkust/CityNav."
https://openalex.org/W4394910042,Attention-Based Value Classification Reinforcement Learning for Collision-Free Robot Navigation,2024,https://doi.org/10.1109/tiv.2024.3391007,IEEE Transactions on Intelligent Vehicles,"Collision avoidance is a crucial technique to achieve safe and efficient robotic vehicle navigation in unknown environments. However, moving obstacles with unpredictability in dynamic scenarios, usually increase the difficulty and complexity in collision avoidance of robotic vehicles. To enhance the stability of collision avoidance and boost its adaptability to uncertain dynamic scenes, a new attention-based value classification actor-critic (AVCAC) architecture is proposed. It is an end-to-end robot navigation model that utilizes imperfect local observation to directly plan accurate collision-free motion commands. First, we design a value-classified rollout replaybuffer to categorize the experiences into different pools. It can prevent any overfitting or bias that may result from repeatedly sampling experiences of a certain type during policy learning. Then, we improve the conventional actor-critic network with a multi-head local attention module to extract the local observations at entity-level. This way, the collision avoidance system can focus on key environmental features to operate more efficiently and respond more swiftly to dynamic changes in the environment. Moreover, a lookahead multi-step prediction (LMP) reward setting is devised in the AVCAC-based reinforcement learning (RL) framework to facilitate more informed and forward-looking decision-making. Finally, the policy entropy (PE) and policy delay (PD) are extended to AVCAC model to enhance policy exploration and make policy more robust. Extensive experimental results reveal that our method can generate time-efficient and collision-free guide paths to dodge collisions under complex dynamic environments."
https://openalex.org/W4385709169,Using Reinforcement Learning to Solve a Dynamic Orienteering Problem with Random Rewards Affected by the Battery Status,2023,https://doi.org/10.3390/batteries9080416,Batteries,"This paper discusses an orienteering optimization problem where a vehicle using electric batteries must travel from an origin depot to a destination depot while maximizing the total reward collected along its route. The vehicle must cross several consecutive regions, with each region containing different types of charging nodes. A charging node has to be selected in each region, and the reward for visiting each node—in terms of a ‘satisfactory’ charging process—is a binary random variable that depends upon dynamic factors such as the type of charging node, weather conditions, congestion, battery status, etc. To learn how to efficiently operate in this dynamic environment, a hybrid methodology combining simulation with reinforcement learning is proposed. The reinforcement learning component is able to make informed decisions at each stage, while the simulation component is employed to validate the learning process. The computational experiments show how the proposed methodology is capable of design routing plans that are significantly better than non-informed decisions, thus allowing for an efficient management of the vehicle’s battery under such dynamic conditions."
https://openalex.org/W4400510961,A deep reinforcement learning with dynamic spatio-temporal graph model for solving urban logistics delivery planning problems,2024,https://doi.org/10.1080/17538947.2024.2376273,International Journal of Digital Earth,"The urban logistics delivery planning problems are a crucial component of urban spatial decision analysis. Most studies typically focus on traditional urban logistics delivery planning problems and ignore real-time traffic information. With the advancement of urbanization, real-time traffic networks play a critical role. However, previous studies have utilized heuristic methods to solve urban logistics delivery planning with real-time traffic information problems, and few studies have applied deep reinforcement learning methods to tackle this problem. Deep reinforcement learning methods solving traditional logistics delivery planning problems overlook the impact of dynamic spatio-temporal features on route planning. In this study, we propose a new deep reinforcement method called DRLDSTG. The method introduces the dynamic spatio-temporal graph model into a deep reinforcement learning method to capture these dynamic features from urban logistics delivery planning tasks. The actor-critic with maximum entropy method is employed to train the model and determine the optimal policy function. The experimental results indicated that the proposed method can achieve a superior solution with faster computational efficiency compared to commercial software and heuristic methods. Compared to other deep reinforcement learning methods, our method can more effectively learn dynamic spatio-temporal features from environments, demonstrating promising applications in cities."
https://openalex.org/W4391822915,Improving graph convolutional networks with reinforcement learning for pure electric logistics vehicle routing,2024,https://doi.org/10.1117/12.3024076,,"Electric logistics vehicle route planning plays a crucial role in the operations of urban distribution service providers. By optimizing vehicle routes, not only can significant reductions in operating costs be achieved, but also enhanced customer satisfaction. However, the vehicle path problem is a classic NP-hard problem in the field of combinatorial optimization. Therefore, finding an efficient and accurate solution holds great practical significance. In response to the real-time operational requirements, this paper proposes a novel approach that improves the graph convolutional neural network model with reinforcement learning. This approach aims to learn effective strategies for generating vehicle route schedules. Through comprehensive experiments conducted on real geographic data, several key findings have been obtained: 1) Explicitly considering edge features within the model is essential; 2) Employing a joint learning strategy can expedite training convergence and improve solution quality, and 3) Comparative evaluations against existing algorithms in the literature demonstrate the superior performance of our proposed model."
https://openalex.org/W4385453355,DSORL: Data Source Optimization With Reinforcement Learning Scheme for Vehicular Named Data Networks,2023,https://doi.org/10.1109/tits.2023.3292033,IEEE Transactions on Intelligent Transportation Systems,"Highly-dynamic (HD) map is an indispensable building block in the future of autonomous driving, allowing for fine-grained environmental awareness, precise localization, and route planning. However, since HD maps include rich, multidimensional information, the volume of HD map data is substantial and cannot be transmitted frequently by several vehicles over vehicular networks in real-time. Therefore, in this paper, we propose a data source selection scheme for effective HD map transmissions in vehicular named data networking (NDN) scenarios. To achieve our goal, we created a vehicular NDN environment for data collection, processing, and transmission using the CARLA simulator and robot operating system 2 (ROS2). Next, due to our vehicular NDN’s dynamic and complex nature, we formulate the data source selection problem as a Markov decision process (MDP) and solve it using a reinforcement learning approach. For simplicity, we termed our proposed scheme data source optimization with reinforcement learning (DSORL), which selects suitable vehicles for HD map data transmission to MEC servers. The experiment results indicate that our suggested method outperformed existing baseline schemes, such as RLSS, Pro-RTT, and HDM-RTT, across all performance criteria in the evaluation. For instance, the system throughput increases by$65\%-72.68\%$compared to other baseline systems. Similarly, the proposed approach can minimize packet loss rate, data size, and transmission time by up to 60.6%, 77.5%, and 54.1%, respectively."
https://openalex.org/W7114767683,Three-Dimensional Autonomous Navigation of Unmanned Underwater Vehicle Based on Deep Reinforcement Learning and Adaptive Line-of-Sight Guidance,2025,https://doi.org/10.3390/jmse13122360,Journal of Marine Science and Engineering,"Unmanned underwater vehicles (UUVs) face significant challenges in achieving safe and efficient autonomous navigation in complex marine environments due to uncertain perception, dynamic obstacles, and nonlinear coupled motion control. This study proposes a hierarchical autonomous navigation framework that integrates improved particle swarm optimization (PSO) for 3D global route planning, and a deep deterministic policy gradient (DDPG) algorithm enhanced by noisy networks and proportional prioritized experience replay (PPER) for local collision avoidance. To address dynamic sideslip and current-induced deviations during execution, a novel 3D adaptive line-of-sight (ALOS) guidance method is developed, which decouples nonlinear motion in horizontal and vertical planes and ensures robust tracking. The global planner incorporates a multi-objective cost function that considers yaw and pitch adjustments, while the improved PSO employs nonlinearly synchronized adaptive weights to enhance convergence and avoid local minima. For local avoidance, the proposed DDPG framework incorporates a memory-enhanced state–action representation, GRU-based temporal processing, and stratified sample replay to enhance learning stability and exploration. Simulation results indicate that the proposed method reduces route length by 5.96% and planning time by 82.9% compared to baseline algorithms in dynamic scenarios, it achieves an up to 11% higher success rate and 10% better efficiency than SAC and standard DDPG. The 3D ALOS controller outperforms existing guidance strategies under time-varying currents, ensuring smoother tracking and reduced actuator effort."
https://openalex.org/W4406789526,Overhead line path planning based on deep reinforcement learning and geographical information system,2025,https://doi.org/10.1016/j.ijepes.2025.110468,International Journal of Electrical Power & Energy Systems,"• A continuous domain overhead line planning solution based on deep reinforcement learning, DSOP, has been proposed. • The gap between planning in continuous and discrete domains and its impact on power transmission has been analyzed. • Advanced state identification and reward calculation schemes for the overhead line planning task in reinforcement learning have been defined. • Compared with the typical graph-based search and sampling-based algorithms, the proposed method has success rate and is more like the results of manual planning. Overhead line planning is an essential component of modern infrastructure construction in human society and a fundamental prerequisite for the transportation and distribution of resources, with extensive application scenarios particularly in the fields of power grids and communication construction. Current overhead line planning primarily relies on manual labor, and existing automated algorithms have low adaptability, making it difficult to efficiently accomplish path planning tasks under various environments and objectives. This paper explores a new approach DSOP (Deep reinforcement learning Soft actor-critic Overhead route Planning) that utilizes the interaction between an agent and the environment to adapt to different environments and planning tasks. This approach is mainly based on an assumption: the process of overhead line planning is a continuous trial-and-error process, and a relatively reasonable path can eventually be obtained through the continuous optimization of multiple objectives while meeting constraint conditions. Experimental verification of real data shows that compared with existing algorithms, the DSOP method is not only more consistent with the manual line selection effect (improved by more than 3%), but also has a high success rate. In terms of path length, number of intermediate points, and tortuosity coefficient indicators in overhead line planning, the road results given by DSOP are more economical overall than traditional solutions. This research provides a new direction for the model design of overhead line planning in continuous domains."
https://openalex.org/W4391857734,A Novel Reinforcement Learning Based Optimization Approach for Supply Chain Management,2023,https://doi.org/10.1109/icccis60361.2023.10425106,,"In this research, a method for improving supply chain management transport routing decisions is developed. It made use of reinforcement learning, more especially the Advan-tage Actor-Critic (A2C) model. The A2C approach integrated value-based and policy-based learning to successfully handle the dynamic and unpredictable nature of transport routing difficulties. The A2C model could choose the best route, allocate the load, and schedule by learning from previous experiences. The goal of this research to create a simulation environment that fully accounted for the complexities of transport routing in supply chain networks, taking into account variables like traffic conditions, delivery deadlines, vehicle capacities, and resource availability. In order to increase the efficacy and efficiency of transport routing decisions, the A2C model was trained in this context. To assess the effectiveness of the A2C model in achieving optimal transport routing solutions, a thorough performance study and comparison with baseline techniques were performed. The findings and understandings from this study advanced the subject of supply chain management and gave organizations looking to improve their transport routing plans invaluable advice."
https://openalex.org/W4291927222,Route Planning for Autonomous Transmission of Large Sport Utility Vehicle,2022,https://doi.org/10.32604/csse.2023.028400,Computer Systems Science and Engineering,"The autonomous driving aims at ensuring the vehicle to effectively sense the environment and use proper strategies to navigate the vehicle without the interventions of humans. Hence, there exist a prediction of the background scenes and that leads to discontinuity between the predicted and planned outputs. An optimal prediction engine is required that suitably reads the background objects and make optimal decisions. In this paper, the author(s) develop an autonomous model for vehicle driving using ensemble model for large Sport Utility Vehicles (SUVs) that uses three different modules involving (a) recognition model, (b) planning model and (c) prediction model. The study develops a direct realization method for an autonomous vehicle driving. The direct realization method is designed as a behavioral model that incorporates three different modules to ensure optimal autonomous driving. The behavioral model includes recognition, planning and prediction modules that regulates the input trajectory processing of input video datasets. A deep learning algorithm is used in the proposed approach that helps in the classification of known or unknown objects along the line of sight. This model is compared with conventional deep learning classifiers in terms of recall rate and root mean square error (RMSE) to estimate its efficacy. Simulation results on different traffic environment shows that the Ensemble Convolutional Network Reinforcement Learning (E-CNN-RL) offers increased accuracy of 95.45%, reduced RMSE and increased recall rate than existing Ensemble Convolutional Neural Networks (CNN) and Ensemble Stacked CNN."
https://openalex.org/W4402939598,Intelligent Route Planning Recommendation for Electric Bus Transport,2024,https://doi.org/10.1155/2024/5947433,International Journal of Intelligent Systems,"Electric bus transport, a popular mode of public transportation, offers punctual, safe, and comfortable services to passengers through the efficient and effective use of designated road space. The performance of electric bus transport systems depends largely on the design of proper locations of bus stops, with the consideration of passenger demands, waiting time, and traveling time. Optimal electric bus route planning can attract an increasing number of passengers and increase public transit services. Aiming to provide guidance for the electric bus route planning of developing cities, this study proposed an intelligent route planning method to minimize the waiting time and traveling time of passengers, in order to achieve the best comfortable level. In addition, a self‐learning anomaly detection method based on reinforcement learning (RL) was proposed to eliminate abnormal data caused by traffic accidents or emergencies. With a large spatiotemporal dataset collected over 3 years from a real electric bus project in Yantai, China, we developed a prototype system and conducted extensive experiments to evaluate the proposed intelligent route planning method. The results showed that the proposed method can reduce the passengers’ waiting time and attract more passengers traveling by electric bus. In addition, the proposed method has achieved optimal route planning recommendation (RPR) subject to 1,872,391 passenger demands on electric bus services; more than 86% of them were accurately predicted, and more than 97% were satisfied with recommendation results."
https://openalex.org/W7124828824,Adaptive electric vehicle routing and charging with deep reinforcement learning,2026,https://doi.org/10.1016/j.trip.2025.101795,Transportation Research Interdisciplinary Perspectives,"As electric vehicles (EVs) gain popularity, efficient routing and charging solutions remain challenging due to time-dependent travel variability, sparse charging infrastructure, and heterogeneous user preferences. To address these challenges, this paper introduces a decision-support system that integrates three complementary methods: Temporal Multimodal Multivariate Learning (TMML) for real-time characterization of travel time uncertainty, Time-Dependent Shortest Path (TDSP) for reliability-aware route choice, and Deep Q-Network (DQN) reinforcement learning for adaptive charging decisions in sparse infrastructure environments. TMML updates link-level travel time distributions in real-time through Bayesian inference with cluster-based propagation, reducing uncertainties across the network. TDSP leverages these updated distributions to estimate remaining travel time and reliability scores for route planning. DQN learns optimal charging policies by determining when to charge, how much to charge (partial charging at 25%, 50%, 75%, or 100% levels), and which route to take based on battery state, traffic patterns, and available stationary charging stations (SCSs) and mobile charging infrastructure—including Mobile Energy Distributors (MEDs) and Dynamic Inductive Charging (DIC). DQN training uses simulation-based learning from actual traffic patterns of the Washington, DC metropolitan region, allowing the agent to explore charging-route pairs and discover efficient solutions through trial and error. To accommodate heterogeneous user preferences, the system calculates multiple Pareto-optimal solutions that trade off travel time, charging cost, battery safety, and route reliability, enabling users to select alternatives that match their current priorities without specifying preference weights in advance."
https://openalex.org/W4413322311,Fuzzy Q-Learning with Fuzzified Bellman Equation for Unmanned Ground Vehicle Navigation,2025,https://doi.org/10.1109/icras65818.2025.11108832,,"This paper presents a novel Fuzzy Q-Learning with Fuzzified Bellman Equation (FQL-FBE) that is utilized to advance autonomous navigation in dynamic and unknown environments. A modified Fuzzified Bellman equation is introduced to integrate fuzzy logic into reinforcement learning by updating the Q-table using Fuzzy temporal differences. The proposed approach serves as a state-action value estimator, addressing challenges associated with continuous state-action spaces by introducing discretization for enhanced learning efficiency. Key advantages include low computational complexity, high adaptability to changing environmental conditions, effective handling of complex scenarios, smooth path generation, interpretability, and a fast learning process. The results of simulations and comparisons validate the efficiency of the proposed method, demonstrating enhanced obstacle avoidance, improved path efficiency, and reduced computational cost. This work marks a step forward in the development of robust and efficient solutions for real-time robotic navigation."
https://openalex.org/W4404344016,A Hybrid Model Combining Improved Weighted Wolf Optimization and Reinforcement Learning for Estimating Electric Vehicle Travel Time,2024,https://doi.org/10.1007/s42979-024-03426-8,SN Computer Science,
https://openalex.org/W7125596159,Safe and Robust Terrain Vehicle Navigation Based on Risk-Aware Path-Planning and Control,2026,https://doi.org/10.1109/tiv.2026.3657221,IEEE Transactions on Intelligent Vehicles,"Path planning and tracking of terrain vehicles are key to navigation safety in the field considering complex working conditions such as uncertain rough surfaces and deformable soil. This paper proposes a hierarchical path-planning and tracking framework to address inherent stochasticity and safety-critical problems in deformable terrain navigation. Firstly, a safe planning method based on distributional reinforcement learning is proposed, where route safety is strengthened by Conditional Value at Risk (CVaR) optimization based on terrain risk evaluation and constraints. Then, the terramechanics establishes the dynamics model for terrain vehicles driving on soft surfaces. A tracking controller based on the Adaptive Prescribed Performance Sliding Mode Control (APPSMC) is developed, where an improved prescribed performance function and a Fuzzy Logic System (FLS) are introduced to estimate the ground vehicle dynamics as well as the environmental disturbances. Simulation conducted on high-fidelity terrain environments shows satisfactory planning and tracking performances. It exhibits engineering transferability for autonomous operations such as planetary exploration and precision agriculture, providing modular design for seamless integration into off-road robotic platforms, and safety-critical tasks in unpredictable, unstructured environments."
https://openalex.org/W7118545193,Autonomous underwater vehicle obstacle avoidance using deep reinforcement learning,2026,https://doi.org/10.1080/17445760.2025.2609141,International Journal of Parallel Emergent and Distributed Systems,"This study presents a deep reinforcement learning framework integrating convolutional neural networks for autonomous underwater vehicle navigation and evasion. Sonar signals are converted into spatial representations through CNN-based feature extraction and then processed by a deep Q-network to support real-time decision making in dynamic, noisy underwater environments. Experience replay and target networks improve training stability, convergence speed, and adaptability to environmental changes. The proposed method enhances perception, action selection, obstacle avoidance, and path optimization compared with traditional approaches. By combining convolutional spatial learning with value-based decision modeling, the framework improves generalization, safety, efficiency, and operational autonomy of AUVs operating in complexity."
https://openalex.org/W4410813398,Model-Based AUV Path Planning Using Curriculum Learning and Deep Reinforcement Learning on a Simplified Electronic Navigation Chart,2025,https://doi.org/10.3390/app15116081,Applied Sciences,"Deep Reinforcement Learning (DRL)-based algorithms have demonstrated substantial effectiveness in tackling complex control problems for autonomous underwater vehicles (AUVs). This paper attempts to evaluate reinforcement learning (RL)-based methods for AUV trajectory planning by incorporating a model of a vehicle’s full motion. In this study, the agent (AUV) is assumed to have no prior knowledge of the environment in which it navigates. Instead, it only receives inputs from navigation sensors and a simulated sonar. Additionally, in the article, a reward function is proposed and described, along with its optimization process, to elicit the desired behaviors in the underwater vehicle. The models are trained and tested on simplified electronic navigation chart (ENC) maps, followed by a comparative analysis against five effective classical methods for trajectory planning. The proposed solution enables efficient, collision-free route planning for the autonomous underwater vehicle, taking its motion dynamics into account to reach the designated target successfully."
https://openalex.org/W4405632522,Emergency vehicle rescue route optimization based on deep reinforcement learning in highway network,2024,https://doi.org/10.1117/12.3054495,,"Rescue route planning for emergency vehicles (EVs) is one of the most important tasks for emergency response. However, traditional methods face challenges in addressing the complex information in modern traffic environments. To ensure the prompt arrival of EVs, this paper proposes a deep reinforcement learning-based method to optimize the rescue routes of EVs on the highway. Specifically, to align with the emergency transportation business, an emergency transportation map based on the road network node graph is first constructed. To improve the convergence speed of the algorithm, the action masking technique is applied to reduce the dimension of the action space during the decision-making of the agent to avoid invalid exploration. Additionally, to help the agent learn the spatio-temporal benefits throughout the entire dispatch cycle, road network nodes are prioritized based on the spatial transfer scale, and a corresponding reward scheme is designed. These improvements, when combined with the agent's learning mechanism, can assist them optimize rescue routes in a more efficient action space. Validation is carried out through simulation examples, and the results show that the approach presented in this paper can find the shortest time-consuming rescue route. Furthermore, the proposed improvements enhance the convergence performance of the algorithm."
https://openalex.org/W3207632355,Path Planning Technology of Unmanned Vehicle Based on Improved Deep Reinforcement Learning,2021,https://doi.org/10.23919/ccc52363.2021.9549620,,"As the basic problem of unmanned vehicle navigation control, path planning has been widely studied. Reinforcement learning (RL) has been found an effective way of path optimization for the highly nonlinear and unmodeled dynamics. However, the RL based methods suffer from the ""dimension disaster"" under the high-dimension state spaces. In this paper, the path planning of an unmanned vehicle with collision avoidance is considered, and an improved Deep Q-Network (DQN) algorithm is proposed to reduce the computation load in the high-dimension state space. First, the states, actions and rewards are determined based on the task requirement, and a smoothing function is defined as an additional penalty term to modify the basic reward function. Then, the two-dimension grid of the state space is mapped to a gray image, which is applied as the input of a neural network, i.e., the Q-Network. Finally, simulation results show that the modified DQN algorithm is more stable and the fluctuation frequency is significantly reduced."
https://openalex.org/W7117891109,Adaptive fusion of multi-source information for USV trajectory planning via deep reinforcement learning,2026,https://doi.org/10.1016/j.oceaneng.2025.124076,Ocean Engineering,
https://openalex.org/W4411725355,Proactive Urban Expressway Guidance: A Hybrid Approach Using Reinforcement Learning and Traffic Prediction Models,2025,https://doi.org/10.1109/jiot.2025.3583833,IEEE Internet of Things Journal,"Addressing traffic congestion is significant in enhancing urban mobility. Traditional navigation systems use real-time traffic status to push the temporally shortest path to drivers, forming selfish-routing, which guide traffic flow to the same roadway, thereby causing imbalance traffic flow distribution and navigation-induced congestion. Besides, navigation based on real-time detected traffic metrics may cause the congestion oscillation during periods with high travel demand variations. This paper proposes the Traffic Prediction and Reinforcement Learning-based Navigation Guidance (TP-RLNG) approach for active control of traffic flow on urban expressways. The TP-RLNG introduces a differentiated guidance approach with multiple origin-destination (OD) pairs, replacing the conventional all-or-nothing route guidance strategies. To enhance the stability, the TP-RLNG integrates traffic prediction and reinforcement learning (RL)-based dynamic optimization to prospectively harmonize traffic supply and demand overall the expressway system. In contrast to the reinforcement learning navigation guidance (RLNG) (no prediction) approach, the integration of traffic prediction model in TP-RLNG enhances the anticipation of critical nodes and enables proactive traffic management. We use SUMO-based traffic simulation to examine the efficacy of TP-RLNG and alternative approaches in controlling traffic flow within the Hangzhou Liushi Expressway network under varying demand patterns. The results underscore the ability of TP-RLNG to enhance road network efficiency and mitigate urban expressway congestion. The findings indicate that, relative to RLNG approaches, our methodology achieves a reduction in average travel time of 9.3%."
https://openalex.org/W4411054981,Path Planning for Transoceanic Underwater Glider Based on Hybrid Reinforcement Learning Algorithm,2025,https://doi.org/10.1109/jiot.2025.3576911,IEEE Internet of Things Journal,"Underwater gliders (UGs) represent a class of autonomous underwater vehicles renowned for their extended operational endurance, capable of traversing thousands of kilometers. As the primary environmental factor influencing UG navigation, ocean currents profoundly affect path planning strategies, with temporal variability exhibiting significant regional disparities across marine domains. This study introduces a hybrid path-planning methodology for transoceanic UGs, synergizing classical algorithms with reinforcement learning techniques. The framework initiates by constructing a transoceanic current model through integration of multi-temporal hydrodynamic data from the Global Ocean Physics Analysis and Forecast system. Subsequently, the Dijkstra algorithm generates initial trajectory planning within a static current field derived from long-term averaged flow patterns. Leveraging these preliminary waypoints, a Q-learning algorithm performs segmented trajectory optimization using real-time current data. The refined path undergoes final processing through a smoothing algorithm to yield navigable routes compatible with UG operational constraints. Accompanying this methodology, a dedicated software platform, underwater glider path planning platform (UGPPP), facilitates path planning and performance evaluation. Validation through case studies in the South China Sea, Western Pacific, and transoceanic regions demonstrates the proposed method’s superior overall performance compared to benchmark approaches, achieving a 35.946% hydrodynamic energy utilization rate. This systematic approach establishes a foundational framework for optimizing long-range marine vehicle navigation in dynamic oceanic environments."
https://openalex.org/W7143485673,Hybrid knowledge-guided reinforcement learning with adaptive variable neighborhood search for dynamic multi-depot electric vehicle routing problems,2026,https://doi.org/10.1016/j.eswa.2026.132238,Expert Systems with Applications,
https://openalex.org/W4300818181,Hybrid Prediction-Based Approach for Traffic Signal Control Problem,2022,https://doi.org/10.3103/s1060992x2203002x,Optical Memory and Neural Networks,"Abstract Intelligent transportation systems aim at a more efficient solution to the problems of traffic management, traffic analysis and prediction, route guidance, and provide more coordinated and “smarter” use of transport infrastructure in general. In this study, we consider a traffic signal control problem, which is a challenging problem in the transportation area. Traffic signal control aims to optimize traffic flows in road networks, decrease travel and waiting times, and increase the effectiveness of transport infrastructure usage. In this paper, we developed a novel hybrid reinforcement learning-based approach to solve the traffic signal control problem. In the first step of the proposed approach, we predict the number of vehicles that will cross an intersection during a specified time interval using a deep learning approach. This factor is used as one of a component of the system state space. In the second step, we proposed to use a double Q-learning approach to solve the traffic signal control problem using the observed system state space. An experimental study of the proposed algorithm was conducted using an open-source microscopic traffic simulation package SUMO. The effectiveness of the proposed approach is evaluated using both synthetic and real-world traffic scenarios. Experiments demonstrated that the proposed algorithm outperforms other baseline classical and state-of-the-art reinforcement learning-based algorithms in terms of the average waiting time and average travel time criteria."
https://openalex.org/W7124442622,A Review of Deep Multi-Objective Reinforcement Learning and Vision-Based Systems for Smart Cities,2025,https://doi.org/10.31449/inf.v49i20.9776,Informatica,"Smart cities leverage artificial intelligence to address urban challenges such as traffic congestion, environmental sustainability, public safety, and energy efficiency. Among AI techniques, the integration of multi-objective reinforcement learning (MORL) and computer vision (CV) offers adaptive, real-time decision-making capabilities while processing complex visual data streams. This paper presents a comprehensive review of the joint application of MORL and CV in smart city environments. A systematic search was conducted across six major databases (Scopus, Web of Science, IEEE, Springer, MDPI, and Elsevier) from 2019 to 2024, resulting in the selection of 90 relevant studies. The review follows a thematic analysis approach, categorizing the literature into smart mobility, infrastructure, environment, governance, and smart living. Key findings indicate that multi-agent MORL and CV are increasingly used in traffic signal control, autonomous vehicle navigation, energy management, surveillance, healthcare, and waste management. However, despite advancements in deep RL algorithms like DDPG, PPO, SAC, and advanced CV techniques such as semantic segmentation and multi-camera tracking, the direct integration of these technologies remains underexplored in many domains. The paper highlights current research gaps, including the lack of standardized frameworks for MORL-CV synergy, scalability limitations, ethical concerns, and insufficient quantitative benchmarking across studies. Additionally, trends such as federated learning, edge computing, and digital twins are identified as promising enablers for future MORL-CV solutions in urban contexts. This review serves as a resource for researchers and policymakers aiming to develop sustainable and intelligent urban systems by bridging perception (via CV) with adaptive control (via MORL) for real-time, multi-criteria decision support."
https://openalex.org/W4408794008,An Algorithm Combining Deep Reinforcement Learning and Dynamic Programming for Solving TSP-D,2024,https://doi.org/10.1109/swc62898.2024.00087,,"Unmanned aerial vehicles serve as versatile terminal devices applicable across various scenarios, involving the coordination among humans, drones, and the environment. This integration represents a typical application of the fusion development of ‘human-machine-environment’. The outstanding performance exhibited by UAVs enables their application in traditional truck delivery systems. However, effectively integrating truck and drone route planning poses a new challenge, known as the Traveling Salesman Problem with Drone (TSP-D). The current algorithm only focuses on TSP-D instances where the number of truck nodes is smaller than or equal to the number of drone nodes. Therefore, we decompose the TSP-D problem into two parts: path point planning and path generation, proposing a two-stage solution algorithm that combines deep reinforcement learning and dynamic programming. Firstly, by designing a novel reward function, we employ reinforcement learning algorithms to train pointer networks to generate the sequence of path points for trucks and drones. Subsequently, dynamic programming is used to collaboratively plan accurate paths for trucks and drones by coordinating their path points. This paper demonstrated the feasibility of the algorithm in experiments with 11, 21, and 51 nodes. The results indicate that as the number of visiting nodes increases, the drone’s flight distance gradually exceeds the truck’s driving distance. This further confirms that the drone can effectively become the main force in the task, significantly reducing the operational time of TSP-D."
https://openalex.org/W4291287732,Learning to Help Emergency Vehicles Arrive Faster: A Cooperative Vehicle-Road Scheduling Approach,2022,https://doi.org/10.48550/arxiv.2202.09773,arXiv (Cornell University),"The ever-increasing heavy traffic congestion potentially impedes the accessibility of emergency vehicles (EVs), resulting in detrimental impacts on critical services and even safety of people's lives. Hence, it is significant to propose an efficient scheduling approach to help EVs arrive faster. Existing vehicle-centric scheduling approaches aim to recommend the optimal paths for EVs based on the current traffic status while the road-centric scheduling approaches aim to improve the traffic condition and assign a higher priority for EVs to pass an intersection. With the intuition that real-time vehicle-road information interaction and strategy coordination can bring more benefits, we propose LEVID, a LEarning-based cooperative VehIcle-roaD scheduling approach including a real-time route planning module and a collaborative traffic signal control module, which interact with each other and make decisions iteratively. The real-time route planning module adapts the artificial potential field method to address the real-time changes of traffic signals and avoid falling into a local optimum. The collaborative traffic signal control module leverages a graph attention reinforcement learning framework to extract the latent features of different intersections and abstract their interplay to learn cooperative policies. Extensive experiments based on multiple real-world datasets show that our approach outperforms the state-of-the-art baselines."
https://openalex.org/W4406461374,HiLight: Heterogeneous Traffic Signal Control for Automatic Drive Guidance Based on Multi-Agent Reinforcement Learning,2024,https://doi.org/10.1109/cvci63518.2024.10830198,,"Self-driving cars need to pre-sense traffic light status for better route planning. However, the heterogeneity and complexity of modern urban intersections (including crossroads and intersections) pose challenges to traffic signal control systems. Traditional traffic signal control methods based on multi-intelligence reinforcement learning are often based on four-way intersections, while ignoring the more complex traffic network conditions in the real world. To address this problem, this paper designs HiLight, a small-scale heterogeneous intersection scheduling system, which performs a finer-grained division of intelligences for heterogeneous traffic intersections, designs the rewards, states, and actions of the intelligences, extracts the information in the environment through an embedding layer, and uses the MADDPG algorithm to make decisions on actions. This system aims to develop intelligent signalling systems that can accurately understand and effectively manage diverse and heterogeneous traffic conditions, thus better adapting to various complex urban traffic environments."
https://openalex.org/W3164346901,Simultaneous Pickup and Delivery Traveling Salesman Problem considering the Express Lockers Using Attention Route Planning Network,2021,https://doi.org/10.1155/2021/5590758,Computational Intelligence and Neuroscience,"This paper presents a simultaneous pickup and delivery route designing model, which considers the use of express lockers. Unlike the traditional traveling salesman problem (TSP), this model analyzes the scenario that a courier serves a neighborhood with multiple trips. Considering the locker and vehicle capacity, the total cost is constituted of back order, lost sale, and traveling time. We aim to minimize the total cost when satisfying all requests. A modified deep Q‐learning network is designed to get the optimal results from our model, leveraging masked multi‐head attention to select the courier paths. Our algorithm outperforms other stochastic optimization methods with better optimal solutions and O ( n ) computational time in evaluation processes. The experiment has shown that reinforcement learning is a better choice than traditional stochastic optimization methods, consuming less power and time during evaluation processes, which indicates that this approach fits better for large‐scale data and broad deployment."
https://openalex.org/W4406461336,Graph RL-Based Route Planning Method for EVs with Synchronous Charge Station Selection,2024,https://doi.org/10.1109/cvci63518.2024.10830115,,"Electric vehicles (EV s) represent a crucial solution for energy conservation and emission reduction in response to global warming. However, widespread usage of EVs presents challenges to the optimization of both route planning and charging planning, due to the considerations of road network, distribution of charging stations, and vehicle interactions. This study proposes a synchronous method of route and charging plan-ning which employs graph neural networks and reinforcement learning. City maps are represented by graph structure data, and topology information of the road network is extracted by the Structure2Vector method, which is embedded into the state value function of the Deep Q Network (DQN) algorithm, so as to plan the route and optimize the selection of charging stations. The proposed method can ensure the timeliness of charging while reducing the traveling distance, and demonstrate good adaptability in different scales of map instances."
https://openalex.org/W4364304228,A Deep Reinforcement Learning Approach for Non-homogeneous Patrolling using Wi-Fi Fleet-restricted Autonomous Vehicles,2022,https://doi.org/10.1109/raai56146.2022.10092959,,"The use of intelligent autonomous vehicles to monitor natural phenomena involves the optimization of multiple policies that must comply with physical restrictions of the environment. In the patrolling problem, typically addressed in the environmental surveillance of natural scenarios, it is required to fulfill the non-homogeneous coverage of an unknown scalar map, with limitations of navigable areas and communication. This work presents a framework based on deep reinforcement learning to deal with communication restrictions for online route planning and patrolling with multiple vehicles. This algorithm, based on the Deep Q-Learning algorithm, using a customized reward function and a fleet-informed deep network, is able to optimize every vehicle policy to maintain each vehicle’s distance from another within the limits of its wireless communication protocol (WiFi). The results show better performance than other path planning heuristics, while being a model-free approach and providing an effective method to use in similar patrolling scenarios."
https://openalex.org/W4394773073,A Review on Smart Navigation Techniques for Automated Vehicle,2024,https://doi.org/10.1007/978-3-031-53972-5_13,EAI/Springer Innovations in Communication and Computing,
https://openalex.org/W7123501481,Hierarchical Route Planning Framework and MMDQN Agent-Based Intelligent Obstacle Avoidance for UAVs,2026,https://doi.org/10.3390/drones10010057,Drones,"Efficient route planning technology is the core support for ensuring the successful execution of unmanned aerial vehicle (UAV) flight missions. In this paper, the coordination issue of global route planning and local real-time obstacle avoidance in complex mountainous environments is studied. To deal with this issue, a hierarchical route planning framework is designed, including global route planning and AI-based local route re-planning using deep reinforcement learning, exhibiting both flexible versatility and practical coordination and deployment efficiency. Throughout the entire flight, the local route re-planning task triggered by dynamic threats can be executed in real time. Meanwhile, a multi-model DQN (MMDQN) agent with a Monte Carlo traversal iterative learning (MCTIL) strategy is designed for local route re-planning. Compared to existing methods, this agent can be directly used to generate local obstacle avoidance routes in various scenarios at any time during the flight, which simplifies the complicated structure and training process of conventional deep reinforcement learning (DRL) agents in dynamic, complex environments. Using the framework structure and MMDQN agent for local route re-planning ensures the safety and efficiency of the mission, as well as local obstacle avoidance during global flights. These performances are verified through simulations based on actual terrain data."
https://openalex.org/W3000731708,Deep-Learning-Based Joint Optimization of Renewable Energy Storage and Routing in Vehicular Energy Network,2020,https://doi.org/10.1109/jiot.2020.2966660,IEEE Internet of Things Journal,"Recent development in renewable energy-enabled electric vehicles (EVs) has posed challenges to the stability and efficiency of the vehicular energy network (VEN), which is a concrete implementation of Internet of Things (IoT) in energy and vehicular networks. In this article, we study a VEN with time-varying point-to-point traffic flow and adjustable energy storage capacity at stations. The goal is to jointly optimize the routing and dynamic storage allocation of renewable energy so as to maximize the efficiency of plant-to-station energy transferring. We first adopt a time-expanded topology graph to describe the scenario and model it as a maximum flow problem. Next, we incorporate routing in our methodology and derive a joint energy storage capacity and route planning method based on linear programming. Then, the problem is extended to a more general case, where the traffic pattern of the VEN is unknown. We apply the long short-term memory model, a deep learning method, to predict the traffic pattern and utilize the concept of reinforcement learning to iteratively improve the prediction accuracy. To evaluate the performance, we implement our method first on regular buses, then extend to EVs based on the real trace data from the PeMS system in California. The simulation results show that the joint optimization can achieve near-optimal performance and performs well even in case of high rate of missing traffic information, with the help of deep reinforcement learning."
https://openalex.org/W4414009651,Research on Algorithms for Optimizing Tourism Route Planning Using Artificial Intelligence,2025,https://doi.org/10.1109/icipca65645.2025.11138457,,"This study proposes a tourism route optimization algorithm based on reinforcement learning, which achieves multi-objective optimization (such as shortest time, lowest cost, best experience, etc.) through intelligent learning and decision-making. This algorithm combines multi-dimensional data such as scenic spot information, traffic flow and weather, and adjusts the path planning strategy in real time through the reinforcement learning model to optimize the travel experience of tourists. The experimental results show that the algorithm can significantly improve the efficiency and accuracy of path planning when processing large-scale tourism data. Compared with traditional path planning algorithms (such as Dijkstra, A=, etc.), the reinforcement learning-based model shows stronger adaptability in multi-objective optimization and dynamic adjustment. In the experiment, the travel time of the reinforcement learning algorithm was shortened by an average of 15.8%, and the total cost was reduced by 12.4%. In addition, the system can dynamically adjust the route according to real-time traffic conditions and weather changes to ensure the best travel experience. This study provides a new idea for tourism route planning and demonstrates the great potential of artificial intelligence in tourism management, which has broad application prospects."
https://openalex.org/W4239317986,Comparing Physics Effects through Reinforcement Learning in the ARORA Simulator,2021,https://doi.org/10.46354/i3m.2021.emss.015,,"By testing various physics levels for training autonomous-vehicle navigation using a deep deterministic policy gradient algorithm, the present study fills a lack of research on the impact of physics levels for vehicle behaviour, specifically for reinforcement-learning algorithms. Measures from a PointGoal Navigation task were investigated: simulator run-time, training steps, and agent effectiveness through the Success weighted by (normalised inverse) Path Length (SPL) measure. Training and testing occurred in the novel simulator ARORA, or A Realistic Open environment for Rapid Agent training. The goal of ARORA is to provide a high-fidelity, open-source platform for simulation, using physics-based movement, vehicle modelling, and a continuous action space within a large-scale geospecific city environment. Using four physics levels, or models, to create four different curriculum conditions for training, the SPL was highest for the condition using all physics levels defined for the experiment, with two conditions returning zero values. Future researchers should consider providing adequate support when training complex-physics vehicle models. The run-time results revealed a benefit for experimental machines with a better CPU, at least for the vector-only observations we employed."
https://openalex.org/W4408794180,Machine Learning Algorithms for Autonomous Underwater Vehicle (AUV) Navigation,2025,https://doi.org/10.1109/icccit62592.2025.10927905,,"Autonomous underwater vehicles (AUVs) play an extremely important role in the fields of oceanography, marine science and underwater infrastructure assessment. Of course, underwater navigation isn't easy either due to varying ocean currents, limited vision, and there's no GPS. This article uses machine learning techniques to describe how AUV navigation can be improved in underwater environments with unknown environment, then enable more reliable decision making and real time obstacle avoidance. This thesis investigates many ML approaches for route planning, sensor data fusion, and obstacle detection including supervised, unsupervised learning and reinforcement learning. With great significance, reinforcement learning algorithms can optimize trial and error learning based navigation techniques to be adapted to novel situations. Additionally, deep leaning algorithms combined with data from sensors such as sonar and cameras are able to enable precise underwater landscape perception and mapping. We apply these algorithms to virtual and physical AUV missions and demonstrate that they result in significant increases in navigation precision, energy efficiency, and mission time. This research's careful consideration of the potential of machine learning for transforming AUV navigation makes more intelligent and autonomous underwater operations possible in many marine sectors."
https://openalex.org/W4410001291,"Enhancing Airport Traffic Flow: Intelligent System Based on VLC, Rerouting Techniques, and Adaptive Reward Learning",2025,https://doi.org/10.3390/s25092842,Sensors,"Airports are complex environments where efficient localization and intelligent traffic management are essential for ensuring smooth navigation and operational efficiency for both pedestrians and Autonomous Guided Vehicles (AGVs). This study presents an Artificial Intelligence (AI)-driven airport traffic management system that integrates Visible Light Communication (VLC), rerouting techniques, and adaptive reward mechanisms to optimize traffic flow, reduce congestion, and enhance safety. VLC-enabled luminaires serve as transmission points for location-specific guidance, forming a hybrid mesh network based on tetrachromatic LEDs with On-Off Keying (OOK) modulation and SiC optical receivers. AI agents, driven by Deep Reinforcement Learning (DRL), continuously analyze traffic conditions, apply adaptive rewards to improve decision-making, and dynamically reroute agents to balance traffic loads and avoid bottlenecks. Traffic states are encoded and processed through Q-learning algorithms, enabling intelligent phase activation and responsive control strategies. Simulation results confirm that the proposed system enables more balanced green time allocation, with reductions of up to 43% in vehicle-prioritized phases (e.g., Phase 1 at C1) to accommodate pedestrian flows. These adjustments lead to improved route planning, reduced halting times, and enhanced coordination between AGVs and pedestrian traffic across multiple intersections. Additionally, traffic flow responsiveness is preserved, with critical clearance phases maintaining stability or showing slight increases despite pedestrian prioritization. Simulation results confirm improved route planning, reduced halting times, and enhanced coordination between AGVs and pedestrian flows. The system also enables accurate indoor localization without relying on a Global Positioning System (GPS), supporting seamless movement and operational optimization. By combining VLC, adaptive AI models, and rerouting strategies, the proposed approach contributes to safer, more efficient, and human-centered airport mobility."
https://openalex.org/W4405128071,A Reinforcement Learning Approach for Training Complex Decision - Making Models,2022,https://doi.org/10.21275/sr22051120903,International Journal of Science and Research (IJSR),"Reinforcement learning (RL) is a powerful branch of machine learning that enables systems to learn optimal strategies through trial-and-error interactions with their environments, making it a natural fit for tackling complex decision-making problems. Unlike traditional methods that rely on predefined rules or labelled datasets, RL trains models by rewarding desired behaviours, allowing them to adapt dynamically to changing conditions. This ability to self-learn and improve has made RL increasingly crucial across industries, from robotics and gaming to finance and healthcare, where intelligent systems must make nuanced decisions in unpredictable settings. This article explores the core principles of reinforcement learning, shedding light on how agents learn by balancing exploration and exploitation. We dive into popular algorithms like Q-learning, Deep Q-Networks, and Policy Gradient methods, explaining their relevance in solving real-world challenges. Through practical examples, such as optimizing supply chain logistics or enhancing autonomous vehicle navigation, we illustrate the transformative potential of RL in training systems to handle intricate decision-making tasks. However, implementing RL in real-world scenarios is not without hurdles?issues like sample inefficiency, reward shaping, and the complexity of scaling solutions can impede progress. We provide actionable recommendations for addressing these challenges, including leveraging hybrid methods, improving environment simulation fidelity, and designing robust reward structures. Furthermore, we discuss the importance of combining RL with other techniques, such as supervised learning or evolutionary algorithms, to unlock its full potential. This discussion highlights RL's opportunities and limitations, emphasizing the need for continued innovation and collaboration between researchers and practitioners. This article is a comprehensive guide for those looking to harness reinforcement learning in building intelligent, adaptable decision-making models by bridging theoretical concepts with hands-on strategies."
https://openalex.org/W4392152975,Optimization Method of DRL-based Route Planning under Limited Resources,2023,https://doi.org/10.1109/eiect60552.2023.10442929,,"The performance of the route planning module is affected by the on-board computing and storage capabilities, which are growing rapidly but are still limited by the enormous scale of sensed data that need to be stored and processed. So, aiming at the problems of resource-limited deep reinforcement learning-based route planning methods, this paper proposes an optimization method to improve computational effectiveness by using Attention Mechanism and reduce data storage by using improved Double-DQN. The results show that the proposed method enables the planning model to focus on valid sensed information and ignore irrelevant information, as well as effectively reduce the amount of vehicle agent’s experience data storage during environment exploration."
https://openalex.org/W4205640797,Path Planning for Multi‐Vehicle‐Assisted Multi‐UAVs in Mobile Crowdsensing,2022,https://doi.org/10.1155/2022/9778188,Wireless Communications and Mobile Computing,"Due to the capability of fast deployment and controllable mobility, unmanned aerial vehicles (UAVs) play an important role in mobile crowdsensing (MCS). However, constrained by limited battery capacity, UAVs cannot serve a wide area. In response to this problem, the ground vehicle is introduced and used to transport, release, and recycle UAVs. However, existing works only consider a special scenario: one ground vehicle with multiple UAVs. In this paper, we consider a more general scenario: multiple ground vehicles with multiple UAVs. We formalize the multi‐vehicle‐assisted multi‐UAV path planning problem, which is a joint route planning and task assignment problem (RPTSP). To solve RPTSP, an efficient multi‐vehicle‐assisted multi‐UAV path planning algorithm (MVP) is proposed. In MVP, we first allocate the detecting points to proper parking spots and then propose an efficient heuristic allocation algorithm EHA to plan the paths of ground vehicles. Besides, a genetic algorithm and reinforcement learning are utilized to plan the paths of UAVs. MVP maximizes the profits of an MCS carrier with a response time constraint and minimizes the number of employed vehicles. Finally, performance evaluation demonstrates that MVP outperforms the baseline algorithm."
https://openalex.org/W2985230321,Smart and Resilient EV Charging in SDN-Enhanced Vehicular Edge Computing Networks,2019,https://doi.org/10.1109/jsac.2019.2951966,IEEE Journal on Selected Areas in Communications,"Smart grid delivers power with two-way flows of electricity and information with the support of information and communication technologies. Electric vehicles (EVs) with rechargeable batteries can be powered by external sources of electricity from the grid, and thus charging scheduling that guides low-battery EVs to charging services is significant for service quality improvement of EV drivers. The revolution of communications and data analytics driven by massive data in smart grid brings many challenges as well as chances for EV charging scheduling, and how to schedule EV charging in a smart and resilient way has inevitably become a crucial problem. Toward this end, we in this paper leverage the techniques of software defined networking and vehicular edge computing to investigate a joint problem of fast charging station selection and EV route planning. Our objective is to minimize the total overhead from users' perspective, including time and charging fares in the whole process, considering charging availability and electricity price fluctuation. A deep reinforcement learning (DRL) based solution is proposed to determine an optimal charging scheduling policy for low-battery EVs. Besides, in response to dynamic EV charging, we further develop a resilient EV charging strategy based on incremental update, with EV drivers' user experience being well considered. Extensive simulations demonstrate that our proposed DRL-based solution obtains near-optimal EV charging overhead with good adaptivity, and the solution with incremental update achieves much higher computation efficiency than conventional game-theoretical method in dynamic EV charging."
https://openalex.org/W4283270669,Delivery Route Planning for Unmanned Aerial System in Presence of Recharging Stations,2022,https://doi.org/10.2514/6.2022-4028,AIAA AVIATION 2022 Forum,"View Video Presentation: https://doi.org/10.2514/6.2022-4028.vid Existing variants of vehicle routing problems (VRPs) are incapable of describing real-world drone delivery scenarios in terms of drone physical restrictions, mission constraints, and stochastic operating environments. To that end, this paper proposes a specific drone delivery model with recharging (DDP-R) characterized by directional edges and stochastic edge costs subject to wind conditions. To address it, the DDP-R is cast into a Markov Decision Process (MDP) over a graph, with the next node chosen according to a stochastic policy based on the evolving observation. An edge-enhanced attention model (AM-E) is then suggested to map the optimal policy via the deep reinforcement learning (DRL) approach. AM-E comprises a succession of edge-enhanced dot-product attention layers which is designed with the aim of capturing the heterogeneous node relationship for DDP-Rs by incorporating adjacent edge information. Simulation shows that edge enhancement facilitates the training process, achieving superior performance with less trainable parameters and simpler architecture in comparison with other deep learning models. Furthermore, a stochastic drone energy cost model in consideration of winds is incorporated into validation simulations, which provides a practical insight into drone delivery problems. In terms of both non-wind and windy cases, extensive simulations demonstrate that the proposed DRL method outperforms state-of-the-art heuristics for solving DDP-R, especially at large sizes."
https://openalex.org/W4411849816,A novel time-dependent electric vehicle pickup and delivery problem with time windows in cold supply chains,2025,https://doi.org/10.1016/j.eswa.2025.128813,Expert Systems with Applications,"In order to alleviate the environmental impact of greenhouse gas, electric vehicles (EVs) have been widely employed in cold supply chains. Many researchers have focused on the pickup and delivery problem with time windows (PDPTW) to design the optimal routing plan satisfying the specified precedence constraints and time windows. However, few studies considered the time-dependent travel time and product spoilage in electric vehicle PDPTW. Therefore, this study proposes a novel time-dependent electric vehicle PDPTW model in cold supply chains. Support vector machine is employed to train the travel speed predictor so that the time-dependent travel time can be obtained through the predicted travel speed. The traditional linear loss function for product spoilage is extended by taking into account the customers’ sensitivity to product spoilage. To solve the proposed model, a new deep reinforcement learning with paired embedding and graph attention network (DRL-PE-GAT) algorithm is proposed. The paired embedding and graph attention network (GAT) are integrated to capture the intrinsic relationship between pickup and delivery customer nodes and obtain the spatial dependencies between nodes, respectively. Further, several experiments are conducted with the proposed algorithm and three baseline algorithms to validate the performance of the proposed algorithm."
https://openalex.org/W7124449768,Deep Reinforcement Learning-Based Knowledge Graph Reasoning for Autonomous Driving systems,2026,https://doi.org/10.1109/tii.2025.3649292,IEEE Transactions on Industrial Informatics,"The rapid development of advanced sensing and artificial intelligence technologies, has advanced autonomous driving (AD) systems by providing intelligent route planning decisions. However, how to construct an interpretable and efficient decision-making method that can adapt to various complex driving scenarios has become an important and challenging research topic. In this article, a knowledge graph (KG) for AD systems is constructed based on heterogeneous data such as traffic rules and network information. A deep learning model combining bidirectional long short-term memory and conditional random field is used to achieve joint learning of entity recognition and relationship extraction. In order to make decisions on driving behaviors, this article introduces a deep reinforcement learning framework designed to perform knowledge reasoning over the driving KG, which integrates an integrated reward function and an action dropout mechanism. Experimental comparisons against the other advanced knowledge reasoning algorithms on a practical driving rules dataset validate the effectiveness and advantages of the proposed method, with an overall mean average precision exceeding 94%. The validity of the proposed method has also been verified on the simulation platform in different road scenarios such as multilane, roundabout, intersection and thru-junction."
https://openalex.org/W4405249422,Optimizing Road Networks: A Graph-Based Analysis with Path-finding and Learning Algorithms,2024,https://doi.org/10.1007/s13177-024-00453-w,International Journal of Intelligent Transportation Systems Research,
https://openalex.org/W4414009971,A Reinforcement Learning Heuristic Framework with Residual Graph Convolutional Networks for Solving the CVRP,2025,https://doi.org/10.1109/icipca65645.2025.11138621,,"In the rapidly developing fields such as smart logistics today, reasonable route planning holds significant economic value for related enterprises in reducing operational costs. As a result, research on the Capacitated Vehicle Routing Problem (CVRP) has become a hotspot in academia. Most studies primarily focus on determining vehicle routes through the application of exact algorithms or metaheuristic algorithms. However, since the construction of such algorithms often relies on expert experience, they suffer from drawbacks such as getting trapped in local optima. This study proposes a Residual Graph Convolutional Deep Q-Network (RGCN-DQN) framework, which formulates the operator selection process of the Adaptive Large Neighborhood Search (ALNS) algorithm as a Markov decision process. By pairing destruction operators with repair operators, an action space is generated to solve CVRP instances of varying scales. The results demonstrate that, compared to traditional ALNS and benchmark algorithms, the proposed method offers advantages in solution quality and other performance metrics. Furthermore, the hybrid framework introduced in this study can be extended to other combinatorial optimization problems, offering both theoretical significance and practical value."
https://openalex.org/W7163171028,Hierarchical reinforcement learning and game-theoretic model for stochastic crowd-sourcing delivery,2026,https://doi.org/10.1007/s00521-026-12166-0,Neural Computing and Applications,
https://openalex.org/W4206893009,B-GAP: Behavior-Rich Simulation and Navigation for Autonomous Driving,2022,https://doi.org/10.1109/lra.2022.3152594,IEEE Robotics and Automation Letters,"We address the problem of ego-vehicle navigation in dense simulated traffic environments populated by road agents with varying driver behaviors. Navigation in such environments is challenging due to unpredictability in agents&#x2019; actions caused by their heterogeneous behaviors. We present a new simulation technique consisting of enriching existing traffic simulators with behavior-rich trajectories corresponding to varying levels of aggressiveness. We generate these trajectories with the help of a driver behavior modeling algorithm. We then use the enriched simulator to train a deep reinforcement learning (DRL) policy that consists of a set of high-level vehicle control commands and use this policy at test time to perform local navigation in dense traffic. Our policy implicitly models the interactions between traffic agents and computes safe trajectories for the ego-vehicle accounting for aggressive driver maneuvers such as overtaking, over-speeding, weaving, and sudden lane changes. Our enhanced behavior-rich simulator can be used for generating datasets that consist of trajectories corresponding to diverse driver behaviors and traffic densities, and our behavior-based navigation scheme can be combined with state-of-the-art navigation algorithms."
https://openalex.org/W4412154402,A Hybrid Reinforcement Learning Framework for Optimizing Fuel Delivery Networks under Uncertainty,2025,https://doi.org/10.18280/ijtdi.090216,International Journal of Transport Development and Integration,"Transportation logistics for fuel delivery face persistent challenges in routing under uncertain demand and complex operational constraints.This study addresses the gap between theoretical models and practical fuel distribution by introducing a hybrid framework that integrates Deep Reinforcement Learning (DRL), graph-based spatial reasoning, and deterministic constraint validation.The method combines Proximal Policy Optimization (PPO) with a graph neural architecture to capture spatial dependencies in vehicle routing while ensuring operational feasibility via constraint-checking mechanisms.The approach was evaluated on 300 synthetic problem instances across three network scales (10, 50, and 100 stations) and a real-world case study involving 38 gas stations and 6 vehicles in a regional fuel distribution system.Compared to a standard deep learning baseline and a Clarke-Wright heuristic, our method reduced operational costs by 7.2% and 9.9%, respectively.Constraint violations dropped from 6% with classical reinforcement learning to 1%, demonstrating improved feasibility.While we report averaged results over large instance sets, formal statistical significance testing remains a direction for future work.The proposed approach maintained robust performance under varying levels of demand uncertainty and produced feasible daily routing plans within 45 seconds, confirming their practical applicability.By integrating learning, spatial reasoning, and operational compliance, this research advances scalable and adaptive optimization for fuel delivery in uncertain and dynamic environments."
https://openalex.org/W4414549340,AI-Driven VANETs: Integrating Deep Learning and Reinforcement Learning for Adaptive Urban Mobility in Smart Cities,2025,https://doi.org/10.1007/978-3-031-98349-8_18,Information systems engineering and management,
https://openalex.org/W4409101451,Deep reinforcement learning solve the task fairness-oriented flexible pickup and delivery problem,2025,https://doi.org/10.1016/j.eswa.2025.127314,Expert Systems with Applications,
https://openalex.org/W4414142595,Multifunctional Model for Traffic Flow Prediction Congestion Control in Highway Systems,2025,https://doi.org/10.22541/essoar.175745303.35684084/v1,,"Highway transportation systems are facing challenges such as congestion due to urban development and increasing number of vehicles. This study presents a model using Long Short-Term Memory (LSTM) networks and Graph Neural Networks (GNN) to improve real-time traffic prediction and alleviate traffic congestion. The model combines LSTM networks and GNN for traffic prediction and applies multi-agent reinforcement learning (MARL) for route planning and traffic control. The study used traffic history, weather, and road network data and conducted experiments on TensorFlow, PyTorch, and SUMO platforms. The model achieved 91.8% prediction accuracy, 21.5% reduction in traffic delays and 27.0% reduction in congestion. It also reduced emergency response time by 2.3 seconds. The results of the study show that the model helps create smarter and safer transportation systems. Highway transportation systems are facing challenges such as congestion due to urban development and increasing number of vehicles. This study presents a model using Long Short-Term Memory (LSTM) networks and Graph Neural Networks (GNN) to improve real-time traffic prediction and alleviate traffic congestion. The model combines LSTM networks and GNN for traffic prediction and applies multi-agent reinforcement learning (MARL) for route planning and traffic control. The study used traffic history, weather, and road network data and conducted experiments on TensorFlow, PyTorch, and SUMO platforms. The model achieved 91.8% prediction accuracy, 21.5% reduction in traffic delays and 27.0% reduction in congestion. It also reduced emergency response time by 2.3 seconds. The results of the study show that the model helps create smarter and safer transportation systems."
https://openalex.org/W4414299110,A deep reinforcement learning and fractional packing framework for routing and scheduling in healthcare waste supply chains,2025,https://doi.org/10.1016/j.sca.2025.100164,Supply Chain Analytics,"Artificial intelligence (AI) is increasingly utilized in healthcare logistics, including automated systems for collecting hazardous medical waste from hospitals under strict time and capacity constraints. This study compares three routing algorithms: (1) Google Maps Destination using an application programming interface (API), (2) hybrid clustering with Deep Q-Network (DQN), and (3) a hybrid method combining clustering, the fractional knapsack strategy, and DQN. These algorithms aim to optimize route planning and scheduling for medical waste collection vehicles operating under real-world constraints such as limited vehicle capacity and fixed service windows. The routing problem is modeled as both a capacitated vehicle routing problem (CVRP) and a CVRP with time windows (CVRPTW), capturing complexities. A multi-trip routing strategy is integrated into the promising algorithms to assess its impact on performance metrics, including capacity utilization, travel distance, total operational time, and number of trips. Experimental results indicate hybrid approach with clustering, fractional knapsack, and DQN outperforms others. It achieved capacity utilization rates of 96.47 percent for CVRP and 76.01 % for CVRPTW, requiring six vehicles, a 25 % reduction compared to the Google Maps API method, while matching the performance of clustering with DQN under time constraints. The CVRP model improved capacity utilization by 28.9 % over Google Maps API and 85.1 % over clustering with DQN. Although travel distance increased slightly (0.61 % in CVRP and 7.2 % in CVRPTW), total operational time was reduced by 7.6 and 4.6 %. The proposed model also minimized extra trips, requiring none for CVRP and only one for CVRPTW, compared to two additional trips needed by clustering with DQN in both scenarios. These findings highlight the hybrid approach as a robust, efficient solution for medical waste transportation under complex conditions."
https://openalex.org/W4407584258,Incentive mechanisms for non-proprietary vehicles in vehicular crowdsensing with budget constraints,2025,https://doi.org/10.1016/j.comcom.2025.108083,Computer Communications,
https://openalex.org/W4416323664,HTFN: A Hybrid Deep Reinforcement Learning Framework for UAV-Based Railway Inspection With Deepseek Integration,2025,https://doi.org/10.1109/access.2025.3634110,IEEE Access,"The inspection of the railway infrastructure is crucial to ensuring operational safety and improving efficiency. However, traditional manual inspection methods are not only time-consuming and labor-intensive but are also prone to human errors, leading to fluctuations in inspection quality and efficiency. To address this issue, this article proposes an automated inspection method for unmanned aerial vehicles (UAV) based on a Hierarchical Training Fusion Reinforcement Learning Network (HTFN), which combines Hierarchical Deep Q Networks (DQN) and Proximal Policy Optimization (PPO) algorithms for autonomous route planning and navigation. This approach provides precise support for task path planning in complex geographical environments, overcoming the limitations of traditional methods in such scenarios. Additionally, the system utilizes a multimodal large language model for automatic fault detection and alarm, enhancing real-time monitoring, predictive maintenance, and automated decision-making. The integration of these technologies results in a highly intelligent and automated UAV operation and control inspection system, minimizing human intervention while improving inspection accuracy and efficiency. Experimental results demonstrate that the proposed system effectively identifies defects in railway infrastructure, significantly improves inspection efficiency, reduces operational costs, and enhances operational control efficiency, ensuring the smooth completion of tasks."
https://openalex.org/W4408100556,Self-Organization Scheduling of Dynamic AAV-MD Networks via Three-Layer Hierarchical Reinforcement Learning,2025,https://doi.org/10.1109/tce.2025.3544802,IEEE Transactions on Consumer Electronics,"Self-organization scheduling is a critic must to support the wide use of autonomous aerial vehicles (AAVs) in many scenarios, where frequent changes of network topology caused by high mobility of both AAVs and mobile devices (MDs) lead to great challenges. We propose a self-organization scheduling architecture of dynamic AAV-MD networks containing three sub-problems, respectively for AAVs’ flight route planning, dynamic network topology control and task offloading decision. Three-layered hierarchical reinforcement learning (HRL) is adopted to solve the corresponding sub-problems. In particular, the idea of ‘learn a priori in advance’ is proposed, where one layer is used to learn the current network topology as a prior and feed it to the other two layers as a constraint. Unlike the traditional way of allowing each AAV or MD to select a coalition without any constraint, our method simplifies scheduling by learning a topology related rule for coalition formation without degrading system performance. More importantly, the proposed three-layer deep hierarchical learning framework is organized with two layers working in parallel and nesting with the other one. Simulation results show that our approach has good convergence performance, and can efficiently cope with high mobility of MDs, but without the need of frequent and large-scale AAV position adjustments."
https://openalex.org/W4417509040,Learning-Based Simultaneous Localization and Navigation Planning for Self-Driving Vehicles,2025,https://doi.org/10.1109/csitss67709.2025.11294306,,"Autonomous navigation in dynamic environments demands robust integration of localization and path planning, yet traditional systems often treat them as separate tasks, leading to sub-optimal performance especially under sensor uncertainty. Our work, focuses on a learning-based architecture that tightly couples localization and planning to enhance navigation safety and efficiency. Our system combines deep sensor fusion using RGB-D, LiDAR, IMU, and GPS inputs to estimate vehicle pose and its associated uncertainty. This uncertainty is explicitly incorporated into the planning module, which leverages a TwinDelayed Deep Deterministic Policy Gradient (TD3) reinforcement learning agent to generate cautious and adaptive trajectories. Our solution is deployed and validated in high-fidelity ROS2-Gazebo simulation environment. In scenarios involving GPS degradation and dynamic obstacles, our model significantly reduces trajectory error (over 70 % improvement) and exhibits greater success rates than uncertainty-agnostic baselines. These findings demonstrate the potential of uncertainty-aware, integrated learning frameworks to improve real-world autonomous vehicle navigation."
https://openalex.org/W4287646759,"A Distributed Model-Free Ride-Sharing Approach for Joint Matching,\n Pricing, and Dispatching using Deep Reinforcement Learning",2020,https://doi.org/10.48550/arxiv.2010.01755,arXiv (Cornell University),"Significant development of ride-sharing services presents a plethora of\nopportunities to transform urban mobility by providing personalized and\nconvenient transportation while ensuring efficiency of large-scale ride\npooling. However, a core problem for such services is route planning for each\ndriver to fulfill the dynamically arriving requests while satisfying given\nconstraints. Current models are mostly limited to static routes with only two\nrides per vehicle (optimally) or three (with heuristics). In this paper, we\npresent a dynamic, demand aware, and pricing-based vehicle-passenger matching\nand route planning framework that (1) dynamically generates optimal routes for\neach vehicle based on online demand, pricing associated with each ride, vehicle\ncapacities and locations. This matching algorithm starts greedily and optimizes\nover time using an insertion operation, (2) involves drivers in the\ndecision-making process by allowing them to propose a different price based on\nthe expected reward for a particular ride as well as the destination locations\nfor future rides, which is influenced by supply-and demand computed by the Deep\nQ-network, (3) allows customers to accept or reject rides based on their set of\npreferences with respect to pricing and delay windows, vehicle type and\ncarpooling preferences, and (4) based on demand prediction, our approach\nre-balances idle vehicles by dispatching them to the areas of anticipated high\ndemand using deep Reinforcement Learning (RL). Our framework is validated using\nthe New York City Taxi public dataset; however, we consider different vehicle\ntypes and designed customer utility functions to validate the setup and study\ndifferent settings. Experimental results show the effectiveness of our approach\nin real-time and large scale settings.\n"
https://openalex.org/W3148400014,AdaPool: A Diurnal-Adaptive Fleet Management Framework Using Model-Free Deep Reinforcement Learning and Change Point Detection,2021,https://doi.org/10.1109/tits.2021.3109611,IEEE Transactions on Intelligent Transportation Systems,"This paper introduces an adaptive model-free deep reinforcement approach that can recognize and adapt to the diurnal patterns in the ride-sharing environment with car-pooling. Deep Reinforcement Learning (RL) suffers from catastrophic forgetting due to being agnostic to the timescale of changes in the distribution of experiences. Although RL algorithms are guaranteed to converge to optimal policies in Markov decision processes (MDPs), this only holds in the presence of static environments. However, this assumption is very restrictive. In many real-world problems like ride-sharing, traffic control, etc., we are dealing with highly dynamic environments, where RL methods yield only sub-optimal decisions. To mitigate this problem in highly dynamic environments, we (1) adopt an online Dirichlet change point detection (ODCP) algorithm to detect the changes in the distribution of experiences, (2) develop a Deep Q Network (DQN) agent that is capable of recognizing diurnal patterns and making informed dispatching decisions according to the changes in the underlying environment. Rather than fixing patterns by time of week, the proposed approach automatically detects that the MDP has changed, and uses the results of the new model. In addition to the adaptation logic in dispatching, this paper also proposes a dynamic, demand aware vehicle-passenger matching and route planning framework that dynamically generates optimal routes for each vehicle based on online demand, vehicle capacities, and locations. Evaluation on New York City Taxi public dataset shows the effectiveness of our approach in improving the fleet utilization, where less than 50&#x0025; of the fleet are utilized to serve the demand of up to 90&#x0025; of the requests, while maximizing profits and minimizing idle times."
https://openalex.org/W4407203775,Stochastic dynamic vehicle routing problem survey,2024,https://doi.org/10.47344/sdubnts.v62i1.959,Suleyman Demirel University Bulletin Natural and Technical Sciences,"The present article aims to offer an exhaustive and in-depth investigation of the Stochastic Dynamic Vehicle Routing Problem, which remains a significant challenge in the field of transportation logistics. To achievethis objective, we will undertake a meticulous analysis of the latest cutting-edge techniques and methodologies deployed to tackle this complex optimization problem. Furthermore, we will delve into the intricate and multifaceted stochastic and dynamic constraints that pose formidable obstacles to effective route planning and optimization. Through this survey paper, we seek to provide a comprehensive understanding of the current state-of-the-art approaches and highlight the potential avenues for future research in this critical area of transportation logistics. In addition, we will also analyze the application of advanced reinforcement learning methods and Markov decision processes to solve the problem of stochastic dynamic vehicle routing."
https://openalex.org/W4409641082,Rapid Solution for Flexible Pickup and Delivery Services Problem Based on Improved Actor-Critic Deep Reinforcement Learning,2025,https://doi.org/10.1109/tits.2025.3559941,IEEE Transactions on Intelligent Transportation Systems,"The problem of the Flexible Pickup and Delivery Services Problem (FPDSP) arises from the actual needs of multi-warehouse management strategies and is one of the key challenges in the current urban distribution logistics industry. The problem aims to quickly calculate the route planning in complex scenarios to ensure that the total traveling time of the vehicle is minimized while meeting the time window requirements. To address this problem, we propose a deep reinforcement learning method based on the Actor-Critic algorithm to quickly calculate the approximate optimal solution of FPDSP. Specifically, we propose a Transformer Model with Parallel Encoders (TMPE). The model efficiently extracts order features through parallel encoders and then uses serial decoders to optimize the fusion of feature information to optimize the order selection process. In addition, we designed a reward function to reduce the number of repeated pickups made by the vehicle at the same consignor’s location between different orders, thereby effectively reducing the vehicle’s total travel time. Experimental results show that our method can quickly find feasible solutions to the problem compared with heuristic methods on seven different datasets. At the same time, compared with all baseline methods, the number of optimal solutions of our method reaches 14, which significantly improves the problem-solving ability. This result provides a new solution for optimizing pickup and delivery logistics in multiple warehouses in cities in the future."
https://openalex.org/W4297793595,Route Planning for Last-Mile Deliveries Using Mobile Parcel Lockers: A Hybrid Q-Learning Network Approach,2022,https://doi.org/10.48550/arxiv.2209.04265,arXiv (Cornell University),"Mobile parcel lockers have been recently proposed by logistics operators as a technology that could help reduce traffic congestion and operational costs in urban freight distribution. Given their ability to relocate throughout their area of deployment, they hold the potential to improve customer accessibility and convenience. In this study, we formulate the Mobile Parcel Locker Problem (MPLP) , a special case of the Location-Routing Problem (LRP) which determines the optimal stopover location for MPLs throughout the day and plans corresponding delivery routes. A Hybrid Q Learning Network based Method (HQM) is developed to resolve the computational complexity of the resulting large problem instances while escaping local optima. In addition, the HQM is integrated with global and local search mechanisms to resolve the dilemma of exploration and exploitation faced by classic reinforcement learning methods. We examine the performance of HQM under different problem sizes (up to 200 nodes) and benchmarked it against the exact approach and Genetic Algorithm (GA). Our results indicate that HQM achieves better optimisation performance with shorter computation time than the exact approach solved by the Gurobi solver in large problem instances. Additionally, the average reward obtained by HQM is 1.96 times greater than GA, which demonstrates that HQM has a better optimisation ability. Further, we identify critical factors that contribute to fleet size requirements, travel distances, and service delays. Our findings outline that the efficiency of MPLs is mainly contingent on the length of time windows and the deployment of MPL stopovers. Finally, we highlight managerial implications based on parametric analysis to provide guidance for logistics operators in the context of efficient last-mile distribution operations."
https://openalex.org/W4315605922,Learning-Based Cooperative Aerial and Ground Vehicle Routing for Emergency Communications,2022,https://doi.org/10.1109/globecom48099.2022.10001484,GLOBECOM 2022 - 2022 IEEE Global Communications Conference,"Unmanned aerial vehicle (UAV)-assisted communications has emerged as a promising technology in many domains, such as disaster relief and emergency scenarios. However, the limited battery capacity restricts UAVs from performing such persistent missions. In this paper, we consider a general hybrid trajectory planning problem to efficiently provide emergency communications in time-constrained disaster-affected regions, where a ground vehicle carrying backup batteries moves along with the UAV as a “mobile charging platform” to handle the energy issue of the UAV. Our optimization task is to minimize the total cost of the mission. We show that the optimization task is an extension of the traveling salesman problem with soft time window constraints. Due to the NP-hardness of the task, we propose a novel deep reinforcement learning with a sequential model strategy to learn the policy for the UAV's visiting order, based on which the collaborative routes of the UAV and ground vehicle are designed. Numerical results show that our proposed learning-based route planning scheme is effective and efficient."
https://openalex.org/W4287250126,AdaPool: A Diurnal-Adaptive Fleet Management Framework using Model-Free\n Deep Reinforcement Learning and Change Point Detection,2021,https://doi.org/10.48550/arxiv.2104.00203,arXiv (Cornell University),"This paper introduces an adaptive model-free deep reinforcement approach that\ncan recognize and adapt to the diurnal patterns in the ride-sharing environment\nwith car-pooling. Deep Reinforcement Learning (RL) suffers from catastrophic\nforgetting due to being agnostic to the timescale of changes in the\ndistribution of experiences. Although RL algorithms are guaranteed to converge\nto optimal policies in Markov decision processes (MDPs), this only holds in the\npresence of static environments. However, this assumption is very restrictive.\nIn many real-world problems like ride-sharing, traffic control, etc., we are\ndealing with highly dynamic environments, where RL methods yield only\nsub-optimal decisions. To mitigate this problem in highly dynamic environments,\nwe (1) adopt an online Dirichlet change point detection (ODCP) algorithm to\ndetect the changes in the distribution of experiences, (2) develop a Deep Q\nNetwork (DQN) agent that is capable of recognizing diurnal patterns and making\ninformed dispatching decisions according to the changes in the underlying\nenvironment. Rather than fixing patterns by time of week, the proposed approach\nautomatically detects that the MDP has changed, and uses the results of the new\nmodel. In addition to the adaptation logic in dispatching, this paper also\nproposes a dynamic, demand-aware vehicle-passenger matching and route planning\nframework that dynamically generates optimal routes for each vehicle based on\nonline demand, vehicle capacities, and locations. Evaluation on New York City\nTaxi public dataset shows the effectiveness of our approach in improving the\nfleet utilization, where less than 50% of the fleet are utilized to serve the\ndemand of up to 90% of the requests, while maximizing profits and minimizing\nidle times.\n"
https://openalex.org/W7125131400,Multifunctional model for traffic flow prediction congestion control in highway systems,2026,https://doi.org/10.1049/icp.2025.4437,IET conference proceedings.,"Highway transportation systems are facing challenges such as congestion due to urban development and increasing number of vehicles. This study presents a model using Long Short-Term Memory (LSTM) networks and Graph Neural Networks (GNN) to improve real-time traffic prediction and alleviate traffic congestion. The model combines LSTM networks and GNN for traffic prediction and applies multi-agent reinforcement learning (MARL) for route planning and traffic control. The study used traffic history, weather, and road network data and conducted experiments on TensorFlow, PyTorch, and SUMO platforms. The model achieved 91.8% prediction accuracy, 21.5% reduction in traffic delays and 27.0% reduction in congestion. It also reduced emergency response time by 2.3 seconds. The results of the study show that the model helps create smarter and safer transportation systems."
https://openalex.org/W4416843602,Effective storm surge risk assessment and deep reinforcement learning based evacuation planning: a case study of Daya Bay Petrochemical Industrial Zone,2025,https://doi.org/10.5194/nhess-25-4767-2025,Natural hazards and earth system sciences,"Abstract. Storm surge is one of the most destructive marine disasters, characterized by abnormal and temporary rises in water levels during intense storms, leading to extreme inland flooding in the coastal area. storm surge risk assessment and evacuation planning, play a crucial role in saving lives and mitigating disasters. Conventional risk assessment struggles to meet the demands of refined risk evaluation research for small-scale elements, such as roads, and current evacuation plans are generally based on broader regional scales, failing to provide effective road-level evacuation planning for evacuees. This study developed five typical typhoon scenarios for the coupled ADCIRC-SWAN model to simulate storm surge inundation. Combining these simulations with road network, storm surge risk assessment was conducted in the Daya Bay Petrochemical Industrial Zone, a vulnerable low-lying coastal region of Huizhou City, China. Based on the risk assessment, a combination of the Deep Q-Network (DQN) model and raster environment was employed to develop real-time evacuation plans during storm surge events. To address the DQN model's convergence challenges, compressed search space and navigational reward methods were proposed. 1000 starting points were randomly selected for route planning, and the results indicate that the proposed method is highly effective in devising optimal evacuation routes with minimal deviation, offering valuable guidance for evacuees during real-world storm surges."
https://openalex.org/W4412486277,Autonomous Flight of UAV in Complex Multi-Obstacle Environment Using Data-Driven and Vision-Based Deep Reinforcement Learning and AirSim,2025,https://doi.org/10.2514/6.2025-3686,,"Real-time autonomous path planning is a critical capability in unmanned aerial vehicle (UAV) operations, especially in complex environments that involve both static and dynamic obstacles. This study proposes a dual-layer unmanned mobility framework that integrates dynamic obstacle avoidance based on data communication with static obstacle avoidance based on vision. The data communication-based layer utilizes the Twin Delayed Deep Deterministic Policy Gradient (TD3) algorithm to process real-time position and velocity data from the Ground Control System (GCS), thereby reducing collision risks and enabling safe route planning in multi-UAV operations. The vision-based layer utilizes a depth camera to detect and avoid previously unknown or unpredictable obstacles, enabling real-time trajectory adjustments without relying on pre-mapped data. The dual-layer UAS operation system underwent a rigorous multi-phase validation process. Initially, the system was validated through Software-in-the-Loop (SITL) simulations conducted using Microsoft’s AirSim platform, which provided a high-fidelity environment for realistic training and performance assessment. SITL enabled effective testing of decision-making algorithms in complex environments containing both static and dynamic obstacles. To further enhance the reliability of the proposed system and assess its performance under hardware constraints, Hardware-in-the-Loop (HITL) testing was subsequently implemented as an intermediate verification step. The HITL configuration enabled real-time assessment of attitude and angular rate tracking through flight controllers, ensuring system stability and precise control before actual flight testing. Finally, actual flight tests were conducted at the drone test field of the Gwangju Institute of Science and Technology (GIST). Consistent results observed across SITL, HITL, and flight tests validated the system’s practicality, robustness, and applicability to real-world UAV operations in complex obstacle environments. This dual-layer hybrid framework demonstrates the effective integration of data communication and vision-based strategies, enabling reliable and efficient UAV navigation in complex environments. The findings support the potential of this system for advanced UAV applications in urban logistics, military missions, and disaster response operations."
https://openalex.org/W4412932469,A multi-head adaptive actor-critic algorithm for solving vehicle routing problems,2025,https://doi.org/10.1007/s10489-025-06778-7,Applied Intelligence,
https://openalex.org/W3047017235,Energy-Efficient UAV Crowdsensing with Multiple Charging Stations by Deep Learning,2020,https://doi.org/10.1109/infocom41043.2020.9155535,,"Different from using human-centric mobile devices like smartphones, unmanned aerial vehicles (UAVs) can be utilized to form a new UAV crowdsensing paradigm, where UAVs are equipped with build-in high-precision sensors, to provide data collection services especially for emergency situations like earthquakes or flooding. In this paper, we aim to propose a new deep learning based framework to tackle the problem that a group of UAVs energy-efficiently and cooperatively collect data from low-level sensors, while charging the battery from multiple randomly deployed charging stations. Specifically, we propose a new deep model called ""j-PPO+ConvNTM"" which contains a novel spatiotemporal module ""Convolution Neural Turing Machine"" (ConvNTM) to better model long-sequence spatiotemporal data, and a deep reinforcement learning (DRL) model called ""j-PPO"", where it has the capability to make continuous (i.e., route planing) and discrete (i.e., either to collect data or go for charging) action decisions simultaneously for all UAVs. Finally, we perform extensive simulation to show its illustrative movement trajectories, hyperparameter tuning, ablation study, and compare with four other baselines."
https://openalex.org/W7132820557,Parameterized Reinforcement Learning with Route Guidance for Controlling Urban Road Traffic Networks,2026,https://doi.org/10.3390/futuretransp6020056,Future Transportation,"Traditional macroscopic fundamental diagram (MFD)-based traffic perimeter metering control strategies rely on full knowledge of vehicle accumulation and inter-regional flow dynamics, assumptions that seldom hold in heterogeneous and highly variable real-world networks. Classical data-driven reinforcement learning methods face similar constraints, often converging slowly and exhibiting low sample efficiency when confronted with such complexities. Motivated by these limitations, this paper proposes a Parameterized Deep Q-Network perimeter control (P-DQNPC) scheme designed for multi-region urban road networks. The framework jointly optimizes discrete actions (regional routing choices) and continuous actions (signal-timing or flow-duration regulation) within a model-free learning structure. The approach is first trained and validated on synthetic MFD data to establish stable and interpretable policy behavior under controlled conditions. It is then transferred and further evaluated using real-world measurements from the Performance Measurement System—San Francisco Bay Area (PeMS-SF), a dataset collected from 18,954 loop detectors across the California State Highway System. PeMS-SF is selected due to its high spatial and temporal resolution, broad network coverage, and strong ability to capture realistic and diverse congestion patterns qualities that support both rigorous validation and generalization to other metropolitan regions. Experimental results show that P-DQNPC consistently outperforms state-of-the-art baselines, including deep deterministic policy gradient, deep Q-network, and No-Control schemes. The proposed method achieves superior regulation of regional accumulations and demonstrates enhanced robustness in large, heterogeneous, and uncertain urban traffic environments."
https://openalex.org/W4416676863,Implementing Reinforcement Learning for Autonomous Vehicle Navigation,2025,https://doi.org/10.1109/iccams65118.2025.11234680,,"The reinforcement learning (RL) method is introduced for autonomous vehicle (AV) navigation at challenging circumstances utilizing the CARLA simulator, which is based on Deep Q-Networks (DQNs). In dynamic situations, traditional rule-based systems find it difficult to adapt, but the suggested approach makes it possible to acquire optimal driving techniques via interaction with the environment. Simulation-based data collection, preprocessing sensor data, DQN training using target networks and experience replay, and real-time policy implementation are all components of the technique. Integrated to integrated state representations are sensor inputs including cameras, LiDAR, GPS, along with collision detectors. Outperforming both conventional systems and similar RL approaches such as Deep Deterministic Policy Gradient (DDPG), experimental findings demonstrate the accuracy level up to 95% in controlled situations and 55% in unexpected contexts. Although performance drops in dynamic environments, the system is resilient in the face of changing weather and traffic circumstances. Future research will concentrate on enhancing generalization and implementing DQN in the real world, but these results demonstrate its efficacy for flexible, scalable autonomous navigation."
https://openalex.org/W2949916082,Autonomous vehicle navigation with deep reinforcement learning,2019,,,
https://openalex.org/W4409616287,Reinforcement learning for autonomous vehicle navigation in Urban environments,2024,https://doi.org/10.30574/wjaets.2024.11.1.0019,World Journal of Advanced Engineering Technology and Sciences,"This paper presents a comprehensive study on the application of reinforcement learning (RL) techniques for autonomous vehicle navigation in complex urban environments. We propose a novel deep RL framework that combines state-of-the-art algorithms with realistic urban traffic simulations to train robust navigation policies. Our approach leverages a hierarchical learning structure to decompose the challenging urban driving task into more manageable sub-tasks. Extensive experiments in simulated urban scenarios demonstrate that our method significantly outperforms baseline approaches in terms of safety, efficiency, and adaptability to diverse traffic conditions. We also conduct real-world validation tests to verify the transferability of learned policies to actual autonomous vehicles. Our results highlight the potential of RL-based techniques to enable safe and efficient autonomous navigation in dynamic city environments."
https://openalex.org/W3015102509,Realtime Vehicle Route Optimisation via DQN for Sustainable and Resilient Urban Transportation Network,2022,https://doi.org/10.24377/ljmu.t.00012594,Liverpool John Moores University,"Traffic congestion has become one of the most serious contemporary city issues for urban transportation network as it leads to unnecessary high energy consumption, air pollution and extra travelling time. During this decade, many optimization algorithms have been designed to achieve the optimal usage of existing roadway capacity in cities to leverage the problem. However, it is still a challenging task for the vehicles to interact with the complex city environment in a real time manner. In this thesis, we propose a deep reinforcement learning (DRL) method to build a real-time intelligent vehicle navigation system for sustainable and resilient urban transportation network. We designed two rewards methods travel time based and vehicle emissions impact (VEI) based which aim to reduce the travel time for emergency vehicle (resilience), and reduce vehicle emissions for general vehicle (sustainability). In the experiment, several realistic traffic scenarios are simulated by SUMO to test the proposed navigation method. The experimental results have demonstrated the efficient convergence of the vehicle navigation agents and their effectiveness to make optimal decisions under the volatile traffic conditions. Travel time based reward schema perform better in reducing travel time however VEI based show better result in reducing vehicle emissions. Furthermore, the results also show that the proposed method has huge potential to provide a better navigation solution comparing with the benchmark routing optimisation algorithms."
https://openalex.org/W7160525922,Magnetic guiding system for unmanned ground vehicle using a fuzzy logic controller,2026,https://doi.org/10.1016/j.robot.2026.105517,Robotics and Autonomous Systems,
https://openalex.org/W4407848208,Application of Machine Learning Algorithms in Improving the Performance of Autonomous Vehicles,2025,https://doi.org/10.54691/532sx817,Scientific Journal of Technology,"With the rapid development of intelligent transportation systems, autonomous driving technology relying on machine learning algorithms has received widespread attention. Although autonomous driving technology has made significant improvements, how to utilize advanced machine learning algorithms to further enhance its performance remains a core issue. This study aims to analyze the role of machine learning in enhancing the performance of autonomous vehicles and discuss how algorithms such as deep neural networks and deep reinforcement learning can effectively solve key technical bottlenecks. A series of innovative strategies based on machine learning have been proposed to address the challenges currently faced by technology, such as insufficient sensor perception accuracy, the contradiction between safety and efficiency in route planning, and real-time constraints in decision-making and control. The goal of these strategies is to improve the perception, planning efficiency and operational reliability of the auto drive system."
https://openalex.org/W4413131581,Intelligent Transportation Systems Using AI for Urban Traffic Control and Route Optimization,2025,https://doi.org/10.71443/9789349552357-08,,"The increasing complexity of urban transportation systems necessitates the adoption of intelligent, adaptive, and decentralized control mechanisms to manage dynamic traffic conditions and optimize route planning. This chapter explores the integration of Multi-Agent Reinforcement Learning (MARL) models into Intelligent Transportation Systems (ITS) for urban traffic signal control and real-time route optimization. Unlike traditional centralized frameworks, MARL enables scalable and distributed decision-making through cooperative agents capable of learning from local interactions and partial observations. The chapter provides a detailed analysis of the underlying principles of MARL, examines the architectural shift from centralized to decentralized learning, and discusses strategies for agent coordination, convergence, and policy optimization. It also highlights the challenges of scalability, dynamic congestion avoidance, and validation in complex traffic networks. The significance of simulation platforms and real-world datasets is addressed, with emphasis on reproducibility and benchmark standardization. By synthesizing state-of-the-art developments, practical considerations, and future research directions, this work positions MARL as a transformative approach for achieving efficient, adaptive, and resilient traffic management in next-generation urban mobility systems."
https://openalex.org/W7126208857,Hierarchical Deep Reinforcement Learning for Autonomous Vehicle Navigation and Planning,2025,https://doi.org/10.5281/zenodo.18429730,Open MIND,
https://openalex.org/W4385473960,Robust Unmanned Surface Vehicle Navigation with Distributional Reinforcement Learning,2023,https://doi.org/10.48550/arxiv.2307.16240,arXiv (Cornell University),"Autonomous navigation of Unmanned Surface Vehicles (USV) in marine environments with current flows is challenging, and few prior works have addressed the sensorbased navigation problem in such environments under no prior knowledge of the current flow and obstacles. We propose a Distributional Reinforcement Learning (RL) based local path planner that learns return distributions which capture the uncertainty of action outcomes, and an adaptive algorithm that automatically tunes the level of sensitivity to the risk in the environment. The proposed planner achieves a more stable learning performance and converges to safer policies than a traditional RL based planner. Computational experiments demonstrate that comparing to a traditional RL based planner and classical local planning methods such as Artificial Potential Fields and the Bug Algorithm, the proposed planner is robust against environmental flows, and is able to plan trajectories that are superior in safety, time and energy consumption."
https://openalex.org/W7126212839,Hierarchical Deep Reinforcement Learning for Autonomous Vehicle Navigation and Planning,2025,https://doi.org/10.5281/zenodo.18429729,Zenodo (CERN European Organization for Nuclear Research),
https://openalex.org/W7130339734,Diffusion-enhanced Reinforcement Learning for Autonomous Underwater Vehicle Navigation,2025,https://doi.org/10.1109/ifeea66847.2025.11389073,,"Autonomous Underwater Vehicles (AUVs) are increasingly deployed in complex and unknown underwater environments, where robust navigation and obstacle avoidance are critical to mission success. This paper proposes a Diffusion-enhanced Reinforcement Learning (DiS-RL) framework for AUV navigation in unknown environments. By integrating a diffusion model as the policy network and combining behavior cloning with value-guided optimization, DiS-RL effectively captures complex action distributions while enabling progressive policy improvement. Simulation results demonstrate that the proposed method generates smoother trajectories and achieves more efficient obstacle avoidance compared to baseline approaches, providing an effective solution for reliable AUV navigation in complex scenarios."
https://openalex.org/W4415934532,Domain-Adaptive Reinforcement Learning Framework for Robust Autonomous Vehicle Navigation,2025,https://doi.org/10.1109/iacis65746.2025.11210918,,"In recent years, autonomous vehicle navigation systems have been progressively confronted with various environmental situations and unpredictable traffic states. However, traditional Deep-Learning (DL)-based navigation models often suffer from domain shifts in simulation and real-world environments, which leads to reduced perception accuracy and suboptimal control decisions. Hence, this research proposes an enhanced navigation framework that integrates a domain-adaptive semantic segmentation network for strong perception and a hybrid Reinforcement Learning (RL) decision module for optimal vehicle control. Initially, visual data were gathered from the CARLA simulator and a real-world dataset, namely Berkeley Deep Drive (BDD100K), which contains image data. The collected data were then pre-processed using augmentation, domain adaptation, and fine-tuning to enhance robustness under changing weather, lighting, and road settings. Subsequently, pre-processed data were fed into a hybrid RL model that combined a Double Deep Q-Network (DDQN) for discrete maneuver selection and Proximal Policy Optimization (PPO) for continuous control adjustment. Moreover, the proposed DDQN-PPO was estimated by varying the simulated driving states, such as changing traffic densities, intersections, and environmental conditions, which confirms its adaptability and safety in complex environments. The proposed DDQN-PPO obtained better results in terms of the success rate (93%) compared to the existing baseline DeepLab v3 model."
https://openalex.org/W4410858651,Optimizing the Vehicle Routing Problem in Solid Waste Management Using Artificial Intelligence,2025,https://doi.org/10.1007/978-3-031-90921-4_36,Lecture notes in networks and systems,
https://openalex.org/W7164652679,Application of Quantum Reinforcement Learning in Autonomous Unmanned Aerial Vehicle Navigation,2025,https://doi.org/10.64972/jaat.2025v3.240p44e:604-617,Journal of Applied Automation Technologies,"An intelligent adaptation technique is necessary due to the complexity and unpredictability of the air space, and autonomous unmanned aerial vehicle (UAV) navigation uses quantum reinforcement learning (QRL) as an advanced control mechanism. This work suggests quantum-inspired encoding and optimization algorithms for policy learning in order to overcome the shortcomings in efficiency and scalability of conventional and deep reinforcement learning approaches. The technique employs quantum-parametric policy optimization on a hybrid quantum-classical architecture after forming UAV navigation as a Markov Decision Process and adding quantum amplitude encoding. Dynamic obstacle and random wind disturbance experiments will be carried out in a high-fidelity 3D simulation environment. QRL has decreased energy usage by up to 17% and increased the top classical RL baseline's convergence speed by 40%. Even in inclement weather, the success rate remains around 95%, and the minimum obstacle clearance never falls below 1.8 meters. Analysis shows that QRL yields safer, more robust and sample-efficient policies that are better at generalizing to unseen maps and disturbance-heavy environments. Based on the above results, the technical feasibility and engineering value of quantum-enhanced learning algorithms for robust UAV autonomous navigation have been demonstrated; thus, they can serve as a model for future intelligent aerial decision systems."
https://openalex.org/W7134818908,Using Reinforcement Learning Techniques for Autonomous Vehicles Navigation in Urban Intersections,2026,https://doi.org/10.5220/0014467100004052,,
https://openalex.org/W3107603725,Blockchain and AI Empowered Trust-Information-Centric Network for Beyond 5G,2020,https://doi.org/10.1109/mnet.021.1900608,IEEE Network,"As the next-generation network, beyond fifth generation (B5G) provides transmission capability up to terabits and processes hundreds of exabytes of content data per day from the internet of Everything. From 5G to B5G, the information-centric network (iCN) is expected to play a vital role due to the strong capabilities of content distribution, caching, and processing. As security is a major concern in B5G, content trust of iCN is of critical importance. Lack of content trust leads to the untrustworthiness and maliciousness of services and applications in B5G, such as malicious accidents resulting from the untrusted content of vehicle navigation and autonomous system. To deal with this issue, we propose a blockchain and artificial intelligence (Ai) empowered trust-information- centric network architecture for B5G. First, we design a blockchain-based trust evaluation and circulation scheme for B5G nodes called TrustCoin, which quantifies the credibility of B5G nodes in a dynamic and fine-grained way, and manages trust quotas of B5G nodes as well as trust-coin circulation. Second, to obtain the content credibility, we devise a credibility decision method based on content status and B5G nodes' behaviors by exploiting the excellent properties of deep reinforcement learning, which provides the intelligent allocation criterion for TrustCoin. Third, we propose a smart incentive mechanism for the endogenous trust of B5G networks according to the allocation criterion, thereby establishing the trust-information-centric network. Experimental results have verified the effectiveness of our proposed mechanism."
https://openalex.org/W2986739194,A Comparison of Autonomous Vehicle Navigation Simulators Under Regulatory and Reinforcement Learning Constraints,2019,https://doi.org/10.3233/faia190114,Frontiers in artificial intelligence and applications,"The transition from conventional vehicles to autonomous vehicles is regulated thorough ADAS (Advanced Driver Assistance Systems) functionalities. The combination of different ADAS functions allows vehicles navigate on a highway autonomously, but at the same time, following the traffic rules and regulations requirements, and also guaranteeing safety on the road. The practical objective in this article is to implement a Reinforcement Learning method whose actions are based in these regulated functions for autonomous vehicles navigation. With this aim, a study of the state-of-the-art of autonomous vehicles simulators has been completed. Hence, the algorithm will be tested using a five-lane highway simulator, previously selected. Results and performance of the model through experimentation will be presented and evaluated using the simulator for different network architectures."
https://openalex.org/W7129671374,A Resilience-aware Spatio-temporal Graph Neural Network for Adaptive Routing in Disrupted Road Networks,2026,https://doi.org/10.22266/ijies2026.0331.57,International journal of intelligent engineering and systems,"Unplanned disturbances such as collisions, weather events and infrastructure failures routinely compromise the continuity of urban mobility.Traditional route guidance systems are ill-equipped to cope with cascading disruptions that propagate through the network's intertwined topology.Recent advances in Graph Neural Networks (GNNs) make it possible to reason over relational data and infer hidden dependencies, yet most studies focus solely on prediction and overlook the resilience of the road network itself.In this work we introduce a resilience-aware spatio-temporal graph neural framework that models both the structural vulnerability and the temporal dynamics of traffic flows.Each intersection and road segment is represented as a node and edge in a dynamic graph augmented with real-time sensor observations and historical incident information, with incidents inferred through sustained, abnormal deviations in observed traffic conditions rather than relying on explicit annotations.A multi-layer spatio-temporal GNN learns rich embeddings of each component and a novel node-edge influence function quantifies the extent to which localized disturbances propagate through neighbouring components, producing normalized resilience scores with a consistent physical interpretation across time and network scale.These resilience scores drive a modified Dijkstra-like routing algorithm that dynamically reassigns flow away from vulnerable segments, enabling rapid recovery during disruptions under realistic update latency and partial observability constraints.Experiments on real-world (METR-LA) and largescale simulated (CityFlow+OpenStreetMap) datasets demonstrate that our framework reduces the Mean Resilience Score Deviation by 36 %, shortens Traffic Flow Recovery Time by 40 %, and increases Emergency Rerouting Efficiency by nearly 20 % relative to baseline GNN and rule-based methods, with performance reported as averaged outcomes over multiple randomized runs.A comparative analysis against recent large-scale STGNN architectures reveals that the proposed method retains competitive predictive accuracy while introducing a resilience dimension absent in prior work.These results underscore the potential of resilience-guided spatio-temporal GNNs for intelligent transportation systems and motivate further integration with reinforcement-learning strategies for proactive routing."
https://openalex.org/W7167052382,PathPilot: Hybrid Actor-Critic Reinforcement Learning for Autonomous Vehicle Navigation in Virtual,2026,https://doi.org/10.1007/978-3-032-25952-3_34,Lecture notes in networks and systems,
https://openalex.org/W4292286405,An Adaptive Route Guidance Model Based on Deep Reinforcement Learning,2022,https://doi.org/10.2139/ssrn.4193419,SSRN Electronic Journal,
https://openalex.org/W7171458945,Offline Reinforcement Learning Using Distributional Representation for Autonomous Unmanned Surface Vehicles Navigation,2026,https://doi.org/10.1109/jiot.2026.3717171,IEEE Internet of Things Journal,
https://openalex.org/W7164338130,Quantum Game-Theoretic Reinforcement Learning for Autonomous Vehicle Navigation and Communication in Vehicular Networks,2026,https://doi.org/10.21203/rs.3.rs-9709036/v1,Research Square,
https://openalex.org/W4366732615,Robust Route Planning with Distributional Reinforcement Learning in a Stochastic Road Network Environment,2023,https://doi.org/10.48550/arxiv.2304.09996,arXiv (Cornell University),"Route planning is essential to mobile robot navigation problems. In recent years, deep reinforcement learning (DRL) has been applied to learning optimal planning policies in stochastic environments without prior knowledge. However, existing works focus on learning policies that maximize the expected return, the performance of which can vary greatly when the level of stochasticity in the environment is high. In this work, we propose a distributional reinforcement learning based framework that learns return distributions which explicitly reflect environmental stochasticity. Policies based on the second-order stochastic dominance (SSD) relation can be used to make adjustable route decisions according to user preference on performance robustness. Our proposed method is evaluated in a simulated road network environment, and experimental results show that our method is able to plan the shortest routes that minimize stochasticity in travel time when robustness is preferred, while other state-of-the-art DRL methods are agnostic to environmental stochasticity."
https://openalex.org/W7167887068,A safety framework for autonomous underwater vehicle navigation based on safety-constrained reinforcement learning,2026,https://doi.org/10.1016/j.engappai.2026.115669,Engineering Applications of Artificial Intelligence,
https://openalex.org/W7171739576,Multi-agent deep reinforcement learning for unmanned aerial vehicle navigation: A comprehensive survey,2026,https://doi.org/10.1016/j.neucom.2026.134600,Neurocomputing,
https://openalex.org/W4409913528,Autonomous Vehicle Navigation in Highway with Deep Q-Network (DQN) using Reinforcement Learning Approach,2025,https://doi.org/10.5954/icarob.2025.os13-5,Proceedings of International Conference on Artificial Life and Robotics,"Autonomous vehicles (AVs) operate in highly dynamic environments, making them essential in modern transportation systems.Their success depends on real-time decision-making in unpredictable traffic scenarios, which are often beyond the scope of initial design assumptions.This unpredictability limits the effectiveness of traditional rule-based decision-making systems and predefined cost functions for real-time optimization.In critical applications like autonomous driving, reinforcement learning (RL) agents without safety mechanisms often struggle to converge or require extensive training data to produce reliable policies, leading to challenges in achieving safe and efficient operation.To address these challenges, this paper proposes a reinforcement learning (RL)-based framework.The ego vehicle refines its decision-making abilities by interacting with a simulated traffic environment.A short-horizon safety mechanism (SM) is integrated to ensure safer training by providing alternative safe actions during critical scenarios.The RL agent employs a deep neural network to map system states to optimal actions.The SM generalizes risky states, such as near-misses or collisions, rainy environment during night while creating a stable learning environment that enhances learning efficiency and enables meaningful exploration for optimal policy development.The method was validated in a highway driving scenario with varying traffic densities using the DQN algorithm and the CARLA simulator.Results demonstrated that the integration of the safety mechanism significantly improved learning efficiency and enabled the AV to make safe, reliable decisions even in complex and unpredictable traffic conditions."
https://openalex.org/W7153777731,Wireless edge intelligence: A GenAI-enhanced reinforcement learning framework for efficient autonomous vehicle navigation,2026,https://doi.org/10.1016/j.comcom.2026.108525,Computer Communications,
https://openalex.org/W2885265484,An IRL Approach for Cyber-Physical Attack Intention Prediction and Recovery,2018,https://doi.org/10.23919/acc.2018.8430922,,"Modern autonomous cyber-physical systems have been demonstrated to be vulnerable to cyber-attacks like sensor spoofing in which an attacker stealthily compromises sensor readings to hijack the system toward undesired and possibly hazardous states. The majority of security techniques developed today are, however, reactive and concerned with detection and interdiction of attacks without considering predicting the intention of the attack. To deal with such problem, we propose a Bayesian Inverse Reinforcement Learning technique that leverages the history of sensor data and control inputs to predict the goal of sensor spoofing attacks, determine which sensors are compromised, and recover the system. We also propose an active exploration framework to improve the convergence rate of the intention inference before reaching undesired states. The proposed approach is validated with simulation results on a quadrotor unmanned aerial vehicle navigation case study."
https://openalex.org/W4414940759,Optimizing Autonomous Vehicle Navigation using Deep Reinforcement Learning and Generative AI Models: An Empirical Study,2025,https://doi.org/10.1109/cmss66566.2025.11182431,,"Research on navigation for autonomous vehicles (AVs) is crucial to improving the safety, efficiency, and adaptability of self-driving systems. The integration of Deep Reinforcement Learning (DRL) and Generative AI models is being explored in this paper aims to improve AV navigation in dynamic environments. Utilizing DRL, the paper also investigates how AVs can independently discover optimal driving strategies by interacting with simulated environments, also employing Generative AI models to reproduce and produce more valuable arbitrary navigation along uncharted or changing an environment. Oct word make mentioned perform path planning obstacle avoidance real time decision-making empirical study In summary, the results show the effectiveness of predicting future trajectories and reducing the road uncertainties in order to achieve superior performance without compromising driving safety; a hybrid approach that could feasibly translate well into application in production-grade self-driving systems."
https://openalex.org/W4403826992,Advanced Decision Making and Motion Planning Framework for Autonomous Navigation in Unsignalized Intersections,2024,https://doi.org/10.1109/access.2024.3487195,IEEE Access,"Autonomous vehicle navigation relies heavily on integrating sensor data, perception, path planning, localization, and vehicle control. However, existing research often treats these components in isolation, particularly at unsignalized intersections, leading to suboptimal performance and safety concerns. This paper presents the Advanced Hierarchical Reinforcement Learning (AHRL) framework, which addresses the challenge of inefficient coordination between decision-making and motion planning in dynamic environments. By integrating Deep Q-Network (DQN) for high-level decision-making with Model Predictive Control (MPC) for precise motion planning, the AHRL framework ensures smoother, safer navigation in complex scenarios like unsignalized intersections. These scenarios require vehicles to interpret right-of-way rules, predict other vehicles’ behavior, and navigate conflicting traffic, with risks heightened by sudden speed changes, lane shifts, and shared space negotiations. In our simulations of a 4-way unsignalized intersection with dynamic traffic flows, the AHRL framework demonstrated substantial improvements over baseline models, achieving a 56 % reduction in jerks, a 13.39 % reduction in collisions, and a 22.9 % reduction in safety gap violations per episode. These results underscore the framework’s advanced Decision-Making and Motion Planning (DM2P) capabilities, showcasing its potential for safer and more efficient autonomous vehicle navigation in complex traffic scenarios. Integrating DQN and MPC within the AHRL framework addresses the inter-dependencies between decision-making and motion planning, improving overall performance and reliability."
https://openalex.org/W2766478487,Acceleration of Gradient-Based Path Integral Method for Efficient Optimal and Inverse Optimal Control,2018,https://doi.org/10.1109/icra.2018.8463164,,"This paper deals with a new accelerated path integral method, which iteratively searches optimal controls with a small number of iterations. This study is based on the recent observations that a path integral method for reinforcement learning can be interpreted as gradient descent. This observation also applies to an iterative path integral method for optimal control, which sets a convincing argument for utilizing various optimization methods for gradient descent, such as momentum-based acceleration, step-size adaptation and their combination. We introduce these types of methods to the path integral and demonstrate that momentum-based methods, like Nesterov Accelerated Gradient and Adam, can significantly improve the convergence rate to search for optimal controls in simulated control systems. We also demonstrate that the accelerated path integral could improve the performance on model predictive control for various vehicle navigation tasks. Finally, we represent this accelerated path integral method as a recurrent network, which is the accelerated version of the previously proposed path integral networks (PI-Net). We can train the accelerated PI-Net more efficiently for inverse optimal control with less RAM than the original PI-Net."
https://openalex.org/W4414397255,Advances in AI-Based Solutions for the Multi-Depot Vehicle Routing Problem: A Review of Recent Trends and Future Directions,2025,https://doi.org/10.1007/s11831-025-10356-y,Archives of Computational Methods in Engineering,
https://openalex.org/W7171425403,Heterogeneous Hierarchical Safe Reinforcement Learning for Heavy-Duty Autonomous Underwater Vehicle Navigation in Dynamic Ocean Currents,2026,https://doi.org/10.2139/ssrn.7192450,SSRN Electronic Journal,
https://openalex.org/W3178763036,Route Planning using Reinforcement Learning and Battery Optimization in Phev’s,2021,,Journal of Emerging Technologies and Innovative Research,"This paper presents a careful comparative analysis of two different reinforcement learning algorithms,An agent with specified coordinates in a gird based environment with obstacles calculates a route for it to travel using q-learning and sarsa.An individual component
To solve optimization of energy in Pliug-in hybrid vehicles based on power demand by utilizing dynamic programming.The principle objective of the paper is to track down the ideal way and to recognize the Q-learning and SARSA calculations and furthermore streamlining the battery phev vehicle. These calculations utilize either the on-strategy or off-arrangement systems of support learning. For the on-approach technique, we have used the SARSA calculation and for the off-arrangement methodology, the Q-learning calculation has been used. These computations also affectingly affect tracking down the most short route possible for the robot"
https://openalex.org/W4409117072,Emulating Emergency Vehicle Navigation for Mixed Traffic Environment Using Graph Prediction and Simulation,2025,https://doi.org/10.52783/jisem.v10i30s.4890,Journal of Information Systems Engineering & Management,"Emergency vehicles (EVs) must move through areas with mixed traffic as fast as they can in order to deliver aid in a timely manner. The dynamic and unpredictable nature of traffic makes this a difficult task. In some bottleneck situations, such as highway ramping and intersections, reinforcement learning (RL) has been used to simulate traffic and improve EV navigation. However, the complexity of real-world traffic environments is not fully captured by RL-based simulations, which are frequently restricted to a small number of entities. Our paper proposes a novel method to simulate EV navigation in mixed-traffic environments using SUMO simulation that utilizes a graph neural network (GNN) algorithm called Graph SAGE to learn node representations or the representations of the relationships between nodes in a graph through training, and a custom action policy function that uses the link states that we predict using Graph SAGE to determine the EVs' next course of action and makes decisions about lane changes, speed adjustments, and acceleration based on the predicted link states, vehicle types, and relative positions of vehicles. We demonstrate that, when compared to baseline approaches, our approach can significantly improve the navigation efficiency of EVs by achieving better speeds and reducing overall and emergency waiting times. Our findings demonstrate how well graphs model and simulate intricate traffic situations."
https://openalex.org/W4389733876,Smart and efficient EV charging navigation scheme in vehicular edge computing networks,2023,https://doi.org/10.1186/s13677-023-00547-y,Journal of Cloud Computing Advances Systems and Applications,"Abstract With the increasing number of electric fast charging stations (FCSs) deployed along roadsides of both urban roads and highways, the long-distance travel of electric vehicles (EVs) becomes possible. The EV charging navigation scheme is significant for the quality of user experience. However, the variable conditions of both power grid and traffic networks make it a serious challenge. In this paper, we propose an efficient EV charging navigation scheme while considering both the electric and computation resource sharing. With the support of vehicular edge computing networks in intelligent transportation systems (ITSs), EVs perform both the flexible power load and edge computing nodes. When the traffic network in the established route starts to become congested, EVs can select to enter the nearest FCS. In addition to being supplemented by electric resources, EVs also benefit by sharing their own computing resource with FCSs. We formulate the EV charging navigation as a mixed integer programming problem, the EV moving route planning, FCS selection, and staying time in FCSs are optimized, to balance the relationships among the traveling time, traveling cost and reward. To address the influence caused by the randomness of traffic conditions and charging prices, a two-stage charging navigation algorithm combined with $$A^{*}$$ <mml:math xmlns:mml=""http://www.w3.org/1998/Math/MathML""> <mml:msup> <mml:mi>A</mml:mi> <mml:mrow> <mml:mrow/> <mml:mo>∗</mml:mo> </mml:mrow> </mml:msup> </mml:math> algorithm and deep reinforcement learning (DRL) is proposed, with a novel designed reward function. Eventually, numerous experimental results show the effectiveness of the proposed schemes."
https://openalex.org/W7164584943,Learning-based Traffic Signal Preemption System for Time-Critical Emergency Vehicle Navigation,2026,https://doi.org/10.1109/icicv68925.2026.11554745,,"Traffic congestion in the urban areas is a major cause of time wastage of emergency vehicles (EVs), which negatively impact response time and contribute to more deaths and damage to property. Traditional traffic signal preemption methods like acoustic siren-based systems are not reliable because of environmental noise and signal reflections as well as line-of-sight limitations. In order to address the mentioned limitations, the current paper suggests a time-sensitive traffic signal preemption system based on learning to direct time-sensitive emergency vehicles in urban settings. The proposed framework incorporates vehicle-to-infrastructure (V2I) communication based on the Global Positioning System (GPS) data and Dedicated Short-Range Communication (DSRC) to allow proactive and autonomous traffic signal control, not based on acoustic signals. A Traffic Management Controller is a centralized point coordinating the decisions of preemption at the intersections. The system includes learning functions that are queue-sensitive, intelligent signal preemption and adaptive traffic recovery, which guarantee continuous EV passage without causing negative effects to non-priority traffic. The emergency vehicle identification through deep learning and signal optimization through reinforcement learning further improves the decision-making in dynamic conditions of traffic. The experimental results indicate that there are substantial improvements in EV travel time, intersection clearance, and post-preemption traffic recovery, which proves the appropriateness of the proposed solution to the intelligent transportation systems and smart city implementations."
https://openalex.org/W4414549885,Intelligent Tourism Route Planning Algorithm Based on Deep Reinforcement Learning,2025,https://doi.org/10.1007/978-3-032-06372-4_19,"Smart innovation, systems and technologies",
https://openalex.org/W4402551182,Autonomous Transmission Route Planning of Large Sport Utility Vehicle Using Ensemble RNN-Based Reinforcement Learning,2024,https://doi.org/10.1007/978-981-97-3991-2_31,Lecture notes in networks and systems,
https://openalex.org/W4392788103,Review of Intelligent Ship Path Planning Algorithms,2024,https://doi.org/10.56397/fms.2024.02.10,Frontiers in Management Science,"Intelligent ship route planning has become an important research direction in the field of shipping in recent years. This paper first provides an overview of the basic theory of intelligent ship route planning. Secondly, various intelligent ship route planning algorithms are introduced, including methods based on A* algorithm, artificial potential field algorithm, RRT algorithm, and reinforcement learning. These algorithms analyze information such as ocean environment, predict sea conditions and traffic conditions, and consider ship dynamics and navigation safety constraints to provide efficient and safe navigation routes for ships. Finally, this paper points out the key issues and future development directions in intelligent ship route planning. The continuous innovation and application of intelligent ship route planning algorithms will provide more intelligent and efficient ship transportation services for the shipping industry, promoting the sustainable development of the shipping industry."
https://openalex.org/W7117552375,A Deep Reinforcement Learning Framework for Real-Time Vehicle Routing with Dynamic Traffic Conditions,2025,https://doi.org/10.1109/rasse64831.2025.11315346,,"Urban route planning is a critical challenge for Autonomous Vehicles (AVs) due to the high variability of traffic conditions and the topological complexity of road networks. Traditional routing systems often rely on static maps or algorithms that do not account for the temporal evolution of traffic, resulting in suboptimal solutions in real-world scenarios. This work proposes a Deep Reinforcement Learning (DRL) based framework for optimal path generation in realistic urban environments, leveraging historical traffic data provided by TomTom APIs. The road network of the city of Bari is used as a case study, and traffic conditions are modeled across three distinct time slots to capture typical daily traffic fluctuations. The routing problem is formally modeled as a Markov Decision Process, where the agent interacts with a dynamic environment and learns a policy that minimizes travel time and avoids congestion. The agent is trained using the Proximal Policy Optimization algorithm, a state-of-the-art actor-critic method that ensures stable learning in complex environments. The simulation environment is built using Simulation of Urban MObility, with traffic flows generated coherently with the data collected from TomTom. Experimental results show that the agent trained with time-dependent traffic information outperforms static-data-based strategies, demonstrating the effectiveness of the proposed approach for intelligent and adaptive transportation systems."
https://openalex.org/W4403210949,Multi-UAV Cooperative Exploration Route Planning Based on Reinforcement Learning,2024,https://doi.org/10.1109/eei63073.2024.10696684,,"The route planning problem for unmanned aerial vehicle (UAV) involves finding a path that allows the UAV to search a designated airspace extensively while avoiding dangerous areas. Ensuring effective cooperative detection among multi-UAV is a significant research challenge. To address this, this paper establishes a discrete multi-UAV cooperative exploration route planning model using a grid-based airspace map. A multi-agent reinforcement learning algorithm based on Value-Decomposition Networks is proposed. This algorithm decomposes the overall value function among individual agents, enabling each agent to make independent decisions and resolving the “false reward” problem in multi-agent systems. The proposed approach demonstrates favorable results in the route planning of multi-UAV."
https://openalex.org/W4404335660,Advanced Computational Intelligence Techniques for Real-Time Decision-Making in Autonomous Systems,2024,https://doi.org/10.22399/ijcesen.591,International Journal of Computational and Experimental Science and Engineering,"This research explores advanced computational intelligence techniques aimed at enhancing real-time decision-making in autonomous systems. The increasing reliance on autonomous technologies across sectors such as transportation, healthcare, and industrial automation demands robust, adaptive, and reliable decision-making frameworks. This study introduces a novel hybrid model that integrates Reinforcement Learning (RL), Deep Neural Networks (DNN), and Fuzzy Logic to enable autonomous systems to make accurate and timely decisions in complex, dynamic environments. The proposed framework leverages RL for adaptive decision-making, DNNs for pattern recognition and prediction, and Fuzzy Logic for handling uncertainty in system states. Experimental evaluations were conducted using high-fidelity simulations across three scenarios: autonomous vehicle navigation, real-time patient monitoring in healthcare, and robotic process automation. Results indicate a 25% improvement in decision accuracy, a 30% reduction in response time, and enhanced robustness against environmental variability compared to conventional decision-making methods. The findings underscore the effectiveness of computational intelligence in supporting critical decisions in real-time, marking a significant step toward more capable and reliable autonomous systems."
https://openalex.org/W4213041404,Development of Traffic Predictive Route Guidance Algorithm Under Uncertain Traffic Environment,2021,https://doi.org/10.2139/ssrn.3979396,SSRN Electronic Journal,
https://openalex.org/W4417360962,Autonomous Vehicle Navigation with Deep Learning: A Comprehensive Review,2025,https://doi.org/10.71143/cv4yj587,International Journal of Research and Review in Applied Science Humanities and Technology,"AVs are a revolutionary technology in the intelligent transportation industry integrating a sophisticated sensing, computing, and controlling system to facilitate safe and effective self-driving. At the heart of this development lies deep learning (DL) that has become the foundation of perception, decision-making, and navigation on complex and dynamic driving environments. As opposed to classical rule-based algorithms, DL models can learn hierarchical representations using large volumes of sensor and traffic data and achieve major gains in object-detection, lane-recognition, obstacle-avoidance, and route-planning tasks. In this paper, I have reviewed deep learning methods in autonomous vehicle navigation in detail. It covers a few of the more well-known architectures such as Convolutional Neural Networks (CNNs), visual perception; Recurrent Neural Networks (RNNs) and Long Short-Term Memory (LSTM) to make sequential decisions; and deep models based on Reinforcement Learning (RL), adaptive navigation strategies. Furthermore, other methods that might be employed to improve environmental knowledge are discussed, including the application of multimodal fusion technologies, which integrate LiDAR, radar, and vision cameras. The article talks about real-world application, benchmark datasets, and simulation environments that facilitate DL-based research on AV. Even after an accelerated development, explainability, robustness in adverse weather, real-time computational efficiency and ethical considerations of safety-critical decisions continue to be challenges. Lightweight DL systems, federated learning of collaborative AVs, and explainable AI systems are the next steps to control regulatory compliance and user trust. This review combines progress, issues, and opportunities to emphasize the revolution in deep learning in the field of autonomous vehicle navigation and find ways to enable sustainable, reliable, and large-scale implementation."
https://openalex.org/W4404967691,Traffic Congestion-Aware Tourist Route Planning,2024,https://doi.org/10.1007/978-3-031-78093-6_17,Lecture notes in computer science,
https://openalex.org/W4405072221,Preliminary Study on Cooperative Route Planning Reinforcement Learning with a Focus on Avoiding Intersection Congestion,2024,https://doi.org/10.3390/futuretransp4040075,Future Transportation,"Intersection control systems have been actively studied in recent years as they could potentially replace traffic signals via the utilization of the communication and automatic driving capabilities of connected and autonomous vehicles (CAVs). In these studies, conflicting travel trajectories at intersections that could cause accidents and delays were safely and efficiently avoided by controlling the vehicle’s speed. However, routing approaches for avoiding conflicts at intersections have only been discussed in a few studies. To investigate the feasibility of avoiding intersection conflicts through network-level route allocation, we propose a cooperative route allocation model using reinforcement learning than can model the relationship between the complex traffic environment and optimal route solutions. Models aimed at decreasing the total travel time and those with high delay importance owing to conflicts in travel times were trained and verified under multiple traffic conditions. The results indicate that our model effectively allocates vehicles to their optimal routes, reducing the number of intersection conflicts and decreasing the average travel time by up to approximately 40 s compared to random allocation, demonstrating the potential of reinforcement learning for cooperative route allocation in the management of multiple vehicles."
https://openalex.org/W7154449331,Research on Autonomous Driving Route Planning Method Based on Deep Reinforcement Learning,2025,https://doi.org/10.1109/maic67965.2025.11468844,,"This paper introduces a hybrid deep reinforcement learning path planning framework (DRL-PP) for autonomous vehicles. It is designed to be efficient, safe and verifiable in complex and dynamic environments. This framework is built on a hierarchical action representation: the policy network provides multi-step reference path points, and at the lower level, MPC/PID is used to ensure that things are physically possible. The reward function adopts a combinatorial design and incorporates distancebased cubic boosters to amplify the learning signal when approaching the target. The training strategy employs a dualnetwork setup, experience replay, and a cautious$\varepsilon$-cooling plan to enhance convergence stability and sample utilization. During the operation process, it adds action shielding and constraint projection based on control barrier functions or quadratic programming for real-time safety repair. Compared with benchmark systems such as DQN and Acactor -Critic on the unified grid obstacle simulation platform, this method has obvious advantages in terms of success rate, collision rate, path smoothness and sample efficiency (example results: success rate 94.2 %, collision rate 3.1 %, and the number of exploration iterations required to achieve stable performance is approximately$3.2 \times 10^{4}$)."
https://openalex.org/W7151529911,Unmanned aerial vehicle non-stop inspection and obstacle avoidance route planning based on reinforcement learning cuckoo search algorithm,2025,https://doi.org/10.1504/ijcat.2025.10077513,International Journal of Computer Applications in Technology,"Inderscience is a global company, a dynamic leading independent journal publisher disseminates the latest research across the broad fields of science, engineering and technology; management, public and business administration; environment, ecological economics and sustainable development; computing, ICT and internet/web services, and related areas."
https://openalex.org/W4312805357,A Cybertwin-Driven Intelligent Offloading Method for IoV Applications Using DRL in Smart Cities,2022,https://doi.org/10.1109/dasc/picom/cbdcom/cy55231.2022.9927948,"2022 IEEE Intl Conf on Dependable, Autonomic and Secure Computing, Intl Conf on Pervasive Intelligence and Computing, Intl Conf on Cloud and Big Data Computing, Intl Conf on Cyber Science and Technology Congress (DASC/PiCom/CBDCom/CyberSciTech)","Internet of Vehicle (IoV) is considered as the enabling platform to improve the traffic condition in cities. Meanwhile, a variety of promising applications such as self-driving and route planning are realized, which generates various latency-critic tasks. These latency-critic tasks present high demands on computing capacity, while resource-restricted vehicles could not satisfy those requirements. Mobile edge computing (MEC) is emerging as a potential solution to mitigate resource-limited vehicles from latency-critic tasks, which enables vehicles to offload tasks to nearby road-side units. Besides, cybertwin can abstract IoV system into a digital entity to facilitate obtaining information and management. However, it is still challenging to leverage cybertwin technology to optimize offloading policy. To this end, we design a deep reinforcement learning method to train the optimal decision-making agent by a cybertwin-driven IoV system, which aims to minimize the system cost under latency constraints. The experimental results illustrate that the agent trained by our proposed method outperforms the other methods."
https://openalex.org/W4415366774,Deep Q-Learning for Autonomous Vehicle Navigation in Smart Mobility,2025,https://doi.org/10.1109/iccpct65132.2025.11176723,,"The proposed system leverages Deep Q-Learning to enhance autonomous vehicle navigation in smart mobility environments. By integrating reinforcement learning with deep neural networks, the system enables vehicles to make real-time decisions while adapting to dynamic traffic conditions. The framework employs a reward-based learning mechanism to optimize path selection, collision avoidance, and efficient maneuvering in complex urban scenarios. To improve decisionmaking accuracy, the proposed approach incorporates an experience replay mechanism, preventing overfitting and ensuring stable learning. Additionally, a target network is utilized to enhance training convergence, allowing the model to generalize effectively across varying road conditions. The system is further optimized through adaptive explorationexploitation strategies, enabling vehicles to balance learning new routes while prioritizing safe and efficient navigation. The proposed methodology demonstrates significant improvements in autonomous mobility, offering a scalable and robust solution for next-generation smart transportation systems."
https://openalex.org/W7124966117,Context-Conditioned Meta-Reinforcement Learning for Expectation-Aligned Route Guidance in Time-Critical Urban Mobility,2026,https://doi.org/10.2139/ssrn.6099819,SSRN Electronic Journal,
https://openalex.org/W4318426795,A Deep Reinforcement Learning-Based Hybrid Route Planning Mechanism for Service-Oriented C-Itss,2023,https://doi.org/10.2139/ssrn.4341532,SSRN Electronic Journal,
https://openalex.org/W4389251112,A Novel Route Planning Approach Based on Energy-Based Action Sample Reinforcement Learning,2023,https://doi.org/10.1109/ccdc58219.2023.10327188,,"Route planning for driverless vehicles in given environment has been widely studied. In this paper, a novel route path planning approach is proposed for self-driving based on energy-based action sample reinforcement learning. Firstly, based on the established graph, Q-learning is adopted in agent training with an novel considering steering penalty into reward function. Secondly, an innovative energy-based action sampling method is used to choose the most valuable action. Thirdly, the agent interacts with environment to plan a global path from the start to the goal point. As the results shown in experiments, this approach can complete the route planning task, and perform better in path length and turns (i.e. evaluation indicators)."
https://openalex.org/W7112458794,ADAPTIVE MULTI-AGENT REINFORCEMENT LEARNING FOR ELECTRIC VEHICLE CHARGING OPTIMIZATION UNDER DYNAMIC TRAFFIC CONDITIONS,2025,,Civil War Book Review,"Electric vehicle (EV) charging optimization is a critical challenge in sustainable transportation. This study focuses on three fundamental questions: (1) when is the best time to charge an EV, (2) where is the optimal charging location, and (3) how should charging be planned considering navigation and routing decisions. Our primary objective is to determine the optimal time and location for EV charging while accounting for key factors such as real-time traffic conditions, spatial distribution of charging stations, and EV-specific attributes such as state of charge (SOC), driving range, and efficiency. To develop a robust and adaptive EV charging recommendation system, we employ Multi-Agent Reinforcement Learning (MARL) to derive an intelligent, self-improving charging strategy that dynamically adapts to evolving conditions. Unlike traditional approaches, which often rely on static road network data, our model integrates real-time traffic information like accidents from Google Maps to support dynamic decision-making. By incorporating live traffic data, we can better predict congestion patterns and optimize charging locations to minimize delays and improve overall travel efficiency. The proposed approach enhances system performance by optimizing charging schedules, reducing wait times, and improving route planning. By integrating real-world traffic data, our model provides a practical and scalable solution for EV users and urban planners, contributing to more efficient and intelligent EV charging infrastructure."
https://openalex.org/W4387934846,A Novel Routing Solution for EV Fleets: A Real-World Case Study Leveraging Double DQNs and Graph-Structured Data to Solve the EVRPTW Problem,2023,https://doi.org/10.1109/access.2023.3327324,IEEE Access,"The transition from Internal Combustion Engine vehicles to Electric Vehicles presents challenges for fleet managers in terms of adapting operational processes and systems. One prominent challenge is the Electric Vehicle Routing Problem, which requires careful consideration of battery monitoring, efficient route planning, charging infrastructure availability, and vehicle performance management. The goal is to alleviate range anxiety and ensure effective fleet management. In this context, we propose a Reinforcement Learning approach in conjunction with graph-based modeling to solve Electric Vehicle Routing Problem with Time Window. This paper provides a novel approach addressing the need for efficient and sustainable electric vehicle fleet management. Our aim is to minimize the distance traveled while serving customers within their time windows using the combination of Structure2vect and Double Deep Q-Network. Real-world data from a public utility fleet company in Tunisia is utilized to evaluate the proposed model, and comparisons are made with conventional benchmarking strategies and other Reinforcement Learning approaches. The results highlight the effectiveness of the proposed model achieving a reduction up to 50% in traveled distance while demonstrating enhanced computational efficiency through reduced complexity and optimized runtime. Moreover, the obtained model can be directly applied to treat the large-scale adoption of electric vehicles in fleets."
https://openalex.org/W4406266489,Route Planning for Electric Vehicles with Charging Constraints,2024,https://doi.org/10.1109/vtc2024-fall63153.2024.10757558,,"Recent studies demonstrate the efficacy of machine learning algorithms for learning strategies to solve combinatorial optimization problems. This study presents a novel solution to address the Electric Vehicle Routing Problem with Time Windows (EVRPTW), leveraging deep reinforcement learning (DRL) techniques. Existing DRL approaches frequently encounter challenges when addressing the EVRPTW problem: RNN-based decoders struggle with capturing long-term dependencies, while DDQN models exhibit limited generalization across various problem sizes. To overcome these limitations, we introduce a transformer-based model with a heterogeneous attention mechanism. Transformers excel at capturing long-term dependencies and demonstrate superior generalization across diverse problem instances. We validate the efficacy of our proposed approach through comparative analysis against two state-of-the-art solutions for EVRPTW. The results demonstrated the efficacy of the proposed model in minimizing the distance traveled and robust generalization across varying problem sizes."
https://openalex.org/W4410000820,Application of Machine Learning Algorithms in Autonomous Vehicle Navigation Systems,2025,https://doi.org/10.55041/ijsrem46514,INTERANTIONAL JOURNAL OF SCIENTIFIC RESEARCH IN ENGINEERING AND MANAGEMENT,"Abstract The development of autonomous vehicles (AVs) has greatly benefited from the use of machine learning (ML) algorithms, which help improve the vehicle's ability to navigate and make decisions. This paper looks at how different ML algorithms are used in AVs to process sensor data, make smart driving choices, and safely navigate complex road environments. The focus is on using techniques like supervised learning, unsupervised learning, reinforcement learning, and deep learning for tasks such as planning the vehicle's path, detecting obstacles, combining sensor data, and making real-time decisions. The paper also addresses the challenges of training these models in the real world, where conditions can be unpredictable and data quality may vary. Furthermore, it discusses how these ML algorithms are improving vehicle safety, autonomy, and performance. The research also explores future trends like edge computing and multi-agent systems, which could make ML in autonomous vehicles even more effective. Overall, the paper shows how ML has the potential to make transportation safer, more efficient, and adaptable to different driving situations. Keywords : Autonomous, Automobiles, Machine learning, Algorithm, Navigation"
https://openalex.org/W7117977654,A Hybrid Approach to Dynamic Vehicle Routing: Integrating Capsule Networks and Reinforcement Learning for Traffic Prediction and Optimization,2026,https://doi.org/10.1007/978-981-96-6329-3_14,Lecture notes in networks and systems,
https://openalex.org/W4403590792,Energy efficient robot operations by adaptive control schemes,2024,https://doi.org/10.1093/ooenergy/oiae012,Oxford Open Energy,"Abstract Energy efficiency is key to achieving the Sustainable Development Goals globally. Energy consumption in the transport sector is constantly increasing, and governments are implementing policies to reduce car use by shifting the focus from roads to walking. With the rise of pedestrianization policies, autonomous mobile robots (AMRs) are becoming increasingly useful. Autonomous robotic services are being used in various fields such as traffic management, logistics, and personal mobility assistance. However, AMRs research has focused on technology development, route planning, and cost reduction, with relatively little research on how to make robots more energy efficient. As these autonomous robotic services become more popular, there is a need to discuss how to efficiently use energy. This study analyses the characteristics of the hardware required for AMRs to operate. In particular, the density of obstacles in the surrounding environment is defined as saturation for the use of Lidar, and the effectiveness of the proximal policy optimization reinforcement learning algorithm is analysed to propose an energy efficiency plan for the saturation density. In the future, a large number of robots are expected to be used, and efficient energy use of such hardware will contribute to building sustainable cities."
https://openalex.org/W7166590786,Enhancing non-motorized travel using reinforcement learning: a novel dynamic route planning approach,2026,https://doi.org/10.1080/10095020.2026.2684864,Geo-spatial Information Science,"Non-motorized travelers, such as pedestrians and cyclists, are highly sensitive to infrastructures like stairs, tunnels, and overpasses that impede movement. Dynamically avoiding such barriers to find optimal paths remains a key challenge in route planning, as existing models often inadequately capture the interplay of road types, traveler behavior, and environmental dynamics. To address this, we propose UED-Q, a novel path planning method based on Q-learning, enhanced by Upper Confidence Bound (UCB)-guided exploitation and a dynamic learning rate tuning mechanism. UED-Q introduces a reward-shaping function that integrates road characteristics, user behavior, and real-time environmental changes. Evaluated on Wuhan’s real-world road network, UED-Q outperforms several advanced methods, including Q-learning with the Artificial Potential Field (QAPF), Combining Manhattan Distance and Q-Learning (CMDQL), Deep Q-Network (DQN), Dueling DQN, and A* in both static and dynamic scenarios. It reduces the average path length by 7.12% (vs. DQN), 4.26% (vs. A*), and 9.47% (vs. Dueling DQN), and cuts the estimated travel time by up to 8.36%. Notably, the convergence speed improves by 92.58% over DQN and 96.71% over Dueling DQN. This work delivers an efficient, empirically validated framework for intelligent non-motorized navigation, supporting sustainable urban mobility."
https://openalex.org/W7140880218,Experimental Dataset for Intelligent PID Tuning in Autonomous Vehicle Navigation,2026,https://doi.org/10.5281/zenodo.19228319,Zenodo (CERN European Organization for Nuclear Research),"This dataset contains experimental navigation data collected from a small-scale autonomous vehicle platform used to evaluate intelligent PID tuning methods. The dataset includes heading measurements, GPS coordinates, and reference trajectories obtained during waypoint-based navigation experiments. A total of 196 valid heading samples are provided, along with repeated experimental runs used for controller performance evaluation. The dataset supports comparative analysis of multiple PID tuning strategies, including ITAE optimization, adaptive control, fuzzy logic, and reinforcement learning. Performance metrics such as tracking error, response time, and ITAE are derived from repeated navigation trials. This dataset is associated with the study:“Comprehensive Intelligent PID Tuning Framework for Autonomous Vehicle Navigation ”. The data can be used for:- Reproducing experimental results- Benchmarking control algorithms- Autonomous navigation research"
https://openalex.org/W7166076534,COREAN: Context-conditioned meta-reinforcement learning for expectation-aligned route guidance in time-critical urban mobility,2026,https://doi.org/10.1016/j.trc.2026.105836,Transportation Research Part C Emerging Technologies,
https://openalex.org/W7140558511,Experimental Dataset for Intelligent PID Tuning in Autonomous Vehicle Navigation,2026,https://doi.org/10.5281/zenodo.19228318,Zenodo (CERN European Organization for Nuclear Research),"This dataset contains experimental navigation data collected from a small-scale autonomous vehicle platform used to evaluate intelligent PID tuning methods. The dataset includes heading measurements, GPS coordinates, and reference trajectories obtained during waypoint-based navigation experiments. A total of 196 valid heading samples are provided, along with repeated experimental runs used for controller performance evaluation. The dataset supports comparative analysis of multiple PID tuning strategies, including ITAE optimization, adaptive control, fuzzy logic, and reinforcement learning. Performance metrics such as tracking error, response time, and ITAE are derived from repeated navigation trials. This dataset is associated with the study:“Comprehensive Intelligent PID Tuning Framework for Autonomous Vehicle Navigation ”. The data can be used for:- Reproducing experimental results- Benchmarking control algorithms- Autonomous navigation research"
https://openalex.org/W4386876397,OptiRoute: A Heuristic-assisted Deep Reinforcement Learning Framework for UAV-UGV Collaborative Route Planning,2023,https://doi.org/10.48550/arxiv.2309.09942,arXiv (Cornell University),"Unmanned aerial vehicles (UAVs) are capable of surveying expansive areas, but their operational range is constrained by limited battery capacity. The deployment of mobile recharging stations using unmanned ground vehicles (UGVs) significantly extends the endurance and effectiveness of UAVs. However, optimizing the routes of both UAVs and UGVs, known as the UAV-UGV cooperative routing problem, poses substantial challenges, particularly with respect to the selection of recharging locations. Here in this paper, we leverage reinforcement learning (RL) for the purpose of identifying optimal recharging locations while employing constraint programming to determine cooperative routes for the UAV and UGV. Our proposed framework is then benchmarked against a baseline solution that employs Genetic Algorithms (GA) to select rendezvous points. Our findings reveal that RL surpasses GA in terms of reducing overall mission time, minimizing UAV-UGV idle time, and mitigating energy consumption for both the UAV and UGV. These results underscore the efficacy of incorporating heuristics to assist RL, a method we refer to as heuristics-assisted RL, in generating high-quality solutions for intricate routing problems."
https://openalex.org/W7131635400,Intelligent Route Planning and Collision Avoidance Decision Optimization Based on Transformer and Deep Reinforcement Learning,2025,https://doi.org/10.1109/cei66465.2025.11398515,,"To address the insufficient robustness of long- and short-range perception and collision avoidance decision-making in multi-vessel environments, this paper employs the Transformer-SAC(Soft Actor-Critic) algorithm. This method utilizes a Transformer with a combination of relative position and time encoding to perform a multi-scale spatiotemporal representation of historical trajectories, generating multimodal short-term position predictions and uncertainty covariances. These predictions are then used as state inputs to the SAC continuous control strategy, which outputs heading angular rate and velocity corrections. Training is stabilized through a dual-Q network, temperature adaptation, and experience replay, while a control barrier function is used for minimal intervention safety corrections. Experimental validation using high-fidelity simulation and AIS replay demonstrates that collision rates are only 2.5% and 2.9% under a moderate traffic density (30 vessels/$\mathbf{k m}^{\mathbf{2}}$) and a 3-second observation delay, with a single-step inference latency of 9.5 ms, improving the robustness of environmental perception and collision avoidance."
https://openalex.org/W4408904410,Deep Learning Model-based Reinforcement Learning for Joint Distribution and Route Planning in the Supply Chain,2024,https://doi.org/10.46254/gc02.20240072,,"With the increasing real-time demand in the internet era, especially dynamic requests for last-mile delivery, route planning is becoming more computationally expensive than ever before. Many supply chains (SCs) choose the joint distribution of multiple depots to reduce transportation costs and delivery times. However, providing real-time and high-quality solutions for such complex routing problems remains challenging. Current solution methods like mathematical programming and heuristics suffer from scalability issues and long computation times. In contrast, artificial intelligence, especially Deep Reinforcement Learning (DRL), provides a general-purpose framework for sequential decision-making that has produced good results for many challenging real-life problems. However, applying DRL to route multiple vehicles is nontrivial, as the joint distribution requires an effective method that facilitates collaboration and communication among all agents while they carry out the delivery mission. In this research, a collaborative Multi-Agent Deep Reinforcement Learning (MADRL) approach is proposed for routing multiple vehicles in the SC. The proposed MADRL model leverages the power of two frameworks, deep learning and reinforcement learning, to generate routing policies for all agents in real time. Experimental results show the ability of the proposed learning model to obtain fast and quality solutions for complex delivery problems. Furthermore, the generalization ability of MADRL is also validated by testing the well-trained model on different scale problems."
https://openalex.org/W4386514971,A unified model for the fairness mechanism‐based coordinated vehicle route guidance,2023,https://doi.org/10.1049/itr2.12414,IET Intelligent Transport Systems,"Abstract Coordinated vehicle route guidance is recognized as an effective way to alleviate the Braess' paradox that new congestion is generated since numerous vehicles obey the same guidance from Google Maps. In conventional route games, decision‐makers are assumed to be completely rational (maximized utility is taken as an optimization objective). However, behavioral research finds that not only the expected profit is pursued, but also the fairness psychology is concerned by decision‐makers in game theory. In existing studies, the fairness concern of players is widely accepted in supply chains. Inspired by the fairness psychology of supply chain members, the vehicle fairness coefficient is originally proposed in this paper. Moreover, a unified fairness mechanism of the routing game is built to perfect the existing theoretical framework of route games. Specifically, the formulated vehicle fairness coefficient is incorporated into the payoff functions of a perfectly rational‐based routing game, which makes the single‐objective problem to be multiple. Compared with the current completely rational‐based route games, this improvement allows vehicles to focus not only on travel time but also on route schemes' fairness. The consideration of vehicle fairness concern leads the original symmetric payoff matrix of the route game to be asymmetric. Since the existing solving theorems are not necessarily valid for the asymmetrical multi‐player game, a matched reinforcement learning algorithm is adopted to solve this new game. An experimental study shows that the averaged fairness coefficient is increased from 0.798 to 1.00 on the basis of the equal travel time due to the working of the designed fairness mechanism."
https://openalex.org/W4287595883,"PassGoodPool: Joint Passengers and Goods Fleet Management with Reinforcement Learning aided Pricing, Matching, and Route Planning",2020,https://doi.org/10.48550/arxiv.2011.08999,arXiv (Cornell University),"The ubiquitous growth of mobility-on-demand services for passenger and goods delivery has brought various challenges and opportunities within the realm of transportation systems. As a result, intelligent transportation systems are being developed to maximize operational profitability, user convenience, and environmental sustainability. The growth of last mile deliveries alongside ridesharing calls for an efficient and cohesive system that transports both passengers and goods. Existing methods address this using static routing methods considering neither the demands of requests nor the transfer of goods between vehicles during route planning. In this paper, we present a dynamic and demand aware fleet management framework for combined goods and passenger transportation that is capable of (1) Involving both passengers and drivers in the decision-making process by allowing drivers to negotiate to a mutually suitable price, and passengers to accept/reject, (2) Matching of goods to vehicles, and the multi-hop transfer of goods, (3) Dynamically generating optimal routes for each vehicle considering demand along their paths, based on the insertion cost which then determines the matching, (4) Dispatching idle vehicles to areas of anticipated high passenger and goods demand using Deep Reinforcement Learning (RL), (5) Allowing for distributed inference at each vehicle while collectively optimizing fleet objectives. Our proposed model is deployable independently within each vehicle as this minimizes computational costs associated with the growth of distributed systems and democratizes decision-making to each individual. Simulations on a variety of vehicle types, goods, and passenger utility functions show the effectiveness of our approach as compared to other methods that do not consider combined load transportation or dynamic multi-hop route planning."
https://openalex.org/W4412663456,Development and evaluation of machine learning algorithms for unmanned aerial vehicle navigation,2025,https://doi.org/10.53894/ijirss.v8i5.8818,International Journal of Innovative Research and Scientific Studies,"This research focuses on the development and evaluation of machine learning algorithms to enhance the navigation capabilities of unmanned aerial vehicles (UAVs). The main challenge addressed is ensuring reliable localization and autonomous trajectory planning in dynamic and GPS-denied environments. The study demonstrated that convolutional neural networks (CNNs) reduced localization errors by 18%, long short-term memory (LSTM) networks achieved 82% trajectory prediction accuracy with a 30% increase in stability, and Transformer models attained 89% test accuracy and 85% validation accuracy. Reinforcement learning (RL) methods further improved obstacle avoidance efficiency to 85% and achieved energy savings of 20%, although computational overhead increased by 30%. These outcomes are attributed to the integration of multimodal sensor data (LiDAR, IMU, GPS) and the application of deep learning architectures, validated through simulations in MATLAB/Simulink and Gazebo, as well as real-world testing using Raspberry Pi 4 and NVIDIA Jetson Nano platforms. A distinguishing feature of this research is the combined use of actual hardware prototypes and numerical models to verify the algorithms’ performance under real operating conditions. The results have practical relevance for military, environmental monitoring, and logistics UAV systems, especially in complex environments with variable lighting and dynamic obstacles."
https://openalex.org/W4411625340,Quantum Artificial Intelligence for Secure Autonomous Vehicle Navigation: An Architectural Proposal,2025,https://doi.org/10.36227/techrxiv.175085826.66790135/v1,,"Navigation is a very crucial aspect of autonomous vehicle ecosystem which heavily relies on collecting and processing large amounts of data in various states and taking a confident and safe decision to define the next vehicle maneuver. In this paper, we propose a novel architecture based on Quantum Artificial Intelligence by enabling quantum and AI at various levels of navigation decision making and communication process in Autonomous vehicles : Quantum Neural Networks for multimodal sensor fusion, Nav-Q for Quantum reinforcement learning for navigation policy optimization and finally post-quantum cryptographic protocols for secure communication. Quantum neural networks uses quantum amplitude encoding to fuse data from various sensors like LiDAR, radar, camera, GPS and weather etc., This approach gives a unified quantum state representation between heterogeneous sensor modalities. Nav-Q module processes the fused quantum states through variational quantum circuits to learn optimal navigation policies under swift dynamic and complex conditions. Finally, post quantum cryptographic protocols are used to secure communication channels for both within vehicle communication and V2X (Vehicle to Everything) communications and thus secures the autonomous vehicle communication from both classical and quantum security threats. Thus, the proposed framework addresses fundamental challenges in autonomous vehicles navigation by providing quantum performance and future proof security."
https://openalex.org/W4417537224,Quantum Artificial Intelligence for Secure Autonomous Vehicle Navigation: An Architectural Proposal,2025,https://doi.org/10.48550/arxiv.2506.16000,arXiv (Cornell University),"Navigation is a very crucial aspect of autonomous vehicle ecosystem which heavily relies on collecting and processing large amounts of data in various states and taking a confident and safe decision to define the next vehicle maneuver. In this paper, we propose a novel architecture based on Quantum Artificial Intelligence by enabling quantum and AI at various levels of navigation decision making and communication process in Autonomous vehicles : Quantum Neural Networks for multimodal sensor fusion, Nav-Q for Quantum reinforcement learning for navigation policy optimization and finally post-quantum cryptographic protocols for secure communication. Quantum neural networks uses quantum amplitude encoding to fuse data from various sensors like LiDAR, radar, camera, GPS and weather etc., This approach gives a unified quantum state representation between heterogeneous sensor modalities. Nav-Q module processes the fused quantum states through variational quantum circuits to learn optimal navigation policies under swift dynamic and complex conditions. Finally, post quantum cryptographic protocols are used to secure communication channels for both within vehicle communication and V2X (Vehicle to Everything) communications and thus secures the autonomous vehicle communication from both classical and quantum security threats. Thus, the proposed framework addresses fundamental challenges in autonomous vehicles navigation by providing quantum performance and future proof security. Index Terms Quantum Computing, Autonomous Vehicles, Sensor Fusion"
https://openalex.org/W4402619230,Personalized and Context-aware Route Planning for Edge-assisted Vehicles,2024,https://doi.org/10.48550/arxiv.2407.17980,arXiv (Cornell University),"Conventional route planning services typically offer the same routes to all drivers, focusing primarily on a few standardized factors such as travel distance or time, overlooking individual driver preferences. With the inception of autonomous vehicles expected in the coming years, where vehicles will rely on routes decided by such planners, there arises a need to incorporate the specific preferences of each driver, ensuring personalized navigation experiences. In this work, we propose a novel approach based on graph neural networks (GNNs) and deep reinforcement learning (DRL), aimed at customizing routes to suit individual preferences. By analyzing the historical trajectories of individual drivers, we classify their driving behavior and associate it with relevant road attributes as indicators of driver preferences. The GNN is capable of representing the road network as graph-structured data effectively, while DRL is capable of making decisions utilizing reward mechanisms to optimize route selection with factors such as travel costs, congestion level, and driver satisfaction. We evaluate our proposed GNN-based DRL framework using a real-world road network and demonstrate its ability to accommodate driver preferences, offering a range of route options tailored to individual drivers. The results indicate that our framework can select routes that accommodate driver's preferences with up to a 17% improvement compared to a generic route planner, and reduce the travel time by 33% (afternoon) and 46% (evening) relatively to the shortest distance-based approach."
https://openalex.org/W7111934669,Multi-agent Route Planning using Deep Reinforcement Learning Techniques and Transformer Networks for Graph Analysis,2025,,Archivo Digital UPM (Universidad Politécnica de Madrid),"Autonomous navigation has become an important challenge in our days, with applications such as package delivery, transportation, search-and-rescue, etc. In these scenarios, autonomous vehicles are tasked with visiting designated locations to perform specific actions. Historically, these vehicles have relied on human operators to navigate complex environments and complete mission objectives. However, having the necessary skills to control them in complex environments is complicated, especially in multi-agent systems where collaboration and simultaneous operations are essential. This complexity highlights the need for advanced navigation systems that can efficiently coordinate and ensure cooperation among fleets of vehicles. To address these challenges, researchers have traditionally modeled the problem as different vehicle routing problems, focusing on determining the most efficient routes for one or more vehicles. This work introduces FCM-Transformer, a novel system designed to coordinate multiple agents cooperatively. FCM-Transformer employs a two-step approach: first, it groups and assigns regions to individual agents in an initial planning phase, and second, it predicts efficient routes for each agent in the route solving phase. At the heart of this model is a Transformer-based neural network, trained with deep reinforcement learning, that analyzes the environment and predicts high-quality routes. FCM-Transformer introduces a novel region-sharing strategy that encourages cooperation among agents and helps overcome the suboptimality of the initial clustering. After this, NaviFormer neural network is presented as an evolution of FCM-Transformer. Contrary to FCM-Transformer, NaviFormer considers trajectory generation and obstacle avoidance to solve the common subproblems of route planning (waypoint sequencing) and path planning (trajectory prediction) as a unique and holistic navigation planning problem. This integrated approach enables NaviFormer to predict not only the best sequence of regions to visit, but also the precise, collision-free trajectories that connect them. By eliminating the need for separate solvers, NaviFormer offers a more direct and efficient solution to the navigation problem. The final model introduced in this work is TOP-Former, which offers a straight solution to the well-known Team Orienteering Problem for multiple agents. Unlike FCM-Transformer, which divides the environment into clusters, TOP-Former considers the state of all agents simultaneously, ensuring robust coordination and collaboration. By analyzing the global context of all agents, TOP-Former can predict high-quality routes that enable agents to collaborate effectively and achieve near-optimal performance. This direct approach ensures that the model can handle complex multi-agent scenarios more efficiently than previous methods. A series of experiments were conducted to evaluate the performance of the proposed models, including variations in scenario conditions, ablation studies, and comparative analyzes with other state-of-the-art algorithms. The findings demonstrate the competitive performance of the models presented, showcasing their ability to achieve an excellent balance between solution quality and computational efficiency. The results reflect the robustness of the models under various conditions, highlighting their suitability for practical applications. However, certain open issues, common across the state of the art, remain unresolved, such as scalability problems. This is related to an increase of the complexity of the problem due to greater number of nodes, obstacles, or agents, which is often manifested as a degradation in the quality and the computational cost of the solutions. Although some efforts have been made to address these limitations, the scalability problem still remains a critical barrier to achieve near-optimal performance in large-scale complex problems. RESUMEN La navegación autónoma es un desafío moderno importante, con aplicaciones como entrega de paquetes, transporte, búsqueda y rescate, etc. En estos escenarios, los vehículos autónomos deben visitar regiones en las que realizar ciertas acciones. Históricamente, estos vehículos han dependido de operadores humanos para navegar y cumplir con las misiones. Sin embargo, tener las habilidades necesarias para controlarlos en entornos complejos es complicado, especialmente en sistemas multiagente donde la colaboración simultánea es esencial. Esta complejidad resalta la necesidad de sistemas de navegación capaces de garantizar la cooperación entre vehículos. Para abordar este reto, los investigadores han modelado tradicionalmente el desafío como diversos problemas de enrutamiento de vehículos, centrados en determinar las rutas más eficientes para uno o más vehículos. Este trabajo presenta FCM-Transformer, un sistema novedoso para coordinar múltiples agentes. FCM-Transformer funciona en dos etapas: primero, agrupa regiones y las asigna los a agentes en la fase de planificación inicial y, después, genera rutas eficientes para cada agente en la fase de predicción de rutas. El núcleo de este modelo se basada en una red Transformer, entrenada con aprendizaje por refuerzo profundo, que analiza el entorno y predice rutas de alta calidad. FCM-Transformer introduce una novedosa estrategia de compartición de regiones que fomenta la cooperación entre agentes y ayuda a subsanar los rasgos subóptimos de la planificación inicial. A continuación, se presenta la red NaviFormer como una evolución de FCM-Transformer. A diferencia de FCM-Transformer, NaviFormer genera trayectorias y evita posibles obstáculos para resolver los problemas de planificación de rutas (secuenciación de regiones) y planificación de caminos (predicción de trayectorias) como un problema de navegación único y holístico. Este enfoque permite a NaviFormer predecir no solo la mejor secuencia de regiones a visitar, sino también las trayectorias libres de colisiones que las conectan. Al eliminar la necesidad de emplear soluciones separadas, NaviFormer ofrece un enfoque más directo y eficiente al problema de navegación. El modelo final presentado es TOP-Former, que ofrece una solución directa al conocido Team Orienteering Problem (Problema de Orientación en Equipo) para múltiples agentes. A diferencia de FCM-Transformer, que divide el entorno en clústeres, TOP-Former considera el estado de todos los agentes simultáneamente, asegurando una coordinación robusta. Al analizar el contexto global de todos los agentes, TOP-Former predice rutas de alta calidad que permiten a los agentes colaborar y lograr un rendimiento cercano al óptimo. Este enfoque directo asegura que el modelo pueda manejar escenarios complejos multiagente de manera más eficiente que los métodos anteriores. Se realizaron una serie de experimentos para evaluar el rendimiento de los modelos propuestos, incluyendo variaciones en las condiciones de entorno, estudios de ablación y análisis comparativos con otros algoritmos del estado del arte. Los hallazgos demuestran un rendimiento competitivo de los modelos presentados, destacando su capacidad para lograr un excelente equilibrio entre calidad de solución y eficiencia computacional. Los resultados reflejan la robustez de los modelos en diversas condiciones, lo que resalta su idoneidad para aplicaciones prácticas. Sin embargo, ciertos problemas, comunes en el estado del arte, permanecen sin resolver, como la escalabilidad. Esta está relacionada con el aumento de la complejidad de los escenarios (ya sea por el incremento del número de nodos, obstáculos o agentes) y suele manifestarse como una degradación en la calidad de las soluciones y el tiempo de computación. Aunque se han realizado esfuerzos para abordar estas limitaciones, el problema de escalabilidad sigue siendo una barrera para lograr un rendimiento casi óptimo en problemas complejos y de gran escala."
https://openalex.org/W4415985045,Multi-agent Route Planning using Deep Reinforcement Learning Techniques and Transformer Networks for Graph Analysis,2025,https://doi.org/10.20868/upm.thesis.91225,,"Autonomous navigation has become an important challenge in our days, with applications such as package delivery, transportation, search-and-rescue, etc. In these scenarios, autonomous vehicles are tasked with visiting designated locations to perform specific actions. Historically, these vehicles have relied on human operators to navigate complex environments and complete mission objectives. However, having the necessary skills to control them in complex environments is complicated, especially in multi-agent systems where collaboration and simultaneous operations are essential. This complexity highlights the need for advanced navigation systems that can efficiently coordinate and ensure cooperation among fleets of vehicles. To address these challenges, researchers have traditionally modeled the problem as different vehicle routing problems, focusing on determining the most efficient routes for one or more vehicles. This work introduces FCM-Transformer, a novel system designed to coordinate multiple agents cooperatively. FCM-Transformer employs a two-step approach: first, it groups and assigns regions to individual agents in an initial planning phase, and second, it predicts efficient routes for each agent in the route solving phase. At the heart of this model is a Transformer-based neural network, trained with deep reinforcement learning, that analyzes the environment and predicts high-quality routes. FCM-Transformer introduces a novel region-sharing strategy that encourages cooperation among agents and helps overcome the suboptimality of the initial clustering. After this, NaviFormer neural network is presented as an evolution of FCM-Transformer. Contrary to FCM-Transformer, NaviFormer considers trajectory generation and obstacle avoidance to solve the common subproblems of route planning (waypoint sequencing) and path planning (trajectory prediction) as a unique and holistic navigation planning problem. This integrated approach enables NaviFormer to predict not only the best sequence of regions to visit, but also the precise, collision-free trajectories that connect them. By eliminating the need for separate solvers, NaviFormer offers a more direct and efficient solution to the navigation problem. The final model introduced in this work is TOP-Former, which offers a straight solution to the well-known Team Orienteering Problem for multiple agents. Unlike FCM-Transformer, which divides the environment into clusters, TOP-Former considers the state of all agents simultaneously, ensuring robust coordination and collaboration. By analyzing the global context of all agents, TOP-Former can predict high-quality routes that enable agents to collaborate effectively and achieve near-optimal performance. This direct approach ensures that the model can handle complex multi-agent scenarios more efficiently than previous methods. A series of experiments were conducted to evaluate the performance of the proposed models, including variations in scenario conditions, ablation studies, and comparative analyzes with other state-of-the-art algorithms. The findings demonstrate the competitive performance of the models presented, showcasing their ability to achieve an excellent balance between solution quality and computational efficiency. The results reflect the robustness of the models under various conditions, highlighting their suitability for practical applications. However, certain open issues, common across the state of the art, remain unresolved, such as scalability problems. This is related to an increase of the complexity of the problem due to greater number of nodes, obstacles, or agents, which is often manifested as a degradation in the quality and the computational cost of the solutions. Although some efforts have been made to address these limitations, the scalability problem still remains a critical barrier to achieve near-optimal performance in large-scale complex problems. RESUMEN La navegación autónoma es un desafío moderno importante, con aplicaciones como entrega de paquetes, transporte, búsqueda y rescate, etc. En estos escenarios, los vehículos autónomos deben visitar regiones en las que realizar ciertas acciones. Históricamente, estos vehículos han dependido de operadores humanos para navegar y cumplir con las misiones. Sin embargo, tener las habilidades necesarias para controlarlos en entornos complejos es complicado, especialmente en sistemas multiagente donde la colaboración simultánea es esencial. Esta complejidad resalta la necesidad de sistemas de navegación capaces de garantizar la cooperación entre vehículos. Para abordar este reto, los investigadores han modelado tradicionalmente el desafío como diversos problemas de enrutamiento de vehículos, centrados en determinar las rutas más eficientes para uno o más vehículos. Este trabajo presenta FCM-Transformer, un sistema novedoso para coordinar múltiples agentes. FCM-Transformer funciona en dos etapas: primero, agrupa regiones y las asigna los a agentes en la fase de planificación inicial y, después, genera rutas eficientes para cada agente en la fase de predicción de rutas. El núcleo de este modelo se basada en una red Transformer, entrenada con aprendizaje por refuerzo profundo, que analiza el entorno y predice rutas de alta calidad. FCM-Transformer introduce una novedosa estrategia de compartición de regiones que fomenta la cooperación entre agentes y ayuda a subsanar los rasgos subóptimos de la planificación inicial. A continuación, se presenta la red NaviFormer como una evolución de FCM-Transformer. A diferencia de FCM-Transformer, NaviFormer genera trayectorias y evita posibles obstáculos para resolver los problemas de planificación de rutas (secuenciación de regiones) y planificación de caminos (predicción de trayectorias) como un problema de navegación único y holístico. Este enfoque permite a NaviFormer predecir no solo la mejor secuencia de regiones a visitar, sino también las trayectorias libres de colisiones que las conectan. Al eliminar la necesidad de emplear soluciones separadas, NaviFormer ofrece un enfoque más directo y eficiente al problema de navegación. El modelo final presentado es TOP-Former, que ofrece una solución directa al conocido Team Orienteering Problem (Problema de Orientación en Equipo) para múltiples agentes. A diferencia de FCM-Transformer, que divide el entorno en clústeres, TOP-Former considera el estado de todos los agentes simultáneamente, asegurando una coordinación robusta. Al analizar el contexto global de todos los agentes, TOP-Former predice rutas de alta calidad que permiten a los agentes colaborar y lograr un rendimiento cercano al óptimo. Este enfoque directo asegura que el modelo pueda manejar escenarios complejos multiagente de manera más eficiente que los métodos anteriores. Se realizaron una serie de experimentos para evaluar el rendimiento de los modelos propuestos, incluyendo variaciones en las condiciones de entorno, estudios de ablación y análisis comparativos con otros algoritmos del estado del arte. Los hallazgos demuestran un rendimiento competitivo de los modelos presentados, destacando su capacidad para lograr un excelente equilibrio entre calidad de solución y eficiencia computacional. Los resultados reflejan la robustez de los modelos en diversas condiciones, lo que resalta su idoneidad para aplicaciones prácticas. Sin embargo, ciertos problemas, comunes en el estado del arte, permanecen sin resolver, como la escalabilidad. Esta está relacionada con el aumento de la complejidad de los escenarios (ya sea por el incremento del número de nodos, obstáculos o agentes) y suele manifestarse como una degradación en la calidad de las soluciones y el tiempo de computación. Aunque se han realizado esfuerzos para abordar estas limitaciones, el problema de escalabilidad sigue siendo una barrera para lograr un rendimiento casi óptimo en problemas complejos y de gran escala."
https://openalex.org/W4408358394,Enhancing Autonomous Vehicle Navigation Using Deep Learning-Based Scene Understanding,2024,https://doi.org/10.1109/icses63760.2024.10910335,,"To navigate complex environments, AV navigation relies on the accuracy of scene understanding. In this work, a new approach based on deep learning is brought into relation with the object recognition, scene segmentation, motion prediction, and reinforcement learning for enhancing AV navigation. The methodology starts by utilizing the scene segmentation accomplished by breaking down the drivable areas along with obstacles using the U-Net architecture. Real-time object recognition using YOLO is incorporated at the end. With an LSTM network, the AV can predict potential future behaviors of moving objects. RRT*is best for collision avoidance while navigating to build up a route. Conclusion: A Deep Q-Learning reinforcement learning system improves real-time navigation and provides a framework for optimization for dynamic decision-making and vehicle control situations. Simulation and experimental results also demonstrate that the technology increases the navigation efficiency and reduces the frequency of collisions, which improves the process of obstacle avoidance. Thereby, 92.5 % precision for U-Net can be proven."
https://openalex.org/W7104507905,Q-learning-based unmanned ground vehicle navigation in warehouse-like environments,2025,https://doi.org/10.47328/ufvbbt.2025.488,,"This dissertation investigates robot navigation in logistics environments, focusing on libraries and warehouses, using the Q-learning method. To this end, three studies are presented, each applying reinforcement learning to optimize task performance and navigation efficiency. The first study employs Q-learning to enhance book organization in the library of the Federal University of ViÃ§osa, reducing planning time and movements by 20% compared to a greedy method while achieving a 100% success rate in task completion. Meanwhile, the second study proposes an offline Q- learning approach for unmanned ground vehicles in warehouses, outperforming traditional algorithms such as Dijkstra, A-star, and Breadth-First Search, with planning speeds up to seven times faster and a reduction in turns of up to 41%. Finally, the third study extends Q-learning to multi-agent navigation in libraries, integrating transfer learning and curriculum learning. As a result, simulations indicated a 94% success rate with nine agents, along with a 73.36% reduction in task steps compared to scenarios with only one agent. Thus, this dissertation highlights the significant potential of reinforcement learning, particularly Q-learning, to enhance robotic navigation efficiency, reduce operational complexity, and optimize logistics processes in dynamic and complex environments. Keywords: path Planning; reinforcement Learning; unmanned Ground Vehicles"
https://openalex.org/W4383877406,Real-Time Traffic Prediction with Deep Reinforcement Learning and Meteorology Data,2023,https://doi.org/10.21203/rs.3.rs-3155165/v1,Research Square,"Abstract Real-time traffic prediction plays a crucial role in optimizing transportation efficiency and mitigating congestion in urban road networks. In this paper, we propose a novel approach that combines deep reinforcement learning (DRL) and meteorology data for real-time traffic prediction. By integrating DRL algorithms, our approach captures the dynamic decision-making processes involved in traffic prediction, while the inclusion of meteorology data allows for a comprehensive understanding of the impact of weather conditions on traffic patterns. We conduct extensive experiments on a real-world traffic dataset and compare our method with state-of-the-art approaches. The results demonstrate the superiority of our proposed method in terms of prediction accuracy, outperforming traditional statistical models, machine learning-based approaches, and deep learning techniques. Our approach provides valuable insights for traffic management, route planning, and resource allocation in urban road networks."
https://openalex.org/W7133243375,Improving the Accuracy and Reliability of Autonomous Vehicle Navigation Through Deep Learning Innovations,2025,https://doi.org/10.1109/medcom67532.2025.11404882,,"In the evolving landscape of autonomous vehicles, this project investigates advanced deep learning technologies that enable high-level navigation capabilities. Our goal is to address the inherent complexity and challenges of autonomous navigation by integrating state-of-the-art algorithms and innovative approaches, including end-to-end learning systems, reinforcement learning, and multi-sensor fusion. This study is significant as it demonstrates how modern deep learning methodologies can substantially enhance decision-making, adaptability, and overall system performance in diverse and dynamic environments. Despite rapid advancements in autonomous vehicle technology, navigating dense and unpredictable surroundings remains a major challenge. This project explores cutting-edge deep learning techniques to significantly improve autonomous navigation. By examining recent methods such as end-to-end learning, reinforcement learning, simulation-to-real transfer learning, multi-sensor fusion, and neural architecture search, we aim to advance the perception, interpretation, and environmental interaction capabilities of autonomous systems. Our findings propose a unified deep learning framework that strengthens decision-making, increases adaptability to varying conditions, and improves the overall safety and efficiency of autonomous transportation. The results highlight the critical role of deep learning in overcoming current limitations and provide valuable insights into the future of autonomous vehicle navigation and its potential to transform urban mobility."
https://openalex.org/W2989747945,Reinforcement learning in path planning and obstacle avoidance for autonomous vehicles,2019,,DR-NTU (Nanyang Technological University),"Path planning and trajectory planning is an important aspect of navigation in the field of robotics and automation. It involves studying the environment space, evaluating the obstacle positions or the potential areas of danger, computing the cost and then eventually planning a route from one point to another point. During the planning of routes, the cost is aimed to be kept minimal in terms of saving time, avoiding obstacles and fewer casualties.&#13;\nMost literature reviews and experiments that used this approach have applied these to mobile robots so as to measure the accuracy, reliability and efficiency. This has shown great progress but with enormous research, there is another potential problem that arises. The uncertainty that lies in a real-time environment due to changes in the map, the addition of objects and changes in the orientations results in the inaccuracy of the routes planned. This aspect can be addressed through the application of reinforcement learning techniques that allows the robots to learn by itself. Therefore, the objective of this project is to test path planning algorithms and implement reinforcement learning in a simulated environment."
https://openalex.org/W7160907549,Energy-Conscious Route Planning for Electric Vehicles using Graph Neural Networks,2026,https://doi.org/10.1109/icict68280.2026.11510819,,"The increasing adoption of electric vehicles amplifies the necessity for routing that takes into account limits of battery life on the one hand and road conditions on the other. Conventional routing algorithms such as Dijkstra’s and A* are quite efficient and reliable in straightforward situations however they are unable to tackle many issues faced by e-vehicles such as battery depletion, regenerative braking, and locating their charging facilities. In fact, the study suggests a solution in the form of a Graph Neural Network (GNN)-based approach named EVRouteGNN that is intended to understand routing decisions directly from the geographical data of roads while taking into account the availability of charging infrastructure, traffic, and road conditions. We conducted our experiments on synthesized road maps with 10 20 30, 40, and 50 nodes and juxtaposed its results with classical algorithms such as Dijkstra’s, A*, and their variant forms besides a deep reinforcement learning based routing algorithm. Based on the results of our tests, the classical algorithms are comfortable with generating the best routes with a length of 5.6 km and on average energy consumption of 1.22 kWh however our GNN model is generating the routes that are not only longer with the mean path being 593.5 km but also need more energy about 129.7 kWh on average.These findings highlight a negative aspect of it: simply applying GNNs to combinatorial routing problems without appropriate training signals, suitable architecture, or actual data hardly yields good results at all. Indeed, the likeness between the routes forecasted by the GNNs and the ones from our baseline was below 15% in every training arrangement we tried. This strongly points to substantial difficulties of deep learning in EV routing and encourages more works on hybrid architectures, combining reinforcement learning, and checking against real datasets."
https://openalex.org/W4408155680,"Revolutionizing Route Optimization Systems with Artificial Intelligence for a Smarter, Sustainable Logistics Ecosystem",2025,https://doi.org/10.47760/ijcsmc.2025.v14i02.008,International Journal of Computer Science and Mobile Computing,"The rapid advancements in Artificial Intelligence (AI) and data analytics are transforming the logistics industry, enabling more innovative, more efficient, and sustainable transportation solutions. Traditional logistics systems face significant challenges, including inefficient order consolidation, underutilized vehicle capacity, static route planning, and a high environmental impact. These inefficiencies increase operational costs, delivery delays, and elevated carbon emissions, undermining sustainability goals. This study presents a novel AI-driven approach to optimizing route planning and logistics management through reinforcement learning and cloud-based data platforms. The proposed system integrates real-time data from IoT-enabled devices, GPS tracking, traffic analysis, and weather forecasts to dynamically optimize delivery routes. By leveraging machine learning algorithms, the system can anticipate disruptions and make real-time adjustments, leading to a 98% on-time delivery rate and significant reductions in fuel consumption. One of the key innovations of this approach is multi-segment optimization, which allows vehicles to manage multiple deliveries within a single route. This optimization reduces empty truck mileage, improves vehicle utilization and enhances cost efficiency. Additionally, predictive and prescriptive analytics enhance decision-making by forecasting potential delivery delays, enabling proactive interventions. The system's architecture is built on a scalable cloud-native platform, ensuring seamless data integration and high processing capacity for large-scale logistics operations. Interactive dashboards and digital twin technology provide logistics teams with real-time insights and scenario-based simulations, further improving decision-making and operational efficiency. The implementation of AI-driven logistics optimization has demonstrated measurable improvements, including reduction in delivery times, decrease in fuel consumption, and substantial cost savings across operations. Beyond operational efficiency, the proposed AI-powered system significantly contributes to sustainability efforts. By minimizing fuel consumption and optimizing vehicle utilization, it directly supports carbon footprint reduction initiatives in the logistics industry. The adaptability of this system makes it suitable for various logistics networks, from urban delivery fleets to long-haul transportation, enhancing overall supply chain resilience. This research underscores the transformative potential of AI and reinforcement learning in modern logistics. The findings establish a new benchmark for AI-driven logistics operations and open avenues for future enhancements, such as deeper IoT integration, the adoption of autonomous delivery models, and the exploration of quantum computing for further optimization. The study demonstrates that intelligent automation and data-driven decision-making are key to achieving smarter, more sustainable logistics operations in the future."
https://openalex.org/W4287603421,B-GAP: Behavior-Rich Simulation and Navigation for Autonomous Driving,2020,https://doi.org/10.48550/arxiv.2011.03748,arXiv (Cornell University),"We address the problem of ego-vehicle navigation in dense simulated traffic environments populated by road agents with varying driver behaviors. Navigation in such environments is challenging due to unpredictability in agents' actions caused by their heterogeneous behaviors. We present a new simulation technique consisting of enriching existing traffic simulators with behavior-rich trajectories corresponding to varying levels of aggressiveness. We generate these trajectories with the help of a driver behavior modeling algorithm. We then use the enriched simulator to train a deep reinforcement learning (DRL) policy that consists of a set of high-level vehicle control commands and use this policy at test time to perform local navigation in dense traffic. Our policy implicitly models the interactions between traffic agents and computes safe trajectories for the ego-vehicle accounting for aggressive driver maneuvers such as overtaking, over-speeding, weaving, and sudden lane changes. Our enhanced behavior-rich simulator can be used for generating datasets that consist of trajectories corresponding to diverse driver behaviors and traffic densities, and our behavior-based navigation scheme can be combined with state-of-the-art navigation algorithms."
https://openalex.org/W4388714754,Dual-decoder attention model in hierarchical reinforcement framework for dynamic crowd logistics problem with batch-matching,2023,https://doi.org/10.1016/j.trc.2023.104417,Transportation Research Part C Emerging Technologies,
https://openalex.org/W7111100469,Adaptive Tuning of Parameterized Traffic Controllers via Multi-Agent Reinforcement Learning,2025,https://doi.org/10.48550/arxiv.2512.07417,arXiv (Cornell University),"Effective traffic control is essential for mitigating congestion in transportation networks. Conventional traffic management strategies, including route guidance and ramp metering, often rely on state feedback controllers, which are used for their simplicity and reactivity; however, they lack the adaptability required to cope with complex and time-varying traffic dynamics. This paper proposes a multi-agent reinforcement learning (RL) framework in which each agent adaptively tunes the parameters of a state feedback traffic controller, combining the reactivity of state feedback controllers with the adaptability of RL. By tuning parameters at a lower frequency rather than directly determining control inputs at a high frequency, the RL agents achieve improved training efficiency while maintaining adaptability to varying traffic conditions. The multi-agent structure further enhances system robustness, as local controllers can operate independently in the event of partial failures. The proposed framework is evaluated on a simulated multi-class transportation network under varying traffic conditions. Results show that the proposed multi-agent framework outperforms the no-control and fixed-parameter state feedback control cases, while performing on par with the single-agent RL-based adaptive state feedback control, but with much greater resilience to disturbances."
https://openalex.org/W7113915486,Adaptive Tuning of Parameterized Traffic Controllers via Multi-Agent Reinforcement Learning,2025,,arXiv (Cornell University),"Effective traffic control is essential for mitigating congestion in transportation networks. Conventional traffic management strategies, including route guidance and ramp metering, often rely on state feedback controllers, which are used for their simplicity and reactivity; however, they lack the adaptability required to cope with complex and time-varying traffic dynamics. This paper proposes a multi-agent reinforcement learning (RL) framework in which each agent adaptively tunes the parameters of a state feedback traffic controller, combining the reactivity of state feedback controllers with the adaptability of RL. By tuning parameters at a lower frequency rather than directly determining control inputs at a high frequency, the RL agents achieve improved training efficiency while maintaining adaptability to varying traffic conditions. The multi-agent structure further enhances system robustness, as local controllers can operate independently in the event of partial failures. The proposed framework is evaluated on a simulated multi-class transportation network under varying traffic conditions. Results show that the proposed multi-agent framework outperforms the no-control and fixed-parameter state feedback control cases, while performing on par with the single-agent RL-based adaptive state feedback control, but with much greater resilience to disturbances."
https://openalex.org/W4213305507,A Novel Intelligent Route Planning Framework for Electric Vehicles with Consideration of Waiting Time in Delhi,2022,https://doi.org/10.1002/9781119771739.ch12,,"In the context of modernizing the grid, the population of electric vehicles (EVs) is growing at a rapid pace. Such a growth will increase the waiting time at charging stations (CSs). To overcome this challenge, we have proposed a new distributed navigation framework in this paper. The proposed approach enables EVs to compute the expected route according to the EV owner's objective with consideration of waiting time and various real-time parameters. To solve this, we have applied a reinforcement learning algorithm along with real-time learning of waiting times to predict the accurate delay due to EV charging. The efficiency of the proposed framework is demonstrated through simulation with consideration of the real road network of Delhi, real time traffic conditions on the road with CSs, and speed limit of the road. Also, the proposed distributed framework is compared with the conventional approach (minimum distance route) and the minimum journey time approach. Additionally, we have demonstrated the potential of the proposed learning algorithm to predict the waiting time at CS. In some cases, the distributed framework reduces the journey time up to 35% and, in other case, it reduces the time and cost of a journey up to 25% and 27% compared to conventional approaches."
https://openalex.org/W7170564154,dhleeGDH/rl-route-guidance-review: v1.0.0,2026,https://doi.org/10.5281/zenodo.21523970,Open MIND,"Code, data, and per-study extraction for ""Reinforcement Learning for Vehicle Route Guidance: A Critical Review of Reward Design and Evaluation Boundary Conditions"""
https://openalex.org/W7170832797,dhleeGDH/rl-route-guidance-review: v1.0.0,2026,https://doi.org/10.5281/zenodo.21523971,Zenodo (CERN European Organization for Nuclear Research),"Code, data, and per-study extraction for ""Reinforcement Learning for Vehicle Route Guidance: A Critical Review of Reward Design and Evaluation Boundary Conditions"""
https://openalex.org/W7134271591,Hierarchical Reinforcement Learning for Electric vehicle Charging Navigation in Dynamic Transportation Networks,2026,https://doi.org/10.2139/ssrn.6346452,SSRN Electronic Journal,
https://openalex.org/W7134201218,Hierarchical Reinforcement Learning for Electric vehicle Charging Navigation in Dynamic Transportation Networks,2026,https://doi.org/10.2139/ssrn.6340227,SSRN Electronic Journal,
https://openalex.org/W4403447326,Reinforcement Learning-Driven Latency Minimization for Transportation and Traffic Engineering in Logistic SDN Networks,2024,https://doi.org/10.1109/idap64064.2024.10710985,,"Transportation systems play a crucial role in the operation of contemporary societies because efficiency is inherently connected to the successful management of time. The latencies in the transportation systems play a crucial role in having an impact on productivity, energy consumption, and higher operational expenditures. These inefficiencies generate cost limitations and extra time for companies and individuals while increasing traffic congestion and deteriorating environments due to higher fuel usage. In this study, we introduce a new reinforcement learning technique to improve transportation networks while considering delays on the routed paths and the waiting time at important stopping points such as intersections and junctions. By concentrating on these parameters in our research, we propose the Reinforcement Learning-based Latency Optimized Traffic Engineering (RLLOTE) algorithm to enhance the overall efficiency of transportation systems, leading to enhanced traffic flow, reduced trip times, and minimized environmental impacts. One of the primary goals of the RL-LOTE algorithm, which is founded on the concept of reinforcement learning, is to reduce the total amount of time spent traveling by making use of previous experiences and making dynamic adjustments to the routes. Our approach considers multiple factors, including traffic congestion, road conditions, and waiting time, to develop a complete and effective strategy for minimizing transportation delays. Our research indicates that the utilization of the RLLOTE algorithm can enhance the efficiency and sustainability of transportation systems by significantly optimizing route planning."
https://openalex.org/W7161109594,Energy Optimal Route Planning Framework for Electric Vehicles Using Hybrid Artificial Intelligence Models,2026,https://doi.org/10.1109/ictmim68190.2026.11506680,,"The rapid proliferation of electric vehicles (EVs) has necessitated intelligent route planning systems that prioritize energy efficiency over mere distance or travel time. This study proposes a novel Energy Optimal Route Planning Framework that integrates multi-source spatio-temporal data with hybrid artificial intelligence (AI) models to enhance navigation decisions for EVs. The artificial intelligence approach includes the graph-based representation of roads, physics-directed neural differentiable representations of real-time energy prediction, and quantum-inspired optimization of multi-objective cost optimization. An extraordinary hybrid learning system is introduced that integrates Deep Reinforcement Learning (DRL) and Swarm-Based Global Search to enable the learning to be dynamic in response to the traffic, elevation, and charging constraints. The system also involves Gated Graph-Temporal Convolutional Networks (G-GTCNs) to predict traffic trends in order to proactively route traffic. A city-wide experimental validation shows that 26.3% energy efficiency is improved, 14.8% route detour time reduction, and 91.72 route selection accuracy improve compared to the traditional shortest-path and time-based navigation models. The future of smarter EV routing systems is that the framework has real-time flexibility, predictive intelligence, and multi-objective optimization. This study provides a foundation of intelligent transportation systems that are energy-sensitive, infrastructure-sensitive and appropriate in the real-world application in the highly populated or infrastructure-restrained."
https://openalex.org/W4416458998,AI-Driven Smart Transportation Systems for Urban Traffic Regulation and Optimal Route Planning,2025,https://doi.org/10.71443/9789349552081-08,,"The exponential growth of urban populations and vehicular density has intensified the challenges of traffic congestion, environmental degradation, and energy inefficiency, calling for a paradigm shift toward intelligent and adaptive transportation management. Artificial Intelligence (AI) has emerged as a transformative enabler in the evolution of Intelligent Transportation Systems (ITS), facilitating data-driven, context-aware, and self-learning mechanisms for urban traffic control and route optimization. This chapter presents a comprehensive exploration of AI-driven frameworks, focusing on the theoretical foundations, computational models, and architectural designs that underpin intelligent traffic coordination. The discussion encompasses machine learning, deep learning, reinforcement learning, and neuro-fuzzy techniques applied to dynamic signal control, predictive congestion management, and real-time route optimization. Integration of IoT, cloud, and edge computing infrastructures is highlighted as a critical enabler for large-scale data acquisition, processing, and decentralized decision-making. Mathematical modeling, graph-based optimization, and adaptive hybrid control mechanisms are examined to illustrate the synergy between computational intelligence and system-level architecture. Special emphasis is placed on predictive analytics, computer vision, and multi-agent systems that collectively enhance situational awareness and operational efficiency within urban mobility networks. The chapter concludes by identifying open research challenges, emphasizing scalability, interpretability, cybersecurity, and interoperability as central considerations in the future design of AI-enabled transportation systems. The insights presented aim to guide future research and innovation toward building sustainable, resilient, and intelligent urban traffic ecosystems that align with the global vision of smart and connected cities."
https://openalex.org/W3081505870,Self-organising Urban Traffic Control on Micro-level Using Reinforcement Learning and Agent-Based Modelling,2020,https://doi.org/10.1007/978-3-030-55187-2_53,Advances in intelligent systems and computing,
https://openalex.org/W7160189725,Expert-Guided Action Masking for Deep Reinforcement Learning in Personalized Smart Charging for Electric Vehicles,2026,https://doi.org/10.2139/ssrn.6685500,SSRN Electronic Journal,
https://openalex.org/W4416332263,A hierarchical reinforcement learning approach for electric vehicle charging navigation strategy in dynamic transportation network,2025,https://doi.org/10.2139/ssrn.5765969,SSRN Electronic Journal,
https://openalex.org/W4415398609,Flexible Route Network Planning Adapting to Time-varying Air Traffic Using Reinforcement Learning,2025,https://doi.org/10.1109/ictle67020.2025.11203404,,"Conventional air route networks, characterized by static structural configurations, encounter challenges in meeting the stringent safety and operational efficiency demands of contemporary air traffic systems marked by heavy traffic volumes, high traffic density, and significant temporal fluctuations. Thus, a flexible route network planning method is introduced to improve the network’s proactive adaptation to time-varying traffic flows. Formulated as a complex dynamic programming challenge from an optimization perspective, we employ a deep reinforcement learning algorithm, carefully considering factors such as route length, airspace complexity, feasible regions, and route smoothness. The state space, action space, and reward function are designed to enable real-time learning and dynamic adjustment of air route planning. Simulation experiments using the ""ZSSSAR07"" sector in the Shanghai region as a case study demonstrate that, based on traffic flow pattern derived from historical trajectory analysis, the proposed method achieves significant reductions in both route complexity and flow-weighted route length, leading to tangible benefits in terms of reduced flight times and energy consumption. Furthermore, the resulting route structures exhibit significantly reduced route complexity across diverse traffic flow patterns, thereby promoting enhanced air traffic operational efficiency and overall system resilience. Crucially, computational times consistently remain under one minute, highlighting the method’s strong real-time decision-making capability and considerable practical potential."
https://openalex.org/W3204703016,Inverse Learning Approach to Reward Design for Deadlock-free Route Planning Problems for Automated Guided Vehicles,2021,https://doi.org/10.1299/jsmemsd.2021.608,The Proceedings of Manufacturing Systems Division Conference,"In recent years, with the development of IoT technologies such as 5G, it is expected to operate large-scale route planning for many AGVs (Automated Guided Vehicles). Deadlock is caused on the routing of AGVs when the route us conducted by conventional reinforcement learning approach. In this study, we propose a route planning method that avoids deadlocks by using inverse reinforcement learning to design a reward that is close to the route planning optimization method. We compare the proposed method with conventional deadlock avoidance methods to verify the usefulness of the proposed method."
https://openalex.org/W4411261117,Solving Stochastic and Dynamic Capacitated Vehicle Routing Problem Utilization Advisory Board Reinforcement Learning,2025,https://doi.org/10.2139/ssrn.5294248,SSRN Electronic Journal,
https://openalex.org/W4410006448,Advances in Multi-Source Navigation Data Fusion Processing Methods,2025,https://doi.org/10.3390/math13091485,Mathematics,"In recent years, the field of multi-source navigation data fusion has witnessed substantial advancements, propelled by the rapid development of multi-sensor technologies, Artificial Intelligence (AI) algorithms and enhanced computational capabilities. On one hand, fusion methods based on filtering theory, such as Kalman Filtering (KF), Particle Filtering (PF), and Federated Filtering (FF), have been continuously optimized, enabling effective handling of non-linear and non-Gaussian noise issues. On the other hand, the introduction of AI technologies like deep learning and reinforcement learning has provided new solutions for multi-source data fusion, particularly enhancing adaptive capabilities in complex and dynamic environments. Additionally, methods based on Factor Graph Optimization (FGO) have also demonstrated advantages in multi-source data fusion, offering better handling of global consistency problems. In the future, with the widespread adoption of technologies such as 5G, the Internet of Things, and edge computing, multi-source navigation data fusion is expected to evolve towards real-time processing, intelligence, and distributed systems. So far, fusion methods mainly include optimal estimation methods, filtering methods, uncertain reasoning methods, Multiple Model Estimation (MME), AI, and so on. To analyze the performance of these methods and provide a reliable theoretical reference and basis for the design and development of a multi-source data fusion system, this paper summarizes the characteristics of these fusion methods and their corresponding application scenarios. These results can provide references for theoretical research, system development, and application in the fields of autonomous driving, unmanned vehicle navigation, and intelligent navigation."
https://openalex.org/W7143603163,Machine Learning in Autonomous Transportation: Optimizing Route Planning,2022,https://doi.org/10.71465/ajml2868,American Journal of Machine Learning,"Autonomous transportation is transforming modern mobility by leveraging advanced machine learning (ML) techniques to optimize various systems within transportation networks. One of the most crucial aspects is route planning, where ML models help in determining the most efficient routes for autonomous vehicles (AVs), accounting for traffic patterns, road conditions, weather, and other dynamic factors. This paper explores the role of ML in enhancing route planning algorithms, focusing on the use of reinforcement learning (RL), deep learning (DL), and neural networks for real-time decision-making. The integration of these algorithms into autonomous vehicle systems holds significant promise in improving traffic flow, reducing energy consumption, and enhancing safety."
https://openalex.org/W7118583779,Deep reinforcement learning for electric vehicle routing: A proximal policy optimization approach with a token-based reward system,2026,https://doi.org/10.1016/j.egyr.2025.108928,Energy Reports,"The widespread adoption of electric vehicles (EVs) faces significant challenges due to limited driving range and insufficient charging infrastructure, complicating route planning and increasing travel costs. Although various optimization algorithms have been proposed for the Electric Vehicle Routing Problem (EVRP), critical issues such as trip duration, travel cost, and charging logistics remain. This research presents a novel approach based on Proximal Policy Optimization (PPO) to optimize EV routing, considering factors such as battery capacity, charging time, and travel duration. To enhance system efficiency and sustainability, the framework integrates Distributed Generation (DG) modeling to reduce grid dependency and generation costs. Furthermore, a token-based reward system is introduced to incentivize timely charging, improving charging station utilization and promoting demand-side flexibility. The proposed PPO framework is evaluated against state-of-the-art algorithms on multiple benchmark scenarios, demonstrating up to a 35% improvement in routing efficiency while Distributed Generation–Demand Side Management (DG-DSM) coordination reduces marginal charging prices by approximately 14% and improves the load factor from 0.536 to 0.579. A Monte–Carlo sensitivity analysis using load variations from an Indian Utility 17-bus system, combined with probability density function to assess robustness under stochastic traffic and grid fluctuations. The results underscore its scalability and potential as a practical solution for sustainable EV route planning."
https://openalex.org/W7143284911,A Graph Reinforcement Learning-Based Charging Guidance Strategy for Electric Vehicles in Faulty Electricity–Transportation Coupled Networks,2026,https://doi.org/10.3390/sym18040591,Symmetry,"To address the issues of load aggregation and traffic congestion in faulty electricity–transportation coupled networks (ETCNs), this paper proposes an electric vehicle (EV) charging guidance strategy based on Graph Reinforcement Learning (GRL). First, a graph-structured feature extraction model is developed. The GraphSAGE module is employed to capture the multi-scale spatiotemporal features of the ETCN. The topological changes and energy-information interaction characteristics under fault scenarios are analyzed. Second, a Finite Markov Decision Process (FMDP) framework is established to address the stochastic and dynamic nature of EV charging behavior. The charging station selection and route planning problem is transformed into an agent decision-making process. A reward function is designed by incorporating voltage constraints, traffic flow constraints, and state-of-charge margin penalties. This ensures a balanced consideration of power grid security and traffic efficiency. The FMDP model is then solved using a Deep Q-Network (DQN) to achieve optimal EV charging guidance under fault conditions. Finally, case studies are conducted on a coupled simulation scenario consisting of an IEEE 33-node power distribution system and a 23-node transportation network. Results show that the proposed method reduces the system operation cost to 218,000 CNY, controls the voltage deviation rate of the distribution network at 3.1% in line with the operation standard, and enables the model to achieve stable convergence after only 250 training episodes. It can effectively optimize the charging load distribution and maintain the voltage stability of the power grid under fault conditions."
https://openalex.org/W4402954030,Cooperative Path Planning with Asynchronous Multiagent Reinforcement Learning,2024,https://doi.org/10.48550/arxiv.2409.00754,arXiv (Cornell University),"In this paper, we study the shortest path problem (SPP) with multiple source-destination pairs (MSD), namely MSD-SPP, to minimize average travel time of all shortest paths. The inherent traffic capacity limits within a road network contributes to the competition among vehicles. Multi-agent reinforcement learning (MARL) model cannot offer effective and efficient path planning cooperation due to the asynchronous decision making setting in MSD-SPP, where vehicles (a.k.a agents) cannot simultaneously complete routing actions in the previous time step. To tackle the efficiency issue, we propose to divide an entire road network into multiple sub-graphs and subsequently execute a two-stage process of inter-region and intra-region route planning. To address the asynchronous issue, in the proposed asyn-MARL framework, we first design a global state, which exploits a low-dimensional vector to implicitly represent the joint observations and actions of multi-agents. Then we develop a novel trajectory collection mechanism to decrease the redundancy in training trajectories. Additionally, we design a novel actor network to facilitate the cooperation among vehicles towards the same or close destinations and a reachability graph aimed at preventing infinite loops in routing paths. On both synthetic and real road networks, our evaluation result demonstrates that our approach outperforms state-of-the-art planning approaches."
https://openalex.org/W4410281534,Adaptive marine intelligence and sensing architecture for autonomous underwater ecosystem monitoring using AI and IoT integration,2025,https://doi.org/10.1177/1088467x251339271,Intelligent Data Analysis,"Adaptive Marine Intelligence and Sensing Architecture (AMISA) is a new framework that enables the enhancement of Autonomous Underwater Vehicle (AUV) capabilities with Artificial Intelligence (AI) and the Internet of Things (IoT). In response to the increasing requirement for real-time monitoring of marine ecosystems and sustainable ocean management, the proposed work is built for autonomous prediction, observation, and analysis of marine ecosystems through real-time data acquisition and adaptive decision-making processes. It has some cutting-edge components, such as Predictive Environment Mapping (PEM), which mines both historical and real-time data to adaptively detect and selectively focus on regions that might undergo ecological changes, and Dynamic Sensor Orchestration (DSO) is an energy-saving mechanism that selectively activates sensors in ecologically critical areas. Multi-tier AI Processing (MTAP) introduces an efficient hierarchical model structure for preliminary event detection and high-level anomaly analysis, tailoring data processing to diverse underwater conditions. Here, Energy-Conscious Path Optimization (ECPO) uses reinforcement learning to adaptively manage the route planning of the AUV to conduct optimal energy usage and to cover high-priority areas. The Smart Cloud Connectivity Protocol (SCCP) allows efficient data transmission by prioritizing essential findings and supports real-time alerts. Lastly, the Continuous Adaptive Learning (CAL) module enables the AUV to autonomously evolve by incremental updates of AI models with new data."
https://openalex.org/W7146946295,Reinforcement Learning-Based Trajectory Planning for Unicycles,2025,https://doi.org/10.1109/icrss67786.2025.00059,,"Autonomous path planning in dynamic and obstaclefilled environments remains a significant challenge for robotic systems. This paper proposes a reinforcement learning method based on Deep Deterministic Policy Gradient (DDPG), utilizing an actor-critic network, for achieving autonomous vehicle navigation in a simulated environment with static obstacles. The agent learns continuous control policies for steering and acceleration through a carefully designed reward function that comprehensively considers goal progress, directional efficiency, obstacle avoidance capability, and motion smoothness. The simulation environment is constructed using PyBullet, providing realistic physical interactions. Experimental results demonstrate that the proposed method enables the vehicle to efficiently navigate to the target point while avoiding obstacles and can adapt to dynamically changing target positions."
https://openalex.org/W4414419433,PLANNING THE DEPLOYMENT OF RECONNAISSANCE UNMANNED AERIAL VEHICLES USING REINFORCEMENT LEARNING METHODS AND TARGET DISTRIBUTION DENSITY FUNCTION,2025,https://doi.org/10.46972/2076-1546.2025.28.08,Проблеми створення випробування застосування та експлуатації складних інформаційних систем,"The experience of combat operations in the Russo-Ukrainian war clearly highlights the growing relevance of employing groups of unmanned aerial vehicles (UAVs) to accomplish a wide range of military tasks. The primary problem that must be solved to ensure their effective deployment is mission planning. In turn, the planning process depends on the UAV group’s control system and the operational conditions. For decentralized control systems, a critical requirement is the capability of onboard autonomous mission planning. A review of the literature indicates that most existing planning algorithms do not account for the specific features of military aerial reconnaissance and target validation, the terrain, and are mostly focused on point-to-point flight optimization. Meanwhile, typical target search planning uses comb, expandable, or free search strategies. However, these approaches are often unsuitable for autonomous route planning by the UAV itself, as coordinates on the map are typically not associated with flight altitude, the instantaneous field of view of onboard sensors, the scale, or image resolution. To enhance the optimization capabilities of autonomous flight planning, this work proposes the use of a Target Distribution Density Function (TDDF). The TDDF is a dynamic two-dimensional mathematical model that describes the conditional relative probability of target presence at various spatial locations. It is created based on terrain data, prior observations, or intelligent assessments that reflect the distribution of potential targets within a particular area or the entire reconnaissance zone. The TDDF enables modeling the environment not as homogeneous, but as a space with varying levels of importance or likelihood of target presence. This study explores the use of the TDDF in reinforcement learning for UAV mission planning. Reinforcement learning, a branch of machine learning, involves training an intelligent software agent (the UAV) to make decisions about the sequence of actions by interacting with the environment to maximize cumulative rewards. In the context of UAV mission planning, the environment modeling process is based on the iterative generation of the TDDF, which – with minor adjustments – serves as the reward function."
https://openalex.org/W4407404614,Water Surface Autonomus Navigation Simulation via Multi-agent Proximal Policy Optimization,2024,https://doi.org/10.1109/irac63143.2024.10871797,,"To address the challenges of autonomous navigation and intelligent obstacle avoidance for clusters of homogeneous unmanned surface vehicles (USVs) in intricate environments, a self-driving algorithm utilizing multi-agent reinforcement learning (MARL) is introduced. A multi-obstacle scenario is created, where the interactions among unmanned underwater vehicles are used to assess the game situation. The USV fleet undergoes training through the multi-agent proximal policy optimization algorithm (MAPPO) to facilitate autonomous driving. This approach allows for efficient route planning and effective obstacle evasion, ensuring that the vehicles reach their destination with the desired orientation and relative positioning. The simulation environment is constructed with the Unity game engine, providing visualization during training to enhance algorithm robustness. Experimental results demonstrate that both the proposed algorithm and simulation setup exhibit strong feasibility and good performance."
https://openalex.org/W4393206188,Deep Reinforcement Learning-Based Autonomous Ride-Sharing System,2024,https://doi.org/10.2139/ssrn.4773032,SSRN Electronic Journal,
https://openalex.org/W4409461867,Adaptive Hybrid Algorithms for Real-Time Decision-Making in Autonomous Systems,2025,https://doi.org/10.9734/ajrcos/2025/v18i5638,Asian Journal of Research in Computer Science,"Recent breakthroughs in computational intelligence have enabled remarkable advances in decision-making systems operating within dynamic, complex environments. The work presented in this paper looks into the incorporation of three major techniques: Reinforcement Learning, Deep Neural Networks, and Fuzzy Logic in developing hybrid models in order to be able to tackle some major challenges of adaptability, handling uncertainty, and high-dimensionality data processing. These hybrid frameworks have applications in domains such as autonomous vehicle navigation, health care, robotics, and supply chain optimization, where classic methods do not work. Based on the adaptability given by RL, on the predictive power of DNNs, and on the interpretability provided by Fuzzy Logic, the proposed models demonstrate scalability and robustness under dynamic settings. It points to the existing challenges of computational complexity, real-time applicability, and cross-domain generalizability, and ascertains a unified hybrid framework in order to bridge these gaps. Experimental results also demonstrate improved accuracy with reduced response time for such models, proving their potential in advancing intelligent autonomous systems that could deal with ever-changing environments."
https://openalex.org/W4413155258,Hierarchical Reinforcement Learning for Navigation Among Movable and Immovable Obstacles,2025,https://doi.org/10.1109/access.2025.3598230,IEEE Access,"Path planning is a key technique for vehicle navigation, and significant research has focused on how to manage obstacles. Previous methods have addressed either removing movable obstacles or avoiding immovable ones. However, real-world environments contain both movable and immovable obstacles. To address this, we propose a path planning system for Navigation Among Movable and IMmovable Obstacles (NAMIMO) based on hierarchical reinforcement learning. In our system, lower-level agents generate paths for the vehicle to either avoid or remove obstacles, while the higher-level agent dynamically selects which lower-level agent to utilize based on the movability of the obstacle, incorporating visual and linguistic knowledge."
https://openalex.org/W4413018059,Decentralized Reinforcement Learning for Multi-Agent Navigation in Unconstrained Environments,2025,https://doi.org/10.1109/iv64158.2025.11097389,,"Supervised learning has demonstrated to be an effective strategy in training neural networks for vehicle navigation. However, it requires labeled data, which may not be available when a large number of vehicles need to be controlled simultaneously. In contrast, Deep Reinforcement Learning (DRL) circumvents the necessity for ground truth labels through environmental exploration. However, most concurrent DRL approaches either tend to operate in the discrete action/state space or do not consider the vehicle kinematics. In this paper, we use DRL to control multiple vehicles while also considering their kinematics. The task is for all the vehicles to reach their desired destination/target while avoiding collisions with each other or static obstacles in an unconstrained environment. For this, we propose a decentralized Proximal Policy Optimization (PPO) based DRL agent that independently provides control commands to each vehicle. The agent is based on two separate PPO models. The first is used to drive each vehicle to the proximity of its target. Once within the target's proximity, the second model is used to park that vehicle at the correct position and orientation. The decentralized nature of the algorithm allows each agent to rely only on information about its current state and target, along with details regarding the closest obstacle/agent. By scaling this approach to all vehicles, simultaneous navigation of multiple vehicles can be achieved. Experimental results show a collective strategy that allows consistent results across a wide range of scenarios while scaling to situations with up to 20 vehicles and 12 stationary obstacles."
https://openalex.org/W4408595318,A Comprehensive Review of Multi-Source Data Fusion Processing Methods,2025,https://doi.org/10.20944/preprints202503.1108.v1,Preprints.org,"In recent years, significant progress has been made in multi-source navigation data fusion methods, driven by rapid advancements in multi-sensor technology, artificial intelligence (AI) algorithms, and computational capabilities. On one hand, fusion methods based on filtering theory, such as Kalman Filtering (KF), Particle Filtering (PF), and Federated Filtering (FF), have been continuously optimized, enabling effective handling of non-linear and non-Gaussian noise issues. On the other hand, the introduction of AI technologies like deep learning and reinforcement learning has provided new solutions for multi-source data fusion, particularly enhancing adaptive capabilities in complex and dynamic environments. Additionally, methods based on Factor Graph Optimization (FGO) have also demonstrated advantages in multi-source data fusion, offering better handling of global consistency problems. In the future, with the widespread adoption of technologies such as 5G, the Internet of Things, and edge computing, multi-source navigation data fusion is expected to evolve towards real-time processing, intelligence, and distributed systems. So far, Fusion methods mainly include optimal estimation methods, filtering methods, uncertain reasoning methods, Multiple Model Estimation (MME), AI, and so on. To analyze the performance of these methods and provide a reliable theoretical reference and basis for the design and development of a multi-source data fusion system. This paper summarizes the characteristics of these fusion methods and the corresponding adaptation scenarios. These results can provide references for theoretical research, system development, and application in the fields of autonomous driving, unmanned vehicle navigation, and intelligent navigation."
https://openalex.org/W4411884557,Investigation of logistic and route planning utilizing machine learning algorithms,2025,https://doi.org/10.33545/2707661x.2025.v6.i1c.130,International Journal of Communication and Information Technology,"Logistics and route planning are key modules of supply chain management, influencing efficiency and cost-effectiveness. This study investigates machine learning techniques to develop logistic operations and optimize route planning, such as supervised learning, reinforcement learning, and clustering techniques, to estimate demand, assess traffic patterns, and determine best delivery routes using data-driven approaches. The study evaluates the algorithms' effectiveness in real-world scenarios, emphasizing their ability to adapt to changing perspectives and improve decision-making processes. Furthermore, the findings show considerable improvements in delivery times and resource allocation, highlighting machine learning's ability to transform logistics and route planning. The paper finishes with recommendations for future research and practical applications, underlining the significance of continual innovation in the logistics industry."
https://openalex.org/W4407129694,Optimizing 3D Flight Paths for Multiple UAVs with Connectivity Management in Urban Delivery Systems,2025,https://doi.org/10.1109/imcom64595.2025.10857539,,"The dynamic deployment of aerial vehicles in urban delivery scenarios demands precise route planning, reliable data links, and efficient use of network infrastructure. Although prior efforts have explored various aspects of unmanned navigation or communication optimization, existing approaches often overlook the combined impact of three-dimensional path selection and robust connectivity maintenance. To address this gap, this paper proposes a deep reinforcement learning framework employing Independent Proximal Policy Optimization (IPPO) to steer the flight paths of unmanned vehicles while curtailing needless interactions with base stations (BSs). By incorporating communication-specific metrics, Reference Signal Received Power (RSRP), the proposed system adapts to urban conditions and upholds resilient network links. Comprehensive performance evaluations reveal the potential of the framework to reduce excessive BS connections by up to 82.24%, preserve RSRP levels above -80 dBm, and balance handover frequencies across flight trajectories. These findings affirm the scalability and effectiveness of the method for achieving efficient aerial navigation and consistent communication in urban delivery services."
https://openalex.org/W4404187851,AI-Driven Route Planning and Scheduling for Electric School Buses,2024,https://doi.org/10.47941/ijce.2339,International Journal of Computing and Engineering,"This review paper explores the current state, recent advancements, challenges, and future perspectives of AI-driven approaches for route planning and scheduling of Electric School Buses (ESBs). The integration of artificial intelligence into energy management systems for electric vehicles has gained significant attention, particularly in optimizing school transportation. This study examines various AI techniques, including genetic algorithms, reinforcement learning, and game-theoretic approaches, applied to ESB management. Key focus areas include energy consumption estimation, battery capacity optimization, and Vehicle-to-Grid (V2G) strategies. The paper also addresses critical challenges such as data integration, security concerns, and operational constraints. Future perspectives highlight the potential of advanced AI techniques, smart grid integration, and personalized transportation solutions. By synthesizing current research and identifying key areas for future development, this review contributes to ongoing efforts to improve the efficiency, sustainability, and overall quality of school transportation systems through AI technologies."
https://openalex.org/W4404031766,Optimizing Urban Transportation Using Big Data and Reinforcement Learning Techniques,2024,https://doi.org/10.1109/icccnt61001.2024.10724243,,"There is no surprise that it is known that there have emerged several benefits as well as drawbacks with the progressive growth of industrialization, vehicles-be it public or private, as well as urban transit systems. Obviously, this issue is addressed to requite frustrating especially when there is a need to travel from once place to another within a particular period of time. Thankfully, this is where big data emerges into the frame to help reduce congestion and traffic problems in order to improve the approaches and efforts made towards optimizing transport by proposing a framework that makes use of collecting, aggregating and disseminating data from various kinds of sources. The fundamental approach towards achieving this is making use of reinforcement learning techniques-particularly the application of Deep Q Network Based Scheduling algorithm. By harnessing vast datasets, this algorithm dynamically optimizes traffic signal control, route planning, and resource allocation in real-time."
https://openalex.org/W4414931082,Causal-Inspired Multi-Agent Decision-Making via Graph Reinforcement Learning,2026,https://doi.org/10.1109/tits.2026.3707219,IEEE Transactions on Intelligent Transportation Systems,"Since the advent of autonomous driving technology, it has experienced remarkable progress over the last decade. However, most existing research still struggles to address the challenges posed by environments where multiple vehicles have to interact seamlessly. This study aims to integrate causal learning with reinforcement learning-based methods by leveraging causal disentanglement representation learning (CDRL) to identify and extract causal features that influence optimal decision-making in autonomous vehicles. These features are then incorporated into graph neural network-based reinforcement learning algorithms to enhance decision-making in complex traffic scenarios. By using causal features as inputs, the proposed approach enables the optimization of vehicle behavior at an unsignalized intersection. Experimental results demonstrate that our proposed method achieves the highest average reward during training and our approach significantly outperforms other learning-based methods in several key metrics such as collision rate and average cumulative reward during testing. This study provides a promising direction for advancing multi-agent autonomous driving systems and make autonomous vehicles' navigation safer and more efficient in complex traffic environments."
https://openalex.org/W7134057560,A Unified Reinforcement Learning Framework for Comprehensive UAV Railway Inspection,2026,https://doi.org/10.3233/faia260014,Frontiers in artificial intelligence and applications,"Railway infrastructure inspection is crucial for ensuring operational safety and improving efficiency. However, traditional manual inspection methods are not only time-consuming and labor-intensive but also prone to human errors, leading to fluctuations in inspection quality and efficiency. To address this issue, this paper proposes an unmanned aerial vehicle (UAV) automated inspection method based on a Unified Training Fusion Reinforcement Learning Network (UTFN), which combines Unified Deep Q Networks (DQN) and Proximal Policy Optimization (PPO) algorithms for autonomous route planning and navigation. This approach provides precise support for task path planning in complex geographical environments, overcoming the limitations of traditional methods in such scenarios. The integration of these technologies results in a highly intelligent and automated UAV operation and control inspection system, minimizing human intervention while improving inspection accuracy and efficiency. Experimental results demonstrate that the proposed system effectively reduces operational costs, and enhances operational control efficiency, ensuring the smooth completion of tasks."
https://openalex.org/W4405845221,Q-Learning Based Genetic Algorithm for Solving Pollution Route Planning Problem,2024,https://doi.org/10.1109/bigdia63733.2024.10808762,,"As China experiences rapid industrial and urban growth, vehicular emissions from road transport have increasingly contributed to CO2 levels. The Pollution Routing Problem (PRP) is a strategic approach designed to find the most cost-effective and eco-friendly transportation routes. This is achieved by balancing operational expenses with environmental impact, considering variables such as vehicle speed fluctuations, fuel usage, emissions output, and driver compensation, to create a solution that is both economically viable and environmentally responsible. This study introduces a novel approach to tackle the Pollution Routing Problem (PRP) by employing a Q-learning-enhanced genetic algorithm (Q-GA).This approach enhances the efficiency of vehicle routing by leveraging the strengths of both reinforcement learning and genetic algorithms in a synergistic manner, aiming to minimise operational and environmental costs. The core lies in the use of Q-learning reinforcement learning mechanism to guide the parameter selection of the genetic algorithm to efficiently explore and utilise the search space in order to find the optimal solution. Experimental results demonstrate that the Q-GA performs well in solving the PRP problem, converges faster than traditional methods, and provides an effective win-win solution for both environmental and economic benefits."
https://openalex.org/W4414352155,Research on low-carbon transportation route optimization based on deep reinforcement learning,2025,https://doi.org/10.1049/icp.2025.2746,IET conference proceedings.,"To scientifically and rationally plan logistics vehicle routes and reduce carbon emissions generated during transportation, a low-carbon transportation route optimization model based on deep reinforcement learning has been developed. This model employs estimation methods for air pollution emissions from transportation, taking into account complex road conditions and sources of carbon emissions. With the goal of minimizing carbon emission costs, it comprehensively considers road gradients and real-time vehicle loads. To swiftly obtain the optimal solution for the model, a deep reinforcement learning framework is proposed. This framework uses the objective function of the established model as the reward signal, adopts an improved pointer network as the policy network, a deep convolutional network as the value network, and leverages the Advantage Actor-Critic algorithm as the reinforcement learning method. Through 300 simulated case studies conducted on scales of 10 nodes, 20 nodes, and 50 nodes, it has been verified that the proposed model and solution method can find near-optimal solutions for low-carbon route planning problems across different scales."
https://openalex.org/W4413277691,Environment Friendly Ride-Sharing Route Planning via Deep Learning Approaches,2025,https://doi.org/10.1109/access.2025.3599795,IEEE Access,"Ride-sharing platforms face significant supply-demand imbalances, resulting in unsustainable road planning caused by substantial energy waste and environmental pollution. Prevailing repositioning methods based on deep reinforcement learning (DRL) typically assume homogeneous drivers who unconditionally obey dispatch instructions, overlooking their diverse and dynamic cruising preferences, which leads to low instruction acceptance rates, reduced driver satisfaction, and suboptimal matching. Incorporating these personalized preferences is crucial for minimizing idle cruising, enhancing driver retention, and achieving better equilibrium. To address this, we propose E-Plan, a novel driver-centric repositioning framework employing a sequential dual-agent DRL strategy: a Grid Agent optimizes the dispatch sequence of idle vehicles to balance global supply-demand, while a Vehicle Agent generates personalized recommendations for each driver based on their predicted preferences and real-time demand within this sequence. This design efficiently navigates the complex action space while respecting driver autonomy. Evaluated on real-world trajectory data, E-Plan significantly increases driver acceptance rates by 38.07% and boosts overall driver income by 9.97%, demonstrating its effectiveness in promoting sustainable and efficient ride-hailing."
https://openalex.org/W4401251015,A Deep Reinforcement Learning Approach for Solving Emergency Medical Supplies Dispatching Problem,2024,https://doi.org/10.2139/ssrn.4913956,SSRN Electronic Journal,
https://openalex.org/W4412431309,Design and Implementation of Underwater Target Tracking System Based on Reinforcement Learning,2025,https://doi.org/10.1109/nnice64954.2025.11064729,,"This paper designs and implements an underwater target tracking system based on Reinforcement Learning (RL), which combines a user-defined underwater environment model and SAC algorithm to achieve multi-agent cooperation and target tracking. The system simulates the complex motion characteristics of underwater dynamic targets in the virtual environment, including the random motion pattern of the target, the change of depth, the interference of water flow and the limitation of communication range. Through the design of self-defined reward function, the system takes into account the target positioning error and the efficiency of agent behavior, uses recurrent neural network (RNN) to process time series data, and combines experience playback buffer to optimize the training effect. The experimental results show that the system achieves high precision localization of dynamic underwater target with low estimation error of 0. 000 3 under the cooperation of multiple agents, and achieves stable convergence after multiple training. The system has a wide range of potential applications in high real-time application scenarios such as underwater vehicle navigation and marine resource exploration."
https://openalex.org/W4392373442,Efficient vehicular networks offloading using Hybrid Localization Algorithm and Deep Reinforcement Learning,2024,https://doi.org/10.54254/2755-2721/44/20230578,Applied and Computational Engineering,"In the context of growing urbanization and increased vehicular traffic, the demand for efficient computation and location-based services is paramount. This paper proposes a pioneering solution to address the challenges of precise location services in Vehicular Networks within urban settings. The system combines a Hybrid Localization Algorithm (HLA) that integrates multiple methods for improved location accuracy with Deep Reinforcement Learning (DRL) for intelligent and adaptive offloading decisions based on real-time traffic conditions. Extensive simulations demonstrate the effectiveness of our approach in reducing response times, optimizing offloading strategies, and alleviating the burden of urban peak vehicle navigation pressure. This research paves the way for enhanced location-based services and intelligent transportation systems in urban areas."
https://openalex.org/W4411688767,Comparative Analysis of Reinforcement Learning for Reliable Real-Time EV Routing and Charging,2025,https://doi.org/10.1109/drcn65040.2025.11046050,,"This paper presents a comparative analysis of reinforcement learning (RL) and deep reinforcement learning (DRL) techniques for optimizing reliable electric vehicle (EV) routing and charging in dynamic urban environments. By modeling the EV routing problem as a Markov Decision Process, our study accounts for real-world constraints such as battery levels, charging station availability, traffic conditions, and range anxiety. We evaluate three approaches: traditional Q-Learning, heuristicaugmented Q-Learning (TQL), and Deep Q-Learning (DQL) across simulated networks of varying scales. The experimental results demonstrate that DQL achieves faster convergence and consistently outperforms the other methods in minimizing travel time, improving distance efficiency, and maximizing cumulative rewards while ensuring more reliable route planning. These findings highlight the potential of advanced RL frameworks to enhance EV operational efficiency and charging reliability, offering valuable insights for future smart and sustainable transportation systems."
https://openalex.org/W4410325702,Research on Logistics Delivery Path Optimization Based on Deep Reinforcement Learning,2025,https://doi.org/10.1142/s0218126625503608,Journal of Circuits Systems and Computers,"The rapid expansion of e-commerce and the increasing demand for efficient logistics have brought the Vehicle Routing Problem with Time Windows (VRPTW) to the forefront of research aimed at optimizing delivery operations. While traditional algorithms have shown promise in route planning, they face significant limitations in computational efficiency and accuracy, particularly when addressing large-scale problems with complex constraints. Here, we propose an Attention-Enhanced Deep Reinforcement Routing Network (ADRNet), a deep reinforcement learning framework that integrates an attention mechanism to optimize route planning for autonomous delivery fleets. By encoding customer attributes — time windows, demands and locations — into a vectorized representation and leveraging the Actor–Critic architecture, ADRNet refines policy optimization under intricate constraints. The model incorporates improved reward and state transition functions, enabling efficient learning of optimal routing strategies. Experimental validation demonstrates that ADRNet achieves robust route optimization across diverse VRPTW scenarios, significantly enhancing delivery efficiency while maintaining consistent convergence. However, its computational efficiency in large-scale settings presents a challenge, highlighting the need for further refinement. Future efforts will focus on advancing the model’s scalability and extending its applicability to dynamic and real-time logistics environments."
https://openalex.org/W4416143740,Guest Editorial: Enhancing Safety in Connected Automated Vehicles (CAVs) for Mixed Traffic Environments,2025,https://doi.org/10.1049/itr2.70091,IET Intelligent Transport Systems,"Intelligent transportation systems (ITS) leverage information and communication technologies to enhance the efficiency, safety, and sustainability of road transportation. Connected vehicles play a crucial role in ITS as they enable communication with other vehicles and infrastructure, facilitating more efficient traffic management and safer driving experiences. They can provide real-time traffic information to help drivers avoid congestion and accidents, as well as navigation and route planning recommendations. Additionally, it can communicate with traffic signal equipment to optimise signal timing, reducing wait times and queue lengths. Implementation of connected vehicles in intelligent transportation systems will revolutionise the way we drive. However, many challenges need to be addressed to achieve maximum potential, including privacy and security issues, data processing and storage, the development of standards and regulations across all platforms, and the establishment of new communication protocols and system architectures. This Special Issue on Enhancing Safety in Connected Automated Vehicles (CAVs) for Mixed Traffic Environments of the IET INTELLIGENT TRANSPORT SYSTEMS presents recent progress in theories, methods, and applications addressing safety-critical challenges in autonomous and intelligent transportation systems. After a rigorous peer-review process, 12 papers were selected from a wide range of international submissions. The accepted papers are grouped into seven principal research themes, each reflecting a key aspect of the Special Issue's scope. The research in ‘A Lightweight Social Cognitive Risk Potential Field Model for Path Planning with Dedicated Dynamic and Static Traffic Factors’ addresses the issue of dependable risk assessment in autonomous driving by presenting a lightweight social cognitive risk potential field model derived from Coulomb's law. The model combines both static and dynamic traffic variables, including mass, velocity, acceleration, heading angle, and road boundaries, while reducing undetermined variables by 36%–50% relative to existing models. The model demonstrated high reliability and logical classification of factors through parametric and sensitivity analyses. Integrated with a model predictive controller, it proficiently enabled safe path planning in both static and dynamic environments, surpassing traditional risk field models in generating safer and more flexible driving trajectories. In ‘Safe Passage Strategy with Swarm Intelligence for CAVs in Urban Road Heterogeneous Traffic Flow Using Standard Alliance Game’, the issue of safe navigation for connected automated vehicles within diverse traffic conditions is addressed by proposing a cooperative control strategy based on a standard alliance game. Each vehicle is considered a player, with payoffs reflecting safety, fairness, and efficiency. Three interaction protocols are established to direct decision-making. The methodology addresses multi-vehicle conflicts through conflict decoupling and classification, enabling distributed control among human-driven vehicles. Simulations demonstrate that the strategy enhances safety, maintains robust control, and improves traffic efficiency by at least ten % with robust performance in low-density, high-penetration environments. ‘Decision Making Improvement based on the Ahead Traffic Flow during the Lane Change Manoeuvre via Model Predictive Control’ aims to enhance decision-making for lane change manoeuvres by integrating the effect of forward traffic flow with the independent decisions of adjacent drivers. The authors present a model predictive control system that incorporates microscopic and macroscopic traffic models to identify safe target points and optimal manoeuvre timing. This dual-unit decision-making system enables adaptive trajectory planning that considers changing traffic conditions, thereby avoiding crashes during complex manoeuvres. The simulation outcomes in IPG CarMaker (a vehicle dynamics and traffic scenario simulation platform developed by IPG Automotive) demonstrate the algorithm's robustness and adaptability, demonstrating its capacity to generate safe and collision-free routes. This method indicates advancement toward more reliable and secure automated lane changes. ‘Trajectory Optimization for Automated Vehicles of Different Cooperation Classes Using Reinforcement Learning at a Signalized Intersection’ employs reinforcement learning to solve the problem of trajectory optimisation for cooperative automated driving systems at signalised intersections. A deep deterministic policy gradient strategy is used to describe multiple cooperation classes among vehicles, moving beyond the assumption of uniform cooperation. The framework integrates state, action, and reward structures to generate real-time optimal trajectories. Simulation findings in the Simulation of Urban Mobility (SUMO) demonstrate over 50% reductions in travel delay and stop times compared to human-driven baselines, highlighting the method's robustness, adaptability, and practical viability. ‘Safety-Critical Kinematically-Executable Overtake Planning via Contingency Path-Speed Iterative Algorithm for Automated Valet Parking’ develops a safety-critical contingency path-speed iterative algorithm for overtaking in automated valet parking (AVP). The method introduces curvature and contour constraints, incorporates multi-modal obstacle prediction probabilities, and leverages historical trajectories to reduce low-speed stochasticity. Compared with EM Planner, it provides smoother, collision-free trajectories with reduced speed oscillations. Simulations and on-road experiments verify superior overtaking safety and performance. The work advances probabilistic planning for AVP, providing practical insights for safer and more reliable low-speed autonomous driving in parking environments. In ‘Evaluation of Automated Driving Safety in Urban Mixed Traffic Environments’ the safety evaluation in mixed traffic, which includes both autonomous and human-driven cars, is explored. A multi-agent simulator and VISSIM to calculate safety indicators and risk rankings for urban roads were used. The findings emphasise poor safety at unsignalised intersections, roundabouts, and parking lots, which is primarily attributable to automated vehicles (AVs) spacing behaviour and manually driven vehicles unpredictability. This work shows that targeted evaluation can identify high-risk road infrastructures and benefit improvements in design, laws, and AV driving techniques, resulting in safer integration. ‘Fault-Tolerant Robust Output-Feedback Control of a Vehicle Platoon Considering Measurement Noise and Road Disturbances’ discusses fault-tolerant control for heterogeneous electric vehicle platoons that are affected by measurement noise, external disturbances, and actuator problems. A Kalman filter is used in the design of a static output feedback controller to estimate and minimise adverse effects such as road slope, rolling resistance, wind, and engine failures. The framework enhances resilience, maintains platoon stability, and improves safety in uncertain situations. The simulation and experimental results show effective cohesion, reliability, and energy efficiency, demonstrating the approach's potential for future intelligent transportation systems. ‘Lane-Changing-Enabled Eco Approach Control for Autonomous Vehicles at a Signalized Intersection in Mixed Traffic Environment’ introduces an Eco (eco-driving) approach control technique with lane-changing capabilities for autonomous cars at signalised intersections. A hierarchical receding horizon control system utilises mixed vehicle platoon modelling and a model predictive controller to optimise lane choice and speed profiles, taking into account traffic signals, queues, and nearby vehicles. The simulations demonstrate significant reductions in fuel consumption and trip delay. The proposed approach outperforms traditional eco-driving and car-following strategies, improving both energy efficiency and traffic flow in urban areas. In ‘The Joint Impact of Traffic Signal Control and Automated Vehicles on Traffic Efficiency, Safety and Emissions: A Deep Reinforcement Learning Approach’, it is investigated how deep reinforcement learning (DRL)-based traffic signal regulation, when combined with automated vehicles, affects intersection efficiency, safety, and emissions. Using calibrated real-world driving behaviours and rigorous statistical analysis, this article addresses gaps in prior studies. The results show that reinforcement learning (DRL)-based control outperforms fixed-time and actuated systems in terms of reducing emissions, congestion, and conflicts. Automated vehicles enhance these benefits, underscoring the potential of this integration to deliver safer, cleaner, and more efficient urban traffic management. ‘A Dynamic Emergency Lane Clearing Method for Urban Roads Considering Vehicle Turning Information in a Connected Vehicle Environment’ presents a dynamic emergency lane-clearing strategy for connected vehicle environments that enables the timely passage of emergency vehicles on congested urban roads. A bi-level optimisation framework is established, integrating an enhanced A* algorithm with vehicle turning information to provide efficient lane change trajectories, alongside a mixed-integer nonlinear programming model to determine optimal clearance trigger points. Numerical experiments indicate significant enhancements, including a 50% decrease in deceleration time and a 45% reduction in the number of affected vehicles, demonstrating the approach's efficacy and flexibility. Article ‘DCSTNet: A Dual-Channel Spatio-Temporal Information Fusion Network for Map-Free Vehicle Trajectory Prediction’ proposes DCSTNet, a dual-channel spatiotemporal information fusion framework designed for vehicle trajectory prediction, specifically for scenarios without high-definition maps. The model enhances feature extraction efficiency and increases prediction precision by decoupling temporal and spatial interaction modules using a transformer-based encoder. Validation of the Argoverse dataset reveals that DCSTNet outperforms numerous map-based methodologies, demonstrating exceptional adaptability in complex traffic scenarios. Ablation and sensitivity analysis further validate its robustness, underscoring the potential of this approach to enhance the safety of autonomous driving systems. ‘Facets of Security and Safety Problems and Paradigms for Smart Aerial Mobility and Intelligent Logistics’ investigates the security and safety challenges of deploying unmanned aerial vehicles (UAVs) in smart mobility and intelligent logistics ecosystems. It highlights cognitive, cyber, and cataclysmic intelligence frameworks as the basis for UAV operation, addressing risks from communication vulnerabilities, cyberattacks, and collisions. The results demonstrate the importance of explainable artificial intelligence (AI), blockchain, and zero-trust architecture in enhancing transparency, data protection, and governance. By integrating these paradigms, the article identifies pathways for the safer and more sustainable adoption of UAVs, thereby expanding innovative logistics capacity. The papers selected for this Special Issue demonstrate the extensive range of contemporary research focused on the safety and reliability of connected and autonomous vehicles in mixed traffic situations. The contributions encompass optimisation algorithms and decision support frameworks for path planning, cooperative control, and trajectory optimisation, as well as modelling and control of vehicle platoons, safety assessment via simulation, and eco-driving strategies at intersections. The variety of the collected works highlights progress in testing and verification for intelligent traffic systems, novel techniques for motion prediction, and security issues in smart logistics. These studies collectively provide novel insights and pragmatic guidance for enhanced safety and intelligence in transportation networks. We would like to express our appreciation to all authors who submitted to this special issue and to the experienced reviewers who played a crucial role in the review process. We like to express our profound gratitude to the Editor-in-Chief and Peer-Review Support Specialist of IET INTELLIGENT TRANSPORT SYSTEMS, as well as the entire editorial team, for their help and direction in managing this Special Issue. Dr Chao Huang, Senior Lecturer, The University of Adelaide, Australia. Dr Chao Huang is a senior lecturer at the School of Electrical and Mechanical Engineering, University of Adelaide. Prior to UofA, she was a research assistant professor at the Department of Industrial and Systems Engineering, The Hong Kong Polytechnic University (PolyU), from August 2021 to July 2025. She received her Ph.D. degree from the University of Wollongong, Australia, in 2018. She received her Bachelor of Automation from the China University of Petroleum (Beijing), China. Dr Chao Huang is the author/co-author of more than 100 papers in conferences, book chapters, and journals, with a significant number of them falling under the areas of mechanical engineering, civil engineering, electrical engineering, transportation science, aerospace engineering, computer science, and robotics. Dr Huang is currently serving as an associate editor in Engineering Applications of Artificial Intelligence, IEEE Transactions on Consumer Electronics, IEEE Transactions on Intelligent Vehicles, IEEE Transactions on Transportation Electrification, IEEE Women in Engineering Magazine, International Journal of Control, Automation and Systems (IJCAS), and IET Intelligent Transport Systems. Dr Igal Bilik, Associate Professor, School of Electrical and Computer Engineering, Ben-Gurion University of the Negev, Israel. Dr Igal Bilik received B.Sc., M.Sc., and Ph.D. degrees in electrical and computer engineering from the Ben-Gurion University of the Negev, Beer Sheva, Israel, in 1997, 2003, and 2006, respectively. During 2006–2008, he was a postdoctoral research associate in the Department of Electrical and Computer Engineering at Duke University, Durham, NC. During 2008–2011, he was an Assistant Professor in the Department of Electrical and Computer Engineering at the University of Massachusetts, Dartmouth. During 2011-2019, he was a staff researcher at GM Advanced Technical Centre, Israel. Since October 2020, Dr Bilik has been an Assistant Professor in the School of Electrical and Computer Engineering at the Ben-Gurion University of the Negev. He is a member of the IEEE AESS Radar Systems Panel Committee and the chair of the Civilian Radar Committee. Since 2025 he has been a member of the IEEE VTS Committee on Autonomous Vehicles and of the steering committee of the IEEE Autonomous Systems Initiative. Dr Bilik serves as the Chair of the IEEE Vehicular Technology Chapter in Israel, Vice-Chair of IEEE Transactions on Aerospace and Electronic Systems and chairs the Autonomous and Connected Transportation Committee at the Israeli Centre for Smart Mobility Research. He served as an Associate Editor (AE) for the IEEE Transactions on Aerospace and Electronic Systems during 2020–2024 and is currently an Associate Editor in Chief (AEiC) for these transactions. He has been an AE of the IEEE Sensors and IEEE TRS since 2022 and a member of the Transactions on Radar Systems Editorial Committee. Dr Bilik has more than 240 patent inventions, has authored more than 100 peer-reviewed academic publications, and has received the Best Student Paper Awards at the IEEE RADAR 2005 and IEEE RADAR 2006 Conferences, the Student Paper Award at the 2006 IEEE 24th Convention of Electrical and Electronics Engineers in Israel, the GM Product Excellence Recognition in 2017, the IEEE AESS Industrial Innovation Award 2024, and the IEEE AESS Distinguished Lecturer 2025–2027. Professor Beatriz López Boada, Professor, Universidad Carlos III de Madrid Leganes, Spain. Prof. Beatriz L. Boada received the industrial engineering and doctoral degrees from the Universidad Carlos III de Madrid (UC3M), Madrid, Spain, in 1996 and 2002, respectively, where she is currently a full professor with the mechanical engineering department. From 1997 to 2002, she was a research assistant with the Department of Systems and Automation Engineering, UC3M. She was with localisation and mapping problems in the field of robotics. She is co-responsible for the Research Group Advanced Vehicle Dynamics and Mechatronic Systems. Her research interests include intelligent vehicles, both autonomous and motorised, and control of vehicles in vertical and lateral dynamics, magnetorheological dampers, uncertainty modelling, and estimation of mechanical systems. Since 2021, she has been among the 2% of the world's most cited in my respective field (vehicle dynamics), according to the Ranking of World Scientists carried out by the University of Stanford. Dr Yue Huang, Research Scientist, CSIRO's Data 61, Australia. Dr Yue Huang is a research scientist at CSIRO's Data61 whose work focuses on human-centred approaches to cybersecurity, privacy, and human-computer interaction (HCI). She holds a Ph.D. in Electrical and Computer Engineering from the University of British Columbia, where her dissertation examined users’ understanding, concerns, and strategies regarding private information sharing. Her research explores mental models, decision-making processes, and privacy challenges across technologies such as IoT devices, cryptocurrencies, and smartphones, and she has led projects on scams, vulnerable populations, quantum technologies, and cybersecurity games. Her work has been published in top venues, including ACM CHI, CSCW, USENIX Security, SOUPS, and IEEE S&P, and recognised with awards such as an Honourable Mention at CHI 2020 and CSIRO's Early Career in Science Award in 2025."
https://openalex.org/W4285205789,Double Lane Change Path Planning Using Reinforcement Learning with Field Tests,2022,https://doi.org/10.3311/bmezalazone2022-014,,"Performing dynamic double lane-change maneuvers can be a challenge for highly automated vehicles. The algorithm must meet safety requirements while keeping the vehicle stable and controllable. The problem of path planning is numerically complex and must be run at a high refresh rate. The article presents a new approach to avoiding obstacles for autonomous vehicles. To solve this problem, a geometric path generation is provided by a single-step continuous Reinforcement Learning (RL) agent. At the same time, a model-predictive controller (MPC) handles the lateral control to perform the dual lane-change maneuver. The task of the learning agent in this architecture is optimization. It is trained for different scenarios to provide geometric route planning parameters at the output of a neural network. During training, the goodness of the generated track is evaluated using an MPC controller. A hardware architecture was developed to test the local planner on a test track. The real-time operation of the planner has been proven. Its performance has also been compared to human drivers."
https://openalex.org/W7163812365,End-to-End Deep Reinforcement Learning Approach for Urban Autonomous Driving Path Planning,2025,https://doi.org/10.64972/jaat.2025v3.214p26e:348-361,Journal of Applied Automation Technologies,"Deep Reinforcement Learning (DRL) is a general framework for end-to-end autonomous urban driving. It combines perception, planning, and control. Research on end-to-end deep reinforcement learning (DRL) path planning in complex urban environments, addressing issues such as moving obstacles, irregular traffic conditions, and dynamic environments. A framework has been introduced that combines convolutional neural networks and graph neural networks to create inputs for feature extraction and relational reasoning. The framework will simultaneously use multiple sensors, such as LiDAR point clouds, RGB camera images, and vehicle telemetry data. By using the Proximal Policy Optimization algorithm, a decision-making system with an actor-critic architecture was constructed to achieve continuous control and stable policy updates. The experiments used high-fidelity simulators to create scenarios from the CARLA and NuScenes datasets, simulating various traffic and weather conditions. This method outperforms traditional graph-based planners and recent learning-based baselines. The average route completion time is 102 seconds (compared to 125 seconds for A*), the normalized path length variance is reduced, and the median collision rate per episode is only 0.8 times. Ablation studies indicate that graph feature modeling and reward shaping are crucial for good generalization and safety. For supporting adaptive, collision-free, and interpretable real-world urban deployments, a well-designed deep reinforcement learning framework can significantly enhance the efficiency and reliability of urban autonomous vehicle navigation."
https://openalex.org/W7161138171,Hybrid Graph Neural Network Model for Energy-efficient Route Planning in Autonomous EV Mobility Networks,2026,https://doi.org/10.1109/ictmim68190.2026.11507547,,"A major challenge in autonomous electric vehicle mobility networks is the optimisation of a renewable energy route, which is affected by varying traffic conditions, complex road layouts and constraints on battery size. The traditional shortest-path and rule-based routing techniques are not tailored enough to solve these related problems for energy efficient but short EV routes. In this paper, we propose a hybrid model for representing road networks by energy-aware graphs and inferring optimal routing decisions with spatial representation learning and physics-guided energy inductive modelling. The proposed system integrates the junction, edge and global attributes such as traffic congestion and route geometry with vehicle energy dynamics. A coherent optimization methodology enables to compose routes on-the-fly reacting to the mobility variations. Experimental results show that the proposed approach achieves superior performance, with 98.7 % accuracy,$\mathbf{9 8. 7 \%}$F1-score and a low RMSE of$\mathbf{0. 0 4 1}$, outperforming traditional routing, reinforcement learning and independent graph-based learning models. The outcomes confirm that the incorporation of graph neural networks to ecacy-aware decision making significantly helps in perfecting optimal routes and reducing overall energy consumption. This work presents a scalable and adaptable solution for autonomous electric vehicle (EV) tracking, and supports greener intelligent transportation systems."
https://openalex.org/W4405722201,A Navigation Algorithm Based on the Reinforcement Learning Reward System and Optimised with Genetic Algorithm,2024,https://doi.org/10.3390/math12244030,Mathematics,"Regarding autonomous vehicle navigation, reinforcement learning is a technique that has demonstrated significant results. Nevertheless, it is a technique with a high number of parameters that need to be optimised without prior information, and correctly performing this is a complicated task. In this research study, a system based on the principles of reinforcement learning, specifically on the concept of rewards, is presented. A mathematical expression was proposed to control the vehicle’s direction based on its position, the obstacles in the environment and the destination. In this equation proposal, there was only one unknown parameter that regulated the degree of the action to be taken, and this was optimised through the genetic algorithm. In this way, a less computationally expensive navigation algorithm was presented, as it avoided the use of neural networks. The controller’s time to obtain the navigation instructions was around 6.201·10−4 s. This algorithm is an efficient and accurate system which manages not to collide with obstacles and to reach the destination from any position. Moreover, in most cases, it has been found that the proposed navigations are also optimal."
https://openalex.org/W4402570247,LI2: A New Learning-Based Approach to Timely Monitoring of Points-of-Interest With UAV,2024,https://doi.org/10.1109/tmc.2024.3461708,IEEE Transactions on Mobile Computing,"Unmanned aerial vehicles (UAVs) play a critical role in disaster response, swiftly gathering information from various points-of-interest (PoIs) across extensive areas. The freshness of this information is measured by the age of information (AoI), representing the time since the latest information acquisition of a specific PoI. However, devising AoI-minimizing routes for UAVs in obstructed post-disaster environments poses unique challenges that have yet to be fully overcome. Obstacles, like post-disaster barriers, can impede direct flight paths between PoIs, and limited battery life requires energy-conscious route planning. Additionally, existing solutions fail to universally minimize varying data freshness requirements. This research addresses the AoI-driven UAV travel problem, seeking to establish periodic routes that optimize AoI metrics while considering energy and general graph constraints. We develop a learning-based algorithm to enhance the current route iteratively, utilizing guidance from a deep reinforcement learning (DRL) agent and executing a series of operations to potentially decrease AoI while adhering to topological and energy constraints. The algorithm is validated on real post-disaster datasets, demonstrating significant improvements in various AoI metrics compared to other learning-based approaches. Furthermore, our algorithm outperforms approximation algorithms and can approach the global optimum when tailored to existing AoI-minimizing problems."
https://openalex.org/W4407359936,A Novel Method that Considers Dynamic Weather and Energy Efficiency for Adaptive Uav Routing Planning,2025,https://doi.org/10.2139/ssrn.5131756,SSRN Electronic Journal,
https://openalex.org/W7164738458,DTR-DDQN: A Reinforcement Learning Framework for Delay-Tolerant Joint Path Selection and Task Offloading,2026,https://doi.org/10.1007/978-981-95-4897-2_10,Lecture notes in electrical engineering,
https://openalex.org/W7138940526,Hovering and Recharging Route Planning for Cooperative UAV-Assisted Data Gathering in WSNs,2025,https://doi.org/10.1109/globecom59602.2025.11431976,,"Unmanned Aerial Vehicles (UAVs) are increasingly deployed for time-sensitive data gathering in wireless sensor networks (WSNs). Limited onboard energy and buffer capacities, however, present major challenges for mission continuity and service coverage. This paper proposes a two-tier UAV deployment (2T-UAV) scheme with a cooperative design of two UAV roles: mission-oriented UAVs are responsible for collecting prioritized data, and ferry-oriented UAVs provide in-air energy charging and buffer offloading services. The 2T-UAV mechanism determines a mission-oriented UAV’s hovering routes by a Weighted Traveling Salesman Problem (W-TSP) method with an importance factor of data urgency. In addition, the 2T-UAV scheme develops a Nonlinear Least Squares-based Route (NLLSR) method for optimizing ferry-oriented UAV’s recharging routes. After extensive simulation with both synthetic and real-world map scenarios, performance examination shows that the 2T-UAV scheme significantly reduces mission time, energy consumption, and packet drop rate in comparison with several geometry-based, TSP-based, and reinforcement learning-based methods. Results highlight the feasibility and benefits of mission- and ferry-UAV cooperation and enhanced route planning methods for efficient data collection in next-generation UAV-assisted WSNs."
https://openalex.org/W7117133640,Enhancing Smart Agriculture Based on UAV-Assisted Spraying Route Planning Optimization,2025,https://doi.org/10.58346/jisis.2026.i1.009,Journal of Internet Services and Information Security,"Agriculture is the efficient use of different technologies and methods to cultivate land, raise crops, and rear animals to produce food, fuel, fibre, and other necessities for human survival. The application of Unmanned Aerial Vehicle (UAV) technologies to smart farming transforms yield planning, precision spraying, and crop monitoring, resulting in improved resource management and higher production for farmers globally. There is a labor shortage as a consequence of the growing technology that has reduced the number of people working in agriculture. This issue can be resolved with the use of agricultural machinery, such as drones, to spray pesticides. Unfortunately, spraying pesticides in the mountainous orchards is difficult due to the environment, culture, and limitations in operation. The Bellman-Ford technique is used to update the distance estimates until resolution to find the optimal route in weighted elements. We suggest smart agriculture instructing drones to avoid obstructions and choose the most optimal routes for spraying pesticides in an approach that minimizes battery usage, pesticide costs, and operational challenges by fusing reinforcement learning (RL) using the Policy Gradient Method (PG) and the Gaussian filter using data preprocessing. This research conducted experiments using various reward systems, flying direction granularities, and settings to develop a strategy appropriate for slope orchards. When handling path planning problems in complicated contexts, RL works more accurately than the accurate in PG methods."
https://openalex.org/W4385849110,Routing Recovery for UAV Networks with Deliberate Attacks: A Reinforcement Learning based Approach,2023,https://doi.org/10.48550/arxiv.2308.06973,arXiv (Cornell University),"The unmanned aerial vehicle (UAV) network is popular these years due to its various applications. In the UAV network, routing is significantly affected by the distributed network topology, leading to the issue that UAVs are vulnerable to deliberate damage. Hence, this paper focuses on the routing plan and recovery for UAV networks with attacks. In detail, a deliberate attack model based on the importance of nodes is designed to represent enemy attacks. Then, a node importance ranking mechanism is presented, considering the degree of nodes and link importance. However, it is intractable to handle the routing problem by traditional methods for UAV networks, since link connections change with the UAV availability. Hence, an intelligent algorithm based on reinforcement learning is proposed to recover the routing path when UAVs are attacked. Simulations are conducted and numerical results verify the proposed mechanism performs better than other referred methods."
https://openalex.org/W7160637639,"Deep Reinforcement Learning for Cooperative Intelligent Transportation Systems: A Survey on Architecture, Use Cases, and Future Directions",2026,https://doi.org/10.1109/tits.2026.3683551,IEEE Transactions on Intelligent Transportation Systems,"The emergence of Cooperative Intelligent Transportation Systems (C-ITS) has revolutionized urban mobility by enabling seamless collaboration among vehicles, infrastructure, and individuals to improve traffic management, safety, and efficiency. Deep Reinforcement Learning (DRL) has become a key technology in this ecosystem, empowering autonomous agents to make real-time decisions that optimize traffic flow, reduce congestion, and enhance road safety. Although many surveys on Intelligent Transportation Systems (ITS) either overlook cooperative aspects or primarily emphasize security, this paper bridges the gap by examining the diverse applications of DRL in C-ITS. It examines critical areas such as traffic signal control, AV coordination, route planning, and human-vehicle interaction. The study also traces the evolution of DRL algorithms, their adaptation to transportation challenges, and their integration with cutting-edge projects and standards. Additionally, the paper provides a comprehensive analysis of current research trends, identifying achievements, unresolved challenges, and future directions in the field. By synthesizing existing literature and highlighting the synergy between DRL and C-ITS, this survey serves as a valuable resource for researchers, policymakers, and industry professionals striving to develop intelligent, cooperative, and sustainable transportation systems. The insights offered aim to guide advancements in this rapidly growing domain, fostering innovation and practical implementation."
https://openalex.org/W3213249460,Implementation of SUMO Simulation for Comparison of CVRP,2021,https://doi.org/10.1109/ies53407.2021.9594001,,"With the rapid increase in human density, development, and mobility in urban areas, the need for logistics distribution systems is increasing which is an important part of connecting industries with their consumers. Thus, route planning is an important thing for the industry. Therefore, this paper proposes a comparison of several vehicle routing problems algorithms and test the routes that have been obtained on a simulation system based on real conditions. Our proposed algorithm consists of Mixed Integer Linear Programming (MILP), Clarke-Wright and Reinforcement Learning algorithm using Markov Decision Process. Digital maps, customer data and route planning results will be converted into a SUMO simulation. We compare the performance of the algorithm with parameters consisting of the number of routes, distance traveled, computation time and simulation time. The experimental results show that the MILP algorithm has the best performance with the most optimal route results, but other algorithms have a lower computation time."
https://openalex.org/W4402702383,Efficient Path Planning for Large-Scale Vehicular Networks via Multi-agent Mean Field Reinforcement Learning,2024,https://doi.org/10.1007/978-981-97-7001-4_16,Communications in computer and information science,
https://openalex.org/W7136165686,Generalizing Autonomous Navigation via Human-Guided Diffusion Policies with Adversarial Reinforcement Learning,2025,https://doi.org/10.1109/itsc60802.2025.11423599,,"To address the challenges of autonomous vehicle navigation in dynamic and complex environments-particularly in LiDAR-free and low-cost settings-this study proposes an online adversarial reinforcement learning (RL) framework that integrates real-time human guidance with diffusion-based policies. Unlike prior diffusion RL works, our method enables stable online training of diffusion policies by leveraging human guidance to stabilize data distribution and improve early-stage exploration. Furthermore, adversarial training is introduced to enhance robustness and generalization in dynamic multi-task scenarios. The framework uses only onboard cameras without reliance on prior maps or expensive sensors, allowing for costeffective deployment. Experimental results demonstrate that our approach substantially enhances adaptability and multi-task generalization, outperforming state-of-the-art baselines in training efficiency, success rate, and safety across various dynamic and complex environments."
https://openalex.org/W4400726936,Behavioral decision-making for autonomous driving using Soft Actor-Critic algorithm,2024,https://doi.org/10.1109/ccdc62350.2024.10588017,,"In recent years, the advancement of artificial intelligence has significantly influenced the enhancement of automatic driving technology. Decision-making in autonomous vehicle driving behavior, based on reinforcement learning algorithms, often encounters challenges such as low sampling efficiency, prolonged learning times, and suboptimal driving stability. This paper introduces a model for automatic driving decision-making utilizing a Soft-Actor-Critic (SAC) based reinforcement learning algorithm, with the goal of achieving safe and autonomous vehicle navigation. The proposed Actor Refinement Network seeks to enhance driving stability within the model. Experimental validation of the SAC-based algorithm was performed on the Torcs autonomous driving simulation platform. Results indicate robust performance and notable generalization ability of the SAC algorithm model in the domain of autonomous driving behavioral decision-making. To further bolster vehicle stability, the output of the Actor network underwent refinement and functional verification on the simulation platform."
https://openalex.org/W7164311494,Multi-Agent Deep Reinforcement Learning for Efficient EV Routing and Intelligent Charger Allocation in Smart Cities,2026,https://doi.org/10.1109/qpain69676.2026.11546085,,"The road power system networks are getting strained due to the quickly growing electrification of city transportation especially electric vehicle-based transportation. This research presents an integrated framework utilizing multiagent deep reinforcement learning (MADRL) to concurrently optimize electric vehicle route planning and charging station selection. Each electric vehicle (EV) is shown as an autonomous agent proficient in acquiring real-time decision-making about route selection, charger selection, and charging level. We use a centralized-training and decentralized-execution (CTDE) architecture with Multi-Agent Proximal Planning Optimization (MAPPO). The investigation outcomes are shows that the recommended strategy decrease average travel time by 21.8%, average charging costs by 32.5%, and peak transformer loads by 18.5 percent when compared to conventional routing and nearest-charger strategies. The results outcomes are helping to work with smart charging and vehicle-to-grid (V2G) systems in the future."
https://openalex.org/W4409273568,A Novel Method that Considers Dynamic Weather and Energy Efficiency for Adaptive Uav Routing Planning,2025,https://doi.org/10.2139/ssrn.5209335,SSRN Electronic Journal,
https://openalex.org/W3127322693,Automated Lane Change Strategy using Proximal Policy Optimization-based Deep Reinforcement Learning.,2020,,,"Lane-change maneuvers are commonly executed by drivers to follow a certain routing plan, overtake a slower vehicle, adapt to a merging lane ahead, etc. However, improper lane change behaviors can be a major cause of traffic flow disruptions and even crashes. While many rule-based methods have been proposed to solve lane change problems for autonomous driving, they tend to exhibit limited performance due to the uncertainty and complexity of the driving environment. Machine learning-based methods offer an alternative approach, as Deep reinforcement learning (DRL) has shown promising success in many application domains including robotic manipulation, navigation, and playing video games. However, applying DRL to autonomous driving still faces many practical challenges in terms of slow learning rates, sample inefficiency, and safety concerns. In this study, we propose an automated lane change strategy using proximal policy optimization-based deep reinforcement learning, which shows great advantages in learning efficiency while still maintaining stable performance. The trained agent is able to learn a smooth, safe, and efficient driving policy to make lane-change decisions (i.e. when and how) in challenging situation such as dense traffic scenarios. The effectiveness of the proposed policy is validated by using metrics of task success rate and collision rate. The simulation results demonstrate the lane change maneuvers can be efficiently learned and executed in a safe, smooth and efficient manner."
https://openalex.org/W4413238076,A Hybrid Deep Reinforcement Learning Framework for Uav-Based Railway Inspection with Deepseek Integration,2025,https://doi.org/10.2139/ssrn.5385351,SSRN Electronic Journal,
https://openalex.org/W4402811873,TRAVEL: Deterministic Transmission Scheduling for Satellite-Terrestrial Integrated Networks,2024,https://doi.org/10.1109/iccc62479.2024.10682000,,"In this paper, we investigate a deterministic transmission scheduling problem for satellite-terrestrial integrated networks (STIN), in which satellite networks supplement terrestrial networks endowed with deterministic mechanisms (e.g., cycle specified queuing and forwarding) to improve scheduling success ratio and reduce overall transmission delay (i.e., network revenue) while maintaining users’ quality of service (QoS). We propose a fixed-mobile-satellite integrated architecture and formulate the transmission scheduling problem as a two-hierarchical routing and queuing problem. Then, a deep reinforcement learning-based Transient Routing And Varied quEue aLgorithm (TRAVEL) is developed to address the two-hierarchical decision problem. Specifically, according to the intrinsic properties of routing and queuing, we decouple the decision problem into two sub-problems, namely route planning at the macro level and queue selection at the micro level. The proposed TRAVEL can realize efficient decision making to perform the differential transmission scheduling of intricate tasks. Simulation results demonstrate that the TRAVEL delivers robust and effective performance, thereby enhancing network operation revenue in terms of different traffic proportion."
https://openalex.org/W7169633426,Autonomous UAV Route Planning for Coverage Maximization in Environmental Monitoring: A Systematic Literature Review,2026,,arXiv (Cornell University),"Environmental monitoring with unmanned aerial vehicles (UAVs) requires route planning methods that maximize covered area while handling energy limits, operational constraints, and geometric complexity. This paper reports the protocol and preliminary results of an ongoing systematic literature review (SLR) on autonomous UAV route planning for coverage-oriented environmental monitoring. The review follows the PRISMA 2020 framework and searches Scopus and Web of Science for studies published between 2015 and 2026. The protocol focuses on path planning, coverage path planning, and informative path planning, with emphasis on algorithmic families, coverage and energy metrics, obstacle handling, geometric environment representations, and environmental constraints. At the current stage, 562 records have been identified, 161 duplicates have been removed, and 401 unique records have been screened by title, abstract, and keywords. From these, 247 studies were retained for full-text eligibility assessment (235 eligible and 12 borderline records to be resolved during full-text review). A preliminary analysis of the retained studies suggests strong concentration on coverage-oriented formulations, multi-UAV coordination, and energy-aware optimization, while fewer studies explicitly address weather, uncertainty, or obstacle-rich environments. Most retained studies rely on simulation-based validation, highlighting a potential simulation-to-reality gap, and recent publications show increasing interest in reinforcement learning, hybrid optimization, and geometry-aware planning. These early findings indicate an active but fragmented research landscape and support the need for a structured synthesis to identify mature techniques and unresolved gaps for realistic environmental monitoring missions."
https://openalex.org/W7168584294,Autonomous UAV Route Planning for Coverage Maximization in Environmental Monitoring: A Systematic Literature Review,2026,https://doi.org/10.48550/arxiv.2607.13054,arXiv (Cornell University),"Environmental monitoring with unmanned aerial vehicles (UAVs) requires route planning methods that maximize covered area while handling energy limits, operational constraints, and geometric complexity. This paper reports the protocol and preliminary results of an ongoing systematic literature review (SLR) on autonomous UAV route planning for coverage-oriented environmental monitoring. The review follows the PRISMA 2020 framework and searches Scopus and Web of Science for studies published between 2015 and 2026. The protocol focuses on path planning, coverage path planning, and informative path planning, with emphasis on algorithmic families, coverage and energy metrics, obstacle handling, geometric environment representations, and environmental constraints. At the current stage, 562 records have been identified, 161 duplicates have been removed, and 401 unique records have been screened by title, abstract, and keywords. From these, 247 studies were retained for full-text eligibility assessment (235 eligible and 12 borderline records to be resolved during full-text review). A preliminary analysis of the retained studies suggests strong concentration on coverage-oriented formulations, multi-UAV coordination, and energy-aware optimization, while fewer studies explicitly address weather, uncertainty, or obstacle-rich environments. Most retained studies rely on simulation-based validation, highlighting a potential simulation-to-reality gap, and recent publications show increasing interest in reinforcement learning, hybrid optimization, and geometry-aware planning. These early findings indicate an active but fragmented research landscape and support the need for a structured synthesis to identify mature techniques and unresolved gaps for realistic environmental monitoring missions."
https://openalex.org/W4307720091,LifeGuard: An Improvement of Actor-Critic Model with Collision Predictor in Autonomous UAV Navigation,2022,https://doi.org/10.1080/08839514.2022.2137632,Applied Artificial Intelligence,"The needs for autonomous unmanned aerial vehicle navigation (AUN) have been emerging for recent years due to the growth of the logistic industry and the need for social distancing during the pandemic. There have been different methods trying to overcome the AUN task, and most of them have focused on deep reinforcement learning (DRL). But the results were still far from satisfactory, and even if the result was good, the environment was usually too trivial and simple. We report in this paper one of the causes of low success rate for AUN in our previous work, which is the apprehensive behavior of agents. After numerous episodes of training, when the agent faces risky scenes, it often moves back and forth repeatedly until running out of the limited steps. Hence, in this paper, we propose a new role, LifeGuard, into the popular DRL model, Actor-Critic, to tackle the apprehensive behavior and expect a better success rate. In addition, we developed a pilot method of unsupervised classification for sequential data to further enhance our reward function from previous work, augmentative backward reward function. The experimental results demonstrated that the proposed method can eliminate the apprehensive behavior and gain higher success rates than the state-of-the-art method, FORK, with lesser effort."
https://openalex.org/W7119486054,Asynchronous multithreading reinforcement learning with attention-based significance measurement for collision-free robot navigation,2026,https://doi.org/10.1016/j.engappai.2026.113779,Engineering Applications of Artificial Intelligence,
https://openalex.org/W7138908026,Maximizing Tourist Satisfaction: A Personalized Route Planning Model Based on Multi-objective Q-learning,2026,https://doi.org/10.21203/rs.3.rs-8983391/v1,Research Square,
https://openalex.org/W4413057552,AI-driven smart cyber-physical systems for optimizing supply chain route planning and logistics,2025,https://doi.org/10.1201/9781003542513-4,,"The major barriers while optimizing supply chain route planning and logistics are dynamic instances like shifting inventory levels, traffic jams, and unpredicted supply chain interruptions. To optimize supply chain logistics and route planning, the integration of artificial intelligence (AI) and smart cyber-physical systems (SCPS) is proposed in this research. With the help of the environment, reinforcement learning enables the system to construct decisions based on real-time input feedback, enabling it to modify and enhance continuously. With the help of extensive simulation and analysis, the proposed method shows efficient results in handling complex logistics scenarios with real-time adaptability. The average delivery time, operational expenses, and carbon emissions are reduced by 26.4%, 21.4%, and 21.6%, respectively, whereas the fuel efficiency is increased by 21.3%. This results in enabling flexible and optimal route alterations that minimize delays, lower operating costs, and reinforce the inclusive resilience of the supply chain. Also, the results provide insightful information on how the proposed approach improves the efficiency and sustainability of supply chain systems in the future. Diverse metrics are utilized to validate the efficacy of the proposed model in order to reduce expenses, streamline the logistics, and enhance sustainability."
https://openalex.org/W4405432294,A Novel Method that Considers Dynamic Weather and Energy Efficiency for Adaptive Uav Routing Planning in Emergency Responses,2024,https://doi.org/10.2139/ssrn.5060052,SSRN Electronic Journal,
https://openalex.org/W7134185051,Feature Fusion Attention‐Based Deep Reinforcement Learning for Multidepot O2O Food Delivery Route Optimization,2026,https://doi.org/10.1155/int/3716055,International Journal of Intelligent Systems,"The online‐to‐offline (O2O) business model has facilitated millions of daily transactions on popular online food ordering platforms. Online food delivery route planning presents a complex multidepot vehicle routing problem (VRP) with capacity limits, pickup–delivery, and time‐window constraints. However, the vast volume of transactions and computational complexities of delivery routes pose significant challenges. This paper proposes a novel feature fusion attention‐based deep reinforcement learning model to address such constrained routing problems. The innovative encoding and masking scheme with a self‐attention‐guided order relocation operator efficiently handles multidepot and multiconstraint scenarios. Additionally, incorporating self‐attention with a graph neural network (GNN) framework extends existing research from static unit square environments to dynamic real road networks. Computational experiments demonstrate that our proposed route solver outperforms state‐of‐the‐art heuristics and reinforcement learning methods regarding solution quality and computation time across unit square environments and real road networks. Exploratory analysis using real‐world delivery data a illustrates the applicability of our approach to practical online ordering platforms."
https://openalex.org/W7160519110,ADVANCED DATA ANALYTICS FRAMEWORKS FOR TRANSPORTATION OPTIMIZATION AND ROUTE PLANNING IN LARGE SCALE LOGISTICS OPERATIONS,2024,https://doi.org/10.5281/zenodo.20072941,Zenodo (CERN European Organization for Nuclear Research),"Transportation optimization and route planning have become central challenges in large-scale logistics operations,where rising demand, network complexity, and cost pressures require more intelligent and adaptive decisionmaking systems. At a broader level, traditional optimization approaches such as shortest path algorithms and linearprogramming have provided foundational solutions but are increasingly insufficient in handling real-timevariability, stochastic demand, and dynamic constraints inherent in modern supply chains. The emergence ofadvanced data analytics frameworks, integrating big data, machine learning, and real-time sensor inputs, hastransformed the landscape of logistics optimization by enabling predictive, prescriptive, and adaptive routingstrategies. Narrowing the focus, this study examines the development of scalable analytics frameworks thatcombine graph-based optimization, reinforcement learning, and real-time data streams to enhance route efficiencyand operational performance. These frameworks leverage high-dimensional data sources, including GPS tracking,traffic patterns, weather conditions, and demand forecasts, to dynamically update routing decisions. Theintegration of predictive models with optimization algorithms improves fuel efficiency, reduces delivery timevariability, and enhances resource utilization. Empirical insights suggest that such frameworks significantlyoutperform static routing models by enabling continuous adaptation to network disruptions and demandfluctuations. Overall, advanced data analytics frameworks provide a robust foundation for optimizingtransportation systems, improving resilience, and achieving cost-efficient logistics operations in complexenvironments."
https://openalex.org/W7152559250,Interpretable Naval Control: Reinforcement Learning Policy Distillation for Reasoning-based LLM Agents,2026,https://doi.org/10.48448/v1rq-3q74,Underline Science Inc.,"This abstract outlines a framework for developing intelligent, interpretable control systems by distilling policies from Reinforcement Learning (RL) agents into instruction-tuned Large Language Models (LLMs). We leverage navy-relevant, Gymnasium-compatible simulators, such as gym-sailing, as an initial training testbed. While this specific environment models foundational tasks such as upwind navigation and tacking, the underlying methodology is designed to be scalable and directly applicable to a wide range of more complex, high-stakes naval control systems, including autonomous underwater vehicle navigation and dynamic multi-vessel coordination. We first train an RL agent to act as an ""oracle,"" generating an optimal dataset of state-action trajectories. This data is then used for policy distillation via supervised fine-tuning (SFT) of advanced, instruction-based LLMs, such as Llama 3.1 and Qwen3 of different sizes and quantization, transforming them into specialized reasoning agents capable of real-time, closed-loop control. The advantage of the resulting LLM-based controller is its inherent interpretability. Unlike the opaque RL agent, the LLM can articulate a ""chain-of-thought"" rationale for its control decisions, such as explaining why a specific rudder angle was chosen in relation to wind direction, boat speed, and the target location. These reasoning agents offer high-level insights into the system's functioning, provide actionable strategic recommendations, and excel at generalization. They can adeptly handle dynamic priority switching in multi-objective settings—such as re-tasking from ""maximum speed"" to ""maximum comfort"" or ""avoid new obstacle""—by processing these new objectives as natural language instructions, a feat unachievable by traditional RL agents without costly retraining. This capability has direct and powerful applications for naval personnel training. By integrating these reasoning agents into simulators, trainees can engage in an interactive learning loop, querying the AI ""skipper"" or ""tactical officer"" for its strategy. This transforms the simulator from a simple practice tool into a dynamic, ""explain-by-example"" instructional platform, significantly accelerating skill acquisition & deep strategic understanding. This RL-to-LLM distillation framework is not merely theoretical; it has been successfully validated in other high-stakes, complex domains. As a key proof point, we applied this method to distill policies from a sophisticated multi-agent RL controller responsible for the end-to-end liquid cooling management of HPC systems, such as the Frontier supercomputer. In that case, the distilled LLM controller consistently matched the performance of the original RL policy across key metrics. This approach can also be proven effective in a host of classic OpenAI Gym control environments, demonstrating a robust and generalizable pathway for creating high-performing, interpretable agents from optimized, black-box policies."
https://openalex.org/W7160520670,ADVANCED DATA ANALYTICS FRAMEWORKS FOR TRANSPORTATION OPTIMIZATION AND ROUTE PLANNING IN LARGE SCALE LOGISTICS OPERATIONS,2024,https://doi.org/10.5281/zenodo.20072942,Zenodo (CERN European Organization for Nuclear Research),"Transportation optimization and route planning have become central challenges in large-scale logistics operations,where rising demand, network complexity, and cost pressures require more intelligent and adaptive decisionmaking systems. At a broader level, traditional optimization approaches such as shortest path algorithms and linearprogramming have provided foundational solutions but are increasingly insufficient in handling real-timevariability, stochastic demand, and dynamic constraints inherent in modern supply chains. The emergence ofadvanced data analytics frameworks, integrating big data, machine learning, and real-time sensor inputs, hastransformed the landscape of logistics optimization by enabling predictive, prescriptive, and adaptive routingstrategies. Narrowing the focus, this study examines the development of scalable analytics frameworks thatcombine graph-based optimization, reinforcement learning, and real-time data streams to enhance route efficiencyand operational performance. These frameworks leverage high-dimensional data sources, including GPS tracking,traffic patterns, weather conditions, and demand forecasts, to dynamically update routing decisions. Theintegration of predictive models with optimization algorithms improves fuel efficiency, reduces delivery timevariability, and enhances resource utilization. Empirical insights suggest that such frameworks significantlyoutperform static routing models by enabling continuous adaptation to network disruptions and demandfluctuations. Overall, advanced data analytics frameworks provide a robust foundation for optimizingtransportation systems, improving resilience, and achieving cost-efficient logistics operations in complexenvironments."
https://openalex.org/W4400910498,Cooperative Global Path Planning for Multiple Platforms,2024,https://doi.org/10.1109/icde60146.2024.00030,,"With the development of AI, big data, and mobile communication, intelligent transportation has become popular in recent years. Path planning is a typical topic of intelligent transportation, attracting significant attention from researchers. However, existing studies only focus on the path planning of a single platform, which may lead to unexpected traffic congestion. This is because multiple platforms can provide route planning services, the optimal planning calculated by one single platform may be not good in practice, since multiple platforms may lead the users to the same roads, which causes unexpected traffic congestion. Although in the view of each platform, the planning is optimal. Fortunately, with the rise of data sharing and cross-platform cooperation, the data silos between different platforms are gradually being broken. Based on this, we propose Cooperative Global Path Planning (CG PP) framework to over-come the above shortcoming. CGPP allows the path planning request target platform to send some queries to cooperative platforms to optimize its path planning results. Such queries should be “easy” enough to answer, and the query frequency should be small. Based on the above principle, we design a query decision model based on multi-agent reinforcement learning in CGPP framework to decide the query range and query frequency. We design action and reward specifically for the CGPP problem. Furthermore, we propose the Self-adjusting Query Area algorithm to enhance the precision of query results and the Query Reuse Optimization algorithm to further minimize the number of queries. Extensive experiments on real and synthetic datasets confirm the effectiveness and efficiency of our algorithms."
https://openalex.org/W7140318241,Collaborative route optimization for efficient and constraint-aware express delivery using deep reinforcement learning,2026,https://doi.org/10.1016/j.neucom.2026.133451,Neurocomputing,
https://openalex.org/W4416359482,Are LLMs The Way Forward? A Case Study on LLM-Guided Reinforcement Learning for Decentralized Autonomous Driving,2025,https://doi.org/10.48550/arxiv.2511.12751,arXiv (Cornell University),"Autonomous vehicle navigation in complex environments such as dense and fast-moving highways and merging scenarios remains an active area of research. A key limitation of RL is its reliance on well-specified reward functions, which often fail to capture the full semantic and social complexity of diverse, out-of-distribution situations. As a result, a rapidly growing line of research explores using Large Language Models (LLMs) to replace or supplement RL for direct planning and control, on account of their ability to reason about rich semantic context. However, LLMs present significant drawbacks: they can be unstable in zero-shot safety-critical settings, produce inconsistent outputs, and often depend on expensive API calls with network latency. This motivates our investigation into whether small, locally deployed LLMs (&lt; 14B parameters) can meaningfully support autonomous highway driving through reward shaping rather than direct control. We present a case study comparing RL-only, LLM-only, and hybrid approaches, where LLMs augment RL rewards by scoring state-action transitions during training, while standard RL policies execute at test time. Our findings reveal that RL-only agents achieve moderate success rates (73-89%) with reasonable efficiency, LLM-only agents can reach higher success rates (up to 94%) but with severely degraded speed performance, and hybrid approaches consistently fall between these extremes. Critically, despite explicit efficiency instructions, LLM-influenced approaches exhibit systematic conservative bias with substantial model-dependent variability, highlighting important limitations of current small LLMs for safety-critical control tasks."
https://openalex.org/W4417069254,A Systematic Decade Review of Trip Route Planning with Travel Time Estimation based on User Preferences and Behavior,2025,https://doi.org/10.48550/arxiv.2503.23486,arXiv (Cornell University),"This paper systematically explores the advancements in adaptive trip route planning and travel time estimation (TTE) through Artificial Intelligence (AI). With the increasing complexity of urban transportation systems, traditional navigation methods often struggle to accommodate dynamic user preferences, real-time traffic conditions, and scalability requirements. This study explores the contributions of established AI techniques, including Machine Learning (ML), Reinforcement Learning (RL), and Graph Neural Networks (GNNs), alongside emerging methodologies like Meta-Learning, Explainable AI (XAI), Generative AI, and Federated Learning. In addition to highlighting these innovations, the paper identifies critical challenges such as ethical concerns, computational scalability, and effective data integration, which must be addressed to advance the field. The paper concludes with recommendations for leveraging AI to build efficient, transparent, and sustainable navigation systems."
https://openalex.org/W7162512805,Hierarchical Reinforcement Learning for Large-Scale Heterogeneous UAV Mission Planning via MCTS and Transformer,2026,https://doi.org/10.3390/drones10060414,Drones,"Post-disaster Search and Rescue (SAR) missions demand rapid coordination of Heterogeneous Unmanned Aerial Vehicle (UAV) fleets under stringent payload and flight range limitations. Traditional heuristic solvers struggle to solve the Large-Scale Heterogeneous Team Orienteering Problem (LSH-TOP) within operational time limits due to the coupled complexity of task allocation and route planning. A Hierarchical Deep Reinforcement Learning framework decomposes this high-dimensional combinatorial problem into tractable sub-problems. An upper-level policy, guided by Monte Carlo Tree Search (MCTS), partitions the global target set to balance fleet workload distribution, whereas a lower-level Transformer-based model constructs near-optimal trajectories for individual agents. A Curriculum-Integrated Alternating Cooperative Training (C-ACT) protocol resolves the convergence difficulties associated with sparse feasible solutions in constrained environments. This protocol incorporates a dynamic constraint annealing strategy and a virtual agent buffer to progressively shape the solution space from relaxed to strictly constrained formulations. Experiments conducted on real-world geographic data demonstrate the proposed approach consistently outperforms all baselines across scales of 80 to 300 targets, improving over the strongest competitor by 0.63–8.51% and over conventional heuristics by up to 53.27% in objective value. Results indicate a task completion rate of 27.5% at the 300-target scale (versus 25.1% for the strongest baseline MCTS + OR) and balanced workload distribution, validating framework adaptability to complex emergency response scenarios."
https://openalex.org/W4410830332,"""Solving the Traveling Salesman Problem with Drones Using Proximal Policy Optimization and Deep Reinforcement Learning""",2025,https://doi.org/10.52783/jisem.v10i48s.10105,Journal of Information Systems Engineering & Management,"The increasing demand for scalable and efficient last-mile delivery has prompted the integration of drones with trucks in hybrid logistics systems. While reinforcement learning (RL) methods have shown promise in addressing the Traveling Salesman Problem with Drones (TSP-D), most approaches focus on single truck-drone coordination, limiting their real-world applicability. This paper introduces a novel multi-agent reinforcement learning (MARL) framework based on Proximal Policy Optimization (PPO) to address a multi-truck multi-drone TSP-D scenario. Each agent (truck or drone) learns a decentralized policy with a shared global reward, enabling real-time, cooperative route planning. An enhanced state representation captures vehicle positions, battery constraints, and inter-agent interactions. The actor-critic network employs deep residual layers and agent identity encoding to support dynamic adaptation and coordination. A Dijkstra-based module ensures drone reachability under energy constraints, while a task allocation mechanism balances delivery loads and prevents conflicts. Experiments on synthetic and real-world-inspired datasets demonstrate the proposed model’s superiority over single-agent PPO and classical metaheuristics in terms of delivery time, energy efficiency, and scalability. As the number of agents and delivery nodes grows, the system maintains high performance, demonstrating strong potential for real-time autonomous logistics in urban environments."
https://openalex.org/W4405398360,Research on improving visual adaptive route planning of distribution network UAV by using deep learning technology,2024,https://doi.org/10.1093/ijlct/ctae236,International Journal of Low-Carbon Technologies,"Abstract The efficiency and safety of distribution network inspections are crucial to maintaining the reliability of electricity supply in various sectors. Traditional manual inspection methods are not only inefficient but also pose risks due to human limitations and environmental factors. This paper proposes a novel approach to enhancing the route planning of Unmanned Aerial Vehicles (UAVs) through Deep Reinforcement Learning, integrated with advanced image processing and control strategies. We employ ResNet-50 for target detection and DeepLabV3+ for semantic segmentation to improve environmental feature recognition. Furthermore, a Deep Q Network combined with a hybrid action space and sophisticated Model Predictive Control strategies is utilized to optimize the UAV’s path planning, enhancing both safety and mission efficiency. The proposed method is validated through experimental simulations that demonstrate its superiority over existing techniques, offering improvements in adaptive route planning for UAVs in distribution network environments."
https://openalex.org/W4412970355,Machine learning for on-demand ride services: A survey,2025,https://doi.org/10.1016/j.ait.2025.100008,Artificial Intelligence for Transportation,"On-demand ride services have become an integral part of urban transportation systems and have notably influenced mobility patterns. This study provides a comprehensive review of the applications of machine learning (ML) techniques, including supervised learning, reinforcement learning, explainable AI, and generative AI, in the context of on-demand ride services. We investigate the role of ML in addressing two core challenges: supply-demand management, including demand forecasting, passenger choice modeling, and driver behavior analysis; and platform operations, such as dynamic pricing, matching, route planning, and vehicle repositioning. To promote reproducible research in the field, we also summarize public datasets that are crucial for benchmarking and validating ML-based solutions. By identifying key challenges such as latent demand estimation and Human-AI collaboration, this study aims to inspire interdisciplinary innovations for building a more sustainable and equitable urban transportation system."
https://openalex.org/W4404742644,Stable Heterogeneous Traffic Flow with Effective Localization and Path Planning in Wireless Network Connected and Automated Vehicles in~Internet of Vehicular Things (IoVT),2024,https://doi.org/10.52866/2788-7421.1213,Iraqi Journal for Computer Science and Mathematics,"The increasing complexity of networks comprising both Connected Autonomous Vehicles (CAVs) and Human-Driven Vehicles (HDVs) presents substantial challenges in achieving accurate positioning, efficient communication, and optimal route planning. Current methodologies fall short in enhancing vehicular network efficiency and reliability due to noise interference, inefficient data transmission, and unstable data transfer. This study aims to improve localization accuracy, reduce communication noise, and enhance path planning efficiency in mixed CAV and HDV environments through the Stable Heterogeneous Traffic Flow using Deep Reinforcement Learning and Effective Path Planning (SHTDR-EPP) approach. The primary goals are to ensure dependable localization, efficient communication, and reliable route planning, thereby maintaining stable and efficient vehicle operations. The SHTDR-EPP approach integrates advanced techniques to analyze heterogeneous traffic flow. Firstly, effective localization is achieved among CAVs. Secondly, a deep reinforcement learning model is developed using the Markov Decision Process to manage mixed traffic flow efficiently. Thirdly, effective path planning is conducted using Extended Direction Analysis. These methods collectively ensure efficient communication between CAVs and HDVs. Experiments were conducted using NS3 and SUMO, with key parameters evaluated including vehicle delay, energy consumption, and safety metrics. The proposed SHTDR-EPP approach significantly enhances vehicular network performance. Positional accuracy is improved through effective localization techniques. Communication efficiency is increased by employing DRL to manage noise and stability. Path planning is optimized through EDA, ensuring efficient and reliable data transmission routes. Comparative analysis with prior methods such as OPP-CAVs and ROC-CAVs demonstrates that SHTDR-EPP achieves superior energy efficiency and vehicle safety. The SHTDR-EPP model effectively addresses critical issues of localization, communication noise, and path planning in mixed vehicular networks. By leveraging modern techniques, the proposed approach significantly enhances the overall efficiency, stability, and reliability of CAV and HDV interactions."
https://openalex.org/W4408998931,A Review of Classification and Application of Machine Learning in Drone Technology,2025,https://doi.org/10.5772/acrt.20240052,AI Computer Science and Robotics Technology,"The integration of drones in various applications has seen rapid growth in recent years, with machine learning emerging as a critical enabler of this advancement. This study provides a comprehensive survey of the classification and applications of machine learning techniques in drone technology. By reviewing key machine learning paradigms—supervised, unsupervised, and reinforcement learning—and their relevance to drones, this survey highlights real-world applications, including object recognition, route planning, obstacle avoidance, search area optimization, and autonomous navigation. Furthermore, it examines the challenges associated with implementing machine learning in drones, such as data privacy concerns, data quality issues, and computational limitations. By exploring future directions and the transformative potential of machine learning in enhancing drone capabilities across industries, this survey aims to serve as a valuable resource for researchers, practitioners, and students exploring the intersection of machine learning and unmanned aerial vehicle technology."
https://openalex.org/W4413980547,GNN-RL: A Graph Neural Network-Based Reinforcement Learning Algorithm for 3D Path Planning of AUVs,2025,https://doi.org/10.1109/mrai65197.2025.11135627,,"To enhance the intelligence of autonomous trajectory planning for Autonomous underwater vehicles (AUVs) in complex Ocean environments, we propose a reinforcement learning algorithm for 3D path planning of AUVs based on graph neural networks. Incorporating with Digital Bathymetric Elevation Model (DBEM) and factors such as sea flow, mines, and sonar as threat information, we simulate the planning scenarios for AUVs in military applications. Based on the Actor-Critic framework of reinforcement learning, this paper designs an online learning process using a Monte Carlo tree search-based policy value network. We employ dynamic directed graphs to describe the real-time state information of the AUV and design sparse and dense rewards. Experimental results show that the algorithm (GNN-RL) designed in this paper has good convergence and generalization. Compared with traditional algorithms, GNN-RL can output planning results more quickly while ensuring the safety of the AUV, meeting the needs of real-time route planning for AUVs."
https://openalex.org/W4409289853,A Novel Environment-Energy Mapping Model for Energy Efficient and Adaptive Uav Routing Planning in Emergency Responses,2025,https://doi.org/10.2139/ssrn.5211855,SSRN Electronic Journal,
https://openalex.org/W7128436719,Optimizing potential-based reward automata in partially observable reinforcement learning using genetic local search,2026,https://doi.org/10.1016/j.engappai.2026.114054,Engineering Applications of Artificial Intelligence,
https://openalex.org/W7117546317,AI-Driven Mobility-As-A-Service Platforms for Sustainable and Efficient Urban Transportation Networks,2025,https://doi.org/10.1109/icecst66106.2025.11307508,,"Due to rising urbanization, effective and sustainable urban transportation has become essential. This research examines AI-driven Mobility-as-a-Service (MaaS) systems that consolidate several transport modes into a cohesive system, emphasizing improvements in efficiency, sustainability, and user experience. A Reinforcement Learning (RL) framework using a Deep Q-Network (DQN) trained on actual urban traffic data to enhance route planning, demand forecasting, and dynamic pricing. Experimental findings indicate that the RL-based approach decreases average travel duration by 23.5 % relative to traditional routing techniques. Real-time demand forecasting enhanced vehicle dispatch efficiency, reducing idle vehicle time by 17.8 % and augmenting ride-sharing utilization by 12.4 %. Dynamic pricing, influenced by congestion and demand fluctuations, increased revenue by 15.6 %, benefiting both service providers and passengers. Moreover, the strategy reduced$\text{CO}_{2}$emissions per journey by 19.2 %, aiding in the achievement of sustainable transportation objectives. These results underscore the capacity of RL-driven MaaS platforms to enhance urban transport networks, alleviate congestion, augment service efficiency, and foster ecologically friendly urban mobility solutions."
https://openalex.org/W4404611678,Safety-Aware Route Navigation: Driving with Less Sun Glare,2024,https://doi.org/10.1145/3678717.3691225,,"Sun glare during driving poses a significant threat to driver and pedestrian safety. Navigation and route planning typically seeks to minimize the distance or time between the desired origin and destination, accounting for traffic patterns and other heuristics like minimizing the number of stoplights or left turns encountered on a route. However, current navigation methods do not support avoidance of complicated, temporally-dependent safety factors, like adverse road and environmental conditions. We take avoiding incident sun glare to the driver as an example of dynamic safety-aware navigation and lay out potential strategies for addressing this previously unexplored problem. We present a reinforcement learning-based method for computing sun glare-low routes through an elastic function that accounts for the direct angle between the sun and the driving direction. Our preliminary work shows that in some cases it is possible to reduce the sun glare exposure on a route by trading off additional travel distance. We envision future safety-aware navigation approaches that can automatically balance this trade-off and account for additional dynamic spatially and temporally-dependent safety-related environmental factors, like road and weather conditions, to determine the safest and most efficient route between any two given points."
https://openalex.org/W4290061679,DL-DRL: A double-level deep reinforcement learning approach for large-scale task scheduling of multi-UAV,2022,https://doi.org/10.48550/arxiv.2208.02447,arXiv (Cornell University),"Exploiting unmanned aerial vehicles (UAVs) to execute tasks is gaining growing popularity recently. To solve the underlying task scheduling problem, the deep reinforcement learning (DRL) based methods demonstrate notable advantage over the conventional heuristics as they rely less on hand-engineered rules. However, their decision space will become prohibitively huge as the problem scales up, thus deteriorating the computation efficiency. To alleviate this issue, we propose a double-level deep reinforcement learning (DL-DRL) approach based on a divide and conquer framework (DCF), where we decompose the task scheduling of multi-UAV into task allocation and route planning. Particularly, we design an encoder-decoder structured policy network in our upper-level DRL model to allocate the tasks to different UAVs, and we exploit another attention based policy network in our lower-level DRL model to construct the route for each UAV, with the objective to maximize the number of executed tasks given the maximum flight distance of the UAV. To effectively train the two models, we design an interactive training strategy (ITS), which includes pre-training, intensive training and alternate training. Experimental results show that our DL-DRL performs favorably against the learning-based and conventional baselines including the OR-Tools, in terms of solution quality and computation efficiency. We also verify the generalization performance of our approach by applying it to larger sizes of up to 1000 tasks. Moreover, we also show via an ablation study that our ITS can help achieve a balance between the performance and training efficiency."
https://openalex.org/W4327759883,Research on Risk Balancing Routing Algorithm in Power Optical Communication Network,2021,https://doi.org/10.13756/j.gtxyj.2021.01.004,DOAJ (DOAJ: Directory of Open Access Journals),"Under the background of vigorously developing smart grids, the scale of power optical communication networks supporting power grid operation is becoming larger and larger, and the services carried are more diversified. However, the service routing planning of the power communication network is mainly based on the shortest path algorithm, which leads to the imbalance of the business importance distribution of the power communication networks. Therefore, the local risk of the network can be high and the overall health of the network is low. Aiming at the shortcomings of traditional routing algorithms, this paper proposes a route algorithm that uses deep reinforcement learning technology to balance the risk of network traffic, which also comprehensively considers the traditional constraints such as optical transmission constraints and link residual capacity. The algorithm considers the distribution of service importance, link capacity, and link optical signal-to-noise ratio to achieve risk equalization of power communication networks. We have carried out an experiment in a provincial power communication subnet. The result shows that the method can effectively reduce the risk balance of the power optical communication networks and provide a strong guarantee for the safe operation."
https://openalex.org/W4390187821,Routing Optimization Mechanism for SRv6 Based Power Data Network,2023,https://doi.org/10.1109/wsce59557.2023.10365774,,"Under normal circumstances, traffic with different characters caused by different services exists on the Internet at the same time, so the experiences of different services have differ-ent sensitivity to network objective indicators. For example, some services are sensitive to latency, while others pay more attention to the bandwidth. The different demands caused different optimal objects. Take the network state as a whole, the route planning of one service is related to others. However, existing algorithms usually optimize only for specific services and do not consider the coexistence of multiple services to provide optimization solutions tailored to each service's characteristics. We focus on how to generate the corresponding reasonable route planning based on the characteristics of different services and meet the respective optimization expectations in the same network. We propose a routing planning algorithm based on multi-agent deep reinforcement learning, which optimizes the experiences of multi - type services parallelly. When the optimization target is set, the algorithm generates the forwarding path according to the network state and the service expectations of each service. The experimental results reveal that routing planning strategies provided by our algorithm can not only meet the expectations of various services but also effectively enhance the overall service experience quality of those services in the same network."
https://openalex.org/W4407214682,Research on Path Planning Algorithm Based on the Integration of Ant Colony Algorithm and AI Decision,2024,https://doi.org/10.1109/icdsca63855.2024.10859913,,"How to plan the vehicle path efficiently and accurately is a key problem in route planning. To solve this problem, in this paper, an Algorithm combining Ant Colony Algorithm (ACA) and Proximal Policy Optimization (Proximal Policy Optimization) is proposed, PPO's new approach-Optimization-Ant Colony Policy (OACP). OACP method realizes the preliminary exploration and optimization of the path through ACA, and uses the pheromone left by ants in the search process to guide the path selection. At the same time, PPO is used for strategy learning and dynamic decision-making, and the path planning strategy is constantly adjusted through reinforcement learning mechanism, so as to ensure high planning accuracy and improve the real-time adaptability and robustness of the path. Finally, through the comparison experiment and analysis with the traditional path planning algorithm learning, the experimental results show that O-ACP method has significant advantages in improving the precision of path planning and the number of iterations. Especially in the complex road environment, O-ACP method can more accurately plan the optimal path and reduce the uncertainty in the decision-making process. This fully verifies the reliability and effectiveness of the architecture in intelligent driving path planning."
https://openalex.org/W4399322911,A Review of Machine Learning,2024,https://doi.org/10.55041/ijsrem35355,INTERANTIONAL JOURNAL OF SCIENTIFIC RESEARCH IN ENGINEERING AND MANAGEMENT,"The ever-growing complexity of engineering systems and the vast amount of data generated necessitate advanced data analysis techniques like machine learning (ML). This review explores the motivations and advantages of integrating ML into real-world engineering applications. The paper highlights the limitations of traditional deterministic models in handling intricate interactions within modern engineering systems. ML offers significant benefits including improved efficiency, enhanced decision-making, advanced automation and control, adaptability, and cost savings. Real-world applications across various disciplines are explored, including image recognition and computer vision in self-driving cars, predictive maintenance for optimizing equipment lifespans, structural health monitoring for identifying potential damage, and signal processing for control systems in airplanes and traffic lights. The review concludes by summarizing key findings from case studies on autonomous vehicle navigation, smart grid optimization, wind turbine fault detection, and HVAC system optimization in smart buildings. These case studies showcase the power of machine learning techniques like deep learning, reinforcement learning, sensor fusion, and ensemble learning in achieving superior performance and efficiency in various engineering domains. Key Words: Machine Learning, Engineering Applications, Artificial Intelligence, Big Data, Predictive Maintenance, Robotics, Structural Design, Smart Grids, Fault Detection, Optimization, Control Systems."
https://openalex.org/W4403675199,A Reinforcement Approach for Fleet Optimization in Multi-Agent Autonomous Cars,2024,https://doi.org/10.1109/iceeict61591.2024.10718531,,"The problems of fleet optimisation and safety are significant in the field of multi-agent autonomous automobile systems. This study focuses on the exploration of the application of reinforcement learning (RL) in tackling the challenges associated with fleet management and safety within multi-agent autonomous vehicle systems. Using Q-learning, self-driving taxis are trained to efficiently handle passenger requests and complex route planning in a simulated setting. The studys’ contributions include the creation of a Q-learning algorithm optimized for taxi routing, a simplified yet robust training environment. By conducting detailed simulation tests, the research demonstrates how RL can substantially improve the efficiency of vehicle fleets and enhance passenger satisfaction, thereby emphasizing its critical role in advancing autonomous vehicle technology. The results provide useful information about how RL-based methods can transform the way we design and operate transportation systems, making them safer and more effective for cities of the future."
https://openalex.org/W3035992550,A simulator for evaluating machine-learning algorithms for autonomous ships,2020,,Doria (University of Helsinki),"In this thesis, a ship simulator capable of training agents in ship behavior is presented. The simulator can be used to train and simulate agents with different kinds of behaviors. The simulator supports ships and boats of different sizes. Users can input configuration files with agent and environment data to create their own scenarios. The agent data includes ship information such as the position, speed and heading of the vessel as well as the weights of the training data which define the behavior of the agent. The environment data allows the user add a map or obstacles as well as decide the size of the area the agents move on. The simulator is capable of training and simulating multiple agents simultaneously. The simulators time is divided into one second long time steps. The application does not work in parallel but instead handles all calculations between each time step. With various configuration options the simulator can be used to simulate a plethora of scenarios. New reinforcement learning methods and ship configurations can also easily be added. The simulator can be used in educational and industrial applications in reinforcement learning or autonomous surface vehicle navigation. The simulation is shown by a simple top down view. All the objects are two-dimensional polygons and therefore, the ships motions are composed of 3 degreesof-freedom: surge, yaw and sway."
https://openalex.org/W7171705039,Agent-Invoked Traffic Information Services for Personalized Route Selection,2026,https://doi.org/10.2139/ssrn.6937898,SSRN Electronic Journal,
https://openalex.org/W4414342316,Multifunctional Model for Traffic Flow Prediction Congestion Control in Highway Systems,2025,https://doi.org/10.2139/ssrn.5433294,SSRN Electronic Journal,
https://openalex.org/W4409023608,Digital Control Tower Model for Public Transport City Network,2025,https://doi.org/10.1007/978-3-031-87376-8_34,Lecture notes in networks and systems,
https://openalex.org/W4399859278,Advanced Object Detection and Decision Making in Autonomous Medical Response Systems,2024,https://doi.org/10.55041/ijsrem35985,INTERANTIONAL JOURNAL OF SCIENTIFIC RESEARCH IN ENGINEERING AND MANAGEMENT,"Abstract—This paper focuses on enhancing the object detection and decision-making capabilities of Autonomous Emergency Medical Response Systems (AEMRS). Using advanced sensors, Convolutional Neural Networks (CNN), and reinforcement learn- ing, we propose a model that processes environmental data to identify obstacles and make optimal navigation decisions. The integration of these technologies aims to minimize response time and improve the efficiency of emergency medical services. The perception system utilizes radar, LiDAR, and camera inputs to create a comprehensive understanding of the environment. These data are processed through a series of CNN layers to detect and classify objects such as vehicles, pedestrians, and road signs. On the decision-making front, a Q-learning algorithm is employed to enable the ambulance to learn from its interactions with the environment, continuously improving its route planning and collision avoidance strategies. By combining these advanced AI techniques, the proposed AEMRS can significantly enhance the speed and reliability of emergency responses, ultimately saving more lives. This paper presents the design, implementation, and simulation results of the proposed system, demonstrating its potential to revolutionize emergency medical services. Index Terms—Object Detection, Convolutional Neural Net- works (CNN), Reinforcement Learning, Q-Learning, AI-Driven Ambulance, Autonomous Systems, Emergency Medical Services, Real-Time Navigation."
https://openalex.org/W4200614336,A Floyd-Warshall-Based Reoptimization of Q Matrix on the Single DVRPPD with On-Demand Cancellations,2021,https://doi.org/10.1109/ictc52510.2021.9621108,2021 International Conference on Information and Communication Technology Convergence (ICTC),"Delivery services have reached an all-time high in terms of demands due to the COVID-19 pandemic. An optimal routing plan for these different courier services is a must. The vehicle routing problem (VRP) is an NP-hard problem in logistics research and it can be solved by exact algorithms, heuristics, and machine learning through reinforcement learning. This study introduces a reoptimization alternative as opposed to trivial Q-learning retraining on a newly introduced subproblem of dynamic VRP and VRPPD, the dynamic vehicle routing problem with pickup, delivery, and cancellation (DVRPPDC). The reoptimization technique is called Floyd-Warshall LookUp Reoptimization of Rewards Yearned (FLURRY). Combined with a one-time Q-learning computation beforehand, the Q matrix produced is updated at the cell level by a lookup table containing all the shortest paths among the pairs of parcel lockers. The lookup table is generated via Floyd-Warshall algorithm, a well-known shortest path algorithm. Upon testing on a new dataset for DVRPPDC, one-time Q-learning combined with FLURRY is 6.1x to 10.6x faster to compute than Q-learning retraining. Furthermore, an additional study done after the main series of experiments reveal that the methodology does not necessitate any Q-learning training at the first time step at all. FLURRY can be done on a Q matrix of zeroes and achieve the same path output and traversal time as Q-learning with FLURRY. The standalone FLURRY algorithm further speeds up the computation, compared to the naive Q-learning approach, from 6.1x – 10.6x to 26.5x – 117.5x."
https://openalex.org/W4205547588,Metro traffic flow monitoring and passenger guidance,2022,https://doi.org/10.1016/b978-0-323-90588-6.00002-0,Elsevier eBooks,
https://openalex.org/W4417054197,Deep Q-Learning-based Route Optimization for Traffic Network,2025,https://doi.org/10.1109/iicaiet67254.2025.11265506,,"This paper presents a Deep Q-Learning (DQL) approach to enhance traffic rerouting in urban vehicular networks. The objective is to develop a dynamic route planning system that adapts to real-time traffic conditions using AI-based decision-making. Traffic congestion in Malaysia cities highlights the limitations of static route planning that lacks responsiveness to fluctuating travel demand and localized congestion. This study addresses the need for intelligent rerouting by manipulating learning-based models while controlling key traffic variables such as speed, acceleration, vehicle position, and travel time. The aim is to develop and evaluate an intelligent rerouting system that is capable of minimizing traffic delays and improving vehicular flow efficiency. This is achieved by integrating Simulation of Urban Mobility (SUMO) with MATLAB via Python Traffic Control Interface (TraCI) and User Datagram Protocol (UDP) sockets that enable real-time monitoring and data exchange. A deep Q-Learning agent was trained to make rerouting decisions based on live vehicle state inputs and traffic conditions, then the agent’s reward function was designed to reduce congestion. Quantitative evaluations show that DQL-based rerouting achieves 22% reduction in average travel time compared to conventional shortest-path routing. The proposed method demonstrates the potential of Deep Reinforcement Learning to solve complex travel problems. This work contributes toward intelligent transportation systems in smart cities which enable adaptive and scalable traffic control framework."
https://openalex.org/W4408995094,Enhancing urban mobility through AI-powered transportation,2025,https://doi.org/10.1049/icp.2025.0944,IET conference proceedings.,"This paper investigates Reinforcement Learning (RL) for optimizing urban mobility through AI-powered transportation systems. Utilizing real-time data on traffic patterns, passenger demand, and public transit schedules, our study develops an RL model to dynamically optimize bus routes and schedules. Results demonstrate significant improvements: a 15% reduction in average travel time, a 20% increase in operational efficiency, and a 25% decrease in passenger waiting times alongside a 30% improvement in schedule punctuality. These findings underscore AI's potential in addressing urban transportation challenges, enhancing service reliability, and boosting passenger satisfaction by 25%. This research contributes to advancing urban planning methodologies by emphasizing adaptive route planning and schedule adjustments guided by predictive analytics. Future directions include scaling AI solutions to larger cities and integrating IoT technologies for enhanced real-time decision-making in urban transportation management."
https://openalex.org/W4395097516,SFCPlanner: An Online SFC Planning Approach With SRv6 Flow Steering,2024,https://doi.org/10.1109/tnsm.2024.3392945,IEEE Transactions on Network and Service Management,"Each flow usually needs to traverse a specific service function chain (SFC), which is composed of multiple network functions implemented through virtualization technology or hardware, before reaching their destinations. All network functions are deployed across commodity nodes inside a network environment. Each flow needs to change its default routing path to visit the corresponding SFC correctly. These changed routing paths will cause network load imbalance. Therefore, an intelligent routing planning method is needed to balance the traffic load while satisfying various SFC requirements of different flows. In this paper, we propose to leverage SRv6, a new routing technology, to centrally plan the routing path for each flow with any SFC request. We then present a general model of the SFC planning problem (SFCP), planning flows’ routing paths to minimize the maximum link utilization of the network, and prove that the problem is NP-hard. For this reason, we transform the SFCP problem into a graph theory optimization problem and propose SFCPlanner, an online SFC planning method based on deep reinforcement learning. Moreover, we design the node mask and incremental training mechanisms to make SFCPlanner achieve better performance. The experiment results show that our SFCPlanner can solve the SFCP problem in large-scale networks more precisely. It can reduce the maximum link utilization by 32% compared with the benchmark algorithm while ensuring each flow traverses the correct SFC."
https://openalex.org/W7162887788,Integration of Artificial Intelligence into Unmanned Aerial Vehicles,2026,https://doi.org/10.30518/jav.1902446,Journal of Aviation,"In this study, the effects of artificial intelligence (AI) technologies on the flight control, motion dynamics, environmental perception, energy management, and autonomous mission execution capabilities of unmanned aerial vehicles (UAVs) are comprehensively analyzed. The integration of AI subfields machine learning, deep learning, fuzzy logic, and reinforcement learning into UAV systems is examined, and the advantages these methods offer compared to classical control systems are evaluated. The role of data processing, sensor fusion, and decision support mechanisms within modern UAV architectures is discussed in detail. Three different AI based approaches computational intelligence, fuzzy logic based control, and reinforcement learning based control are compared within the scope of this study. The findings indicate that genetic algorithms outperform other methods in route planning, fuzzy logic provides superior performance in environments with uncertainty and dynamic conditions, and reinforcement learning excels in fully autonomous control and adaptive learning. Owing to this methodological diversity, UAV behaviors were analyzed from multiple perspectives, including optimization, uncertainty management, and learning based control. The results reveal that AI driven methods significantly enhance adaptive decision making abilities in UAV operations, allow more effective management of environmental uncertainties, and substantially improve mission success rates. In light of these findings, hybrid AI control systems are evaluated as the most promising architectural solution for next generation UAV design. This study presents the technical, theoretical, and practical contributions of AI to UAV technologies and provides an integrated framework for the development of future fully autonomous UAV systems."
https://openalex.org/W7142527489,Artificial Intelligence Driven Smart Traffic Management System for Sustainable Urban Transportation,2026,https://doi.org/10.5281/zenodo.19277918,Zenodo (CERN European Organization for Nuclear Research),"Rapid urbanization and the exponential growth in vehicle ownership have led to severetraffic congestion, increased travel time, and environmental pollution in metropolitan cities.Traditional traffic management systems rely on static signal timing and lack the ability torespond to real-time traffic dynamics. Artificial Intelligence (AI), a key domain within Artificial Intelligence, offers advancedcapabilities for intelligent decision-making and predictive analytics. This research proposesan AI-driven smart traffic management system that integrates machine learning, computervision, and Internet of Things (IoT) technologies to enable real-time traffic monitoring andadaptive signal control. The system utilizes deep learning-based vehicle detection models, predictive trafficanalytics, and reinforcement learning-based optimization techniques to dynamically adjusttraffic signals and improve traffic flow efficiency. Additionally, the framework incorporatesemergency vehicle prioritization, accident detection, and smart route guidance systems. Simulation results demonstrate significant improvements in congestion reduction, traveltime, fuel consumption, and environmental sustainability. The proposed system contributesto the development of intelligent transportation systems and sustainable smart cityinfrastructure."
https://openalex.org/W7141978514,Artificial Intelligence Driven Smart Traffic Management System for Sustainable Urban Transportation,2026,https://doi.org/10.5281/zenodo.19277919,Zenodo (CERN European Organization for Nuclear Research),"Rapid urbanization and the exponential growth in vehicle ownership have led to severetraffic congestion, increased travel time, and environmental pollution in metropolitan cities.Traditional traffic management systems rely on static signal timing and lack the ability torespond to real-time traffic dynamics. Artificial Intelligence (AI), a key domain within Artificial Intelligence, offers advancedcapabilities for intelligent decision-making and predictive analytics. This research proposesan AI-driven smart traffic management system that integrates machine learning, computervision, and Internet of Things (IoT) technologies to enable real-time traffic monitoring andadaptive signal control. The system utilizes deep learning-based vehicle detection models, predictive trafficanalytics, and reinforcement learning-based optimization techniques to dynamically adjusttraffic signals and improve traffic flow efficiency. Additionally, the framework incorporatesemergency vehicle prioritization, accident detection, and smart route guidance systems. Simulation results demonstrate significant improvements in congestion reduction, traveltime, fuel consumption, and environmental sustainability. The proposed system contributesto the development of intelligent transportation systems and sustainable smart cityinfrastructure."
https://openalex.org/W7142024774,Artificial Intelligence–Driven Smart Traffic Management System for Sustainable Urban Transportation,2026,https://doi.org/10.5281/zenodo.19279012,Zenodo (CERN European Organization for Nuclear Research),"· Rapid urbanization and the exponential growth in vehicle ownership have led to severe traffic congestion, increased travel time, and environmental pollution in metropolitan cities. Traditional traffic management systems rely on static signal timing and lack the ability to respond to real-time traffic dynamics. · Artificial Intelligence (AI), a key domain within Artificial Intelligence, offers advanced capabilities for intelligent decision-making and predictive analytics. This research proposes an AI-driven smart traffic management system that integrates machine learning, computer vision, and Internet of Things (IoT) technologies to enable real-time traffic monitoring and adaptive signal control. · The system utilizes deep learning-based vehicle detection models, predictive traffic analytics, and reinforcement learning-based optimization techniques to dynamically adjust traffic signals and improve traffic flow efficiency. Additionally, the framework incorporates emergency vehicle prioritization, accident detection, and smart route guidance systems. · Simulation results demonstrate significant improvements in congestion reduction, travel time, fuel consumption, and environmental sustainability. The proposed system contributes to the development of intelligent transportation systems and sustainable smart city infrastructure."
https://openalex.org/W4386920731,Adaptive Multi-UAV Control Algorithm by Using Deep Learning,2023,https://doi.org/10.1109/icdsns58469.2023.10245971,,"Utilizing a fleet of autonomous unmanned aerial vehicles (UAVs) to collect data from widely dispersed Internet of Things (IoT) sensors is a complex operation that requires adaptable route planning algorithms. We propose a reinforcement learning with multiple agents (MARL) approach that can quickly and cheaply re-learn control policies whenever there is significant variation to the situation variables explaining the gathering information goal, such as the number of carried out UAVs, the number, position, and information volume of IoT devices, or a maximum flying time. Here, we discuss the challenge of route planning for a fleet of UAVs which must optimize the data collected from geographically scattered Internet of Things (IoT) nodes that collect sensors while respecting time and distance limits. By recasting the route planning problem as a Dec-POMDP, we can get close to the best policy for commanding an UAV while needing in-depth knowledge of the difficult portable channel features observed in highly populated areas. We show that our proposed network architecture enables people to effectively interact by giving the collecting information task among themselves, adapt to large, different settings and show areas, and make circulation choices that balance data-gathering objectives, flight-time efficiency, and navigating cries through the use of multiple kinds of focused regional and global map depictions of the surroundings which are given to the convolutional neural network's layers. Finally, we design a control technique that is adaptable over an extensive variety of scenario parameters to study how various aspects impact collection efficiency and give insight on system-level benefits."
https://openalex.org/W7142372066,Artificial Intelligence–Driven Smart Traffic Management System for Sustainable Urban Transportation,2026,https://doi.org/10.5281/zenodo.19279013,Zenodo (CERN European Organization for Nuclear Research),"· Rapid urbanization and the exponential growth in vehicle ownership have led to severe traffic congestion, increased travel time, and environmental pollution in metropolitan cities. Traditional traffic management systems rely on static signal timing and lack the ability to respond to real-time traffic dynamics. · Artificial Intelligence (AI), a key domain within Artificial Intelligence, offers advanced capabilities for intelligent decision-making and predictive analytics. This research proposes an AI-driven smart traffic management system that integrates machine learning, computer vision, and Internet of Things (IoT) technologies to enable real-time traffic monitoring and adaptive signal control. · The system utilizes deep learning-based vehicle detection models, predictive traffic analytics, and reinforcement learning-based optimization techniques to dynamically adjust traffic signals and improve traffic flow efficiency. Additionally, the framework incorporates emergency vehicle prioritization, accident detection, and smart route guidance systems. · Simulation results demonstrate significant improvements in congestion reduction, travel time, fuel consumption, and environmental sustainability. The proposed system contributes to the development of intelligent transportation systems and sustainable smart city infrastructure."
https://openalex.org/W7124440067,Urban Decision Intelligence from the Perspective of Traffic Control,2025,https://doi.org/10.14711/thesis-hdl167755,,"Modern cities generate massive, multi-modal data that captures evolving mobility patterns. Harnessing these data for decisions, rather than descriptive prediction alone, requires models that connect sensing, forecasting, and control under uncertainty, constraints, and scale. This dissertation advances an agenda of urban decision intelligence within the most representative domain, namely traffic control. Realizing this vision faces several fundamental challenges. First, urban transportation systems involve heterogeneous actors with asymmetric objectives, making coordinated control intrinsically difficult. Second, policies trained in simulation often suffer from a sim-to-real gap, limiting their safe deployment in the real world. Third, rich spatio-temporal dynamics couple local actions across space and time, so models must reason beyond point-wise forecasts to capture network-level consequences. In addition, conventional decoupled perception-then-decision pipelines are prone to error propagation, where small forecasting errors can trigger qualitatively different decisions. Finally, these difficulties are further amplified by strict sensing and communication constraints, which induce partial observability and exacerbate the mismatch between predictive training objectives and downstream performance. To cope with the aforementioned challenges, we develop a suite of decision-centric frameworks that jointly address heterogeneity, distribution shifts, interpretability, and sample efficiency in complex urban environments. In Chapter 2, we propose a hierarchical multi-agent reinforcement learning framework where traffic lights and autonomous vehicles coordinate over a heterogeneous interaction graph to achieve coherent yet responsive network behavior. In Chapter 3, we develop a spatio-temporal sequence decision model that learns reliable policies purely from offline Markov Decision Process trajectories. Building on this offline model, Chapter 4 further introduces an offline-to-online transfer scheme that distills cross-city decision patterns and safely adapts them to a new target city with minimal online interaction. Additionally, to connect perception and control, we develop a vision–language grounded dataset for end-to-end traffic signal control in Chapter 5. Finally, in Chapter 6, we propose an information-efficient navigation framework that unifies sensing and route planning decisions to directly minimize travel time under partial observability. Collectively, this thesis advances a unified perspective on urban decision intelligence, demonstrating how decision-centric learning can harness rich mobility data to yield robust, efficient, and interpretable traffic control policies that remain effective under uncertainty, constraints, and distribution shifts."
https://openalex.org/W7133852068,Methods for Predicting and Controlling Traffic Carbon Emissions in Urban Sustainable Development Driven by Big Data,2025,https://doi.org/10.1109/ccnis69465.2025.00096,,"To address the issue of traffic carbon emissions in the context of urban sustainable development, this study proposes a data-driven prediction and control method. By constructing a prediction model combining Long Short-Term Memory (LSTM) network and an attention mechanism, the dynamic characteristics of traffic flow, speed distribution, and road network structure can be accurately captured, achieving high-precision carbon emission prediction. Model robustness is further enhanced through parameter optimization and data preprocessing. In the control strategy, reinforcement learning is used to optimize traffic signals, and dynamic route planning is integrated to effectively reduce carbon emissions during peak hours by approximately 25%, with an average reduction rate of 22.5%, while also reducing vehicle delay time by 15%. Simulation results demonstrate that this method significantly improves traffic efficiency and reduces carbon emissions, providing a scientific basis and practical tools for urban low-carbon transportation management, thus contributing to the achievement of sustainable development goals."
https://openalex.org/W7165785738,Network-Constrained Policy Optimization for Adaptive Multi-agent Vehicle Routing,2026,https://doi.org/10.1145/3822510,ACM Transactions on Spatial Algorithms and Systems,"Traffic congestion in urban road networks is marked by longer trip times and higher emissions, especially during peak periods. While the Shortest Path First (SPF) algorithm is optimal for a single vehicle in a static network, it performs poorly in dynamic, multi-vehicle settings, often worsening congestion by routing all vehicles along identical paths. We address dynamic vehicle routing through a multi-agent reinforcement learning (MARL) framework for coordinated, network-aware fleet navigation. We first propose Adaptive Navigation (AN), a decentralized MARL model where each intersection agent provides routing guidance based on (i) local traffic and (ii) neighborhood state modeled using Graph Attention Networks (GAT). To improve scalability in large networks, we further propose Hierarchical Hub-based Adaptive Navigation (HHAN), an extension of AN that assigns agents only to key intersections ( hubs ). Vehicles are routed hub-to-hub under agent control, while SPF handles micro-routing within each hub region. For hub coordination, HHAN adopts centralized training with decentralized execution (CTDE) under the Attentive Q-Mixing (A-QMIX) framework, which aggregates asynchronous vehicle decisions via attention. Hub agents use flow-aware state features that combine local congestion and predictive dynamics for proactive routing. Experiments on synthetic grids and real urban maps (Toronto, Manhattan) show that AN reduces average travel time versus SPF and learning baselines, maintaining 100% routing success. HHAN scales to networks with hundreds of intersections, achieving up to 15.9% improvement under heavy traffic. These findings underscore the power of network-constrained MARL for scalable, coordinated, congestion-aware routing in intelligent transportation systems."
https://openalex.org/W4294967880,Research on USV Path Planning Method Based on Improved Option-Critical Algorithm,2022,https://doi.org/10.1007/978-3-031-15934-3_31,Lecture notes in computer science,
https://openalex.org/W4408134659,Optimizing Autonomous Vehicle Control Through Deep Q-Learning: A Simulation-Based Approach with CARLA,2025,https://doi.org/10.1007/978-3-031-83435-6_11,Communications in computer and information science,
https://openalex.org/W4407169724,Two- Echelon Vehicle Routing Problem with Trucks and Drones,2024,https://doi.org/10.1109/cbd65573.2024.00059,,"Over the years, the Vehicle Routing Problem (VRP) has been extensively studied. As real-world scenarios and technol-ogy evolve, researchers are increasingly integrating drones with trucks, leading to the development of the Two-Echelon Vehicle Routing Problem (2EVRP). The 2EVRP involves dividing the route plan into two segments: the first echelon operated by trucks and the second by drones. With the introduction of lightweight, cost-effective delivery solutions like drones, the 2EVRP faces challenges such as limited drone battery life and adherence to public safety policies. This survey examines the literature on traditional exact and heuristic algorithms alongside contem-porary machine learning approaches, including supervised and reinforcement learning methods. Additionally, we review current real-world applications of drone delivery. Finally, we highlight several future research directions for 2EVRP with truck and drone collaborations."
https://openalex.org/W3118838914,Creating a self-driving terrain vehicle in a simulated environment,2020,,DiVA at Umeå University (Umeå University),"Outside of the city environment, there are many unstructured and rough environments that are challenging in vehicle navigation tasks. In these environments, vehicle vibrations caused by rough terrain can be harmful for humans. In addition, a human operator can not work around the clock. A promising solution is to use artificial intelligence to replace human operators. I test this by using the artificial intelligence technique know as reinforcement learning, with the algorithm Proximal Policy Optimization, to perform some basic locomotion tasks in a simulated environment with a simple terrain vehicle. The terrain vehicle consists of two chassis, each having two wheels attached, connected to each other with an articulation joint that can rotate to turn the vehicle. I show that a trained model can learn to operate the terrain vehicle and complete basic tasks, such as finding and following a path while avoiding obstacles. I tested robustness by evaluating performance on sloped terrains with a model trained to operate on flat ground. The results from the tests with different slopes show that, for most environments, the trained model could handle slopes up to around 7.5-10 degrees without much issue, even though it had no way of detecting the slope. This tells us that the models can perform their tasks quite well even when disturbances are introduced, as long as these disturbances doesn't require them to significantly change their behaviors."
https://openalex.org/W7114997382,Performance optimisations for urban last-mile distribution using autonomous vehicle fleets,2024,https://doi.org/10.25560/126305,Open MIND,"Many logistics operators are considering deploying autonomous delivery fleets, such as Mobile Parcel Lockers (MPLs) and Autonomous Delivery Robots (ADRs), to address increasing delivery demands and sustainability challenges in cities. These solutions offer economical and efficient responses to urban delivery bottlenecks, such as time spent on parking and manual delivery modes. Regulatory issues, including requirements for using autonomous vehicles on roads and ensuring pedestrian safety with sidewalk ADRs, are major concerns due to varying laws across regions. Additionally, the feasibility, effectiveness, and capacity limits of deploying autonomous delivery modes in traffic-dense cities need validation before large-scale implementation. Considering the envisioned scale of autonomous delivery fleet deployment, conducting feasibility and capacity assessments becomes imperative. This study developed a macroscopic assessment model incorporating cost, delivery efficiency, and pollution emissions to predict the performance of a collaborative delivery pattern integrating human-van delivery, MPL delivery, and ADR delivery in different London boroughs. A congestion game model was proposed to explore customer selection behaviour between MPL and ADR services, providing parameters for future deployments. Mixed-integer programming models for MPL and ADR route planning were established, using reinforcement learning methods and graph theory to ensure solution quality and computational efficiency. Geographic datasets from Illinois, US, were used for the ADR route planning study. Results indicate that MPL and ADR deployment in urban areas reduces operational costs and improves delivery efficiency compared to conventional manual delivery modes. Their lightweight and easy transportability can alleviate urban traffic congestion and parking space occupancy. Rational curb space planning and parking management strategies can facilitate the integration of autonomous delivery vehicles, promoting wider implementation. For logistics operators, differentiated pricing strategies and capacity deployment based on customer preferences, along with vehicle route planning according to customer time windows and activity trajectories, will reduce operational costs and enhance user convenience."
https://openalex.org/W7167509715,Research on robot path tracking method based on IDDPG-MPC,2026,https://doi.org/10.1371/journal.pone.0350307,PLoS ONE,"In complex marine environments, path-following control of unmanned surface vessels (USVs) faces numerous challenges, including environmental disturbances, dynamic nonlinearities, and underactuated systems. To overcome the limitations of traditional line-of-sight/PID control in terms of robustness and adaptability, this study proposes a hybrid control architecture combining improved deep deterministic policy gradient (IDDPG) and model predictive control (MPC). The IDDPG algorithm, as the upper-level decision-making module, utilizes deep reinforcement learning to generate optimal heading angle increment commands by learning the environmental state. The MPC, as the lower-level execution module, optimizes control variables such as thrust and rudder angle through rolling optimization based on the USV's three-degree-of-freedom nonlinear dynamics model. This study constructs a closed-loop ""perception-decision-execution-learning"" paradigm and employs gradient pruning and a customized reward function to ensure the stability of algorithm training and the optimality of control decisions. Lateral deviation and heading angle error are used as evaluation metrics to verify the control performance. Simulation results show that this method effectively solves the adaptability challenge of traditional control strategies in complex environments. Compared with the traditional ALOS-PID method, the average lateral deviation is reduced by 37% and the heading angle error is reduced by 21%, thus realizing high-precision path tracking control for unmanned surface vessels and providing a new method for autonomous surface vehicle navigation."
https://openalex.org/W4414365480,Review on Autonomous and Sustainable Urban Mobility Systems: Challenges and Future Directions,2025,https://doi.org/10.36227/techrxiv.175825700.01646542/v1,,"This review examines strategies that enable safety and energy efficiency in collaborative intelligent agent ecosystems, including mobile robots, assistive systems, and autonomous vehicles. Safety is framed as a hierarchical architecture: city-wide route planning through multi-agent information and decision sharing, regional collision-free motion coordination, and precise local path execution. Energy efficiency is analyzed in parallel, spanning artificial intelligence (AI)-driven eco-routing and task allocation, eco-driving and eco-locomotion for adaptive and cooperative motion control, and eco-power through actuator design, kinematic optimization, and bio-inspired mechanisms. These layers are deeply interconnected, showing that safety assurance and energy sustainability must be co-optimized rather than treated independently. Reinforcement learning, distributed intelligence, and cross-modal human-robot interaction emerge as pivotal enablers for robust, real-time adaptation in uncertain environments. Looking ahead, future intelligent ecosystems will depend on hyper-integrated co-optimization across planning, control, and hardware, guided by explainable and ethically aligned AI, paving the way toward safe, efficient, and trustworthy autonomous systems."
https://openalex.org/W3168613756,Planning of the Coordination of Multiple Quadrotors Applied to the Transport of Materials,2021,https://doi.org/10.1109/syscon48628.2021.9447061,,"The problem of resource allocation is still a large study area, where different techniques are applied to find an optimal or sub-optimal solution to the problem. This work presents a solution to this problem that uses a Reinforcement Learning technique called Learning Automata, in conjunction with the A* heuristic search algorithm, to allocate material transport tasks to multiple agents and calculate routes to perform these tasks. The vehicles used as agents are small quadrotors. The A* algorithm was applied to generate optimal local routes for each carrier and occasionally resolve conflicts between them. Diagonal distance heuristics were used and a small modification was made to the algorithm that avoids convergence to a non-optimal route. A Pure Pursuit path tracking algorithm was used to give velocity commands to the agents in order to follow the path reference given by the A* algorithm. The various analyzed cases of the learning algorithm and a scalability test showed that the proposed solution is capable of finding sub-optimal solutions in a reasonable time for small and medium scale problems, showing that the route plan learned can solve the proposed tasks. The solutions were applied in the Gazebo simulation environment where the communication with the learning algorithm on MATLAB has been done via ROS."
https://openalex.org/W4401538431,Research on Lifelong learning Method of Vehicle Trajectory Prediction Based on Artificial Intelligence,2024,https://doi.org/10.1145/3679409.3679460,,"This article proposes an innovative lifelong learning method designed specifically for vehicle trajectory prediction, aiming to address the limitations of traditional prediction models when facing dynamic traffic environments and data timeliness issues. With the development of intelligent transportation systems, accurate prediction of vehicle trajectories is of great significance for traffic management, route planning, autonomous driving safety, and other aspects. However, existing models often require retraining when new data is introduced, which is not only time-consuming but may also lead to catastrophic forgetting of previously learned knowledge. This study designed a vehicle trajectory prediction framework that can continuously learn and adapt to changes in the traffic environment by introducing a lifelong learning mechanism. The core of this framework lies in combining deep learning and reinforcement learning techniques, while introducing incremental learning and regularization strategies to balance the learning of new knowledge with the retention of old knowledge. In addition, we have incorporated attention mechanisms to enable the model to dynamically focus on the most critical information segments for prediction, further improving prediction accuracy."
https://openalex.org/W4411949689,Supervised Deep Learning Methodology for Autonomous Vehicle Routing,2024,https://doi.org/10.1109/icaccm61117.2024.11059045,,"Automated driving is a revolutionary technology that is fundamentally changing worldwide transportation networks. An essential component of autonomous vehicle operation is path planning, which guarantees secure and effective navigation across intricate and ever-changing surroundings. This work presents an innovate neural network design that integrates deep Q-learning with policy gradients, therefore improving the current deep reinforcement learning paradigm. This methodology allows the self-driving vehicle to acquire knowledge and adjust to intricate situations using huge quantities of data, strict adherence to demanding global criteria. To verify the efficacy of our suggested approach, we performed simulations using both realistic and benchmark scenarios. The findings illustrate that our methodology greatly improves the vehicle's performance in difficult circumstances while upholding a commendable degree of safety. An analysis was conducted on important parameters like route completion time, energy usage, and adaptation to changing environmental circumstances. This approach demonstrates superior performance compared to both conventional and modern autonomous driving methods, therefore highlighting its capacity to propel the field of route planning in autonomous systems forward. The present study makes a valuable contribution to the advancement of autonomous driving technology by the introduction of an advanced deep learning framework that enhances path planning and decision-making capabilities."
https://openalex.org/W4414638616,Advanced Motion Planning Method for Unmanned Vehicles to Consider 3D Objects,2025,https://doi.org/10.1007/978-981-96-6452-8_7,Lecture notes in mechanical engineering,
https://openalex.org/W4391750747,Exploring the Noise Resilience of Successor Features and Predecessor Features Algorithms in One and Two-Dimensional Environments,2024,https://doi.org/10.21203/rs.3.rs-3936627/v1,Research Square,
https://openalex.org/W4360996150,An Adaptive Deep Q-Learning Strategy for Routing Schemes in SDN-Based Data Centre Networks,2022,https://doi.org/10.1109/isaiee57420.2022.00045,,"The enhancing size of uses on the cloud has improvised the requirement for dependable and elite execution network engineering in Datacentres. Programming Defined Networking has worked on the adaptability, postponement, and throughput of networks in contrast with static arrangements. To adjust to the quick advancement of distributed computing, enormous information, and different innovations, the mix of server farm rout and SDN is anticipated to type network the executives more advantageous and adaptable. With this benefit, routing methodologies have been widely concentrated by specialists. In any case, the systems in the regulator chiefly depend on manual plan, the ideal arrangements are hard to be acquired in the powerful network climate. A few routing calculations, for example, network geographies with repetitive connections, for example, Fat-tree to give proficient burden adjusting, be that as it may, the failure of these plans to adjust to quickly changing traffic conduct restricts their exhibition. This research suggests DL-based networking plan for SDN. We utilize an adaptive deep Q-network (ADQN) to fabricate the deep reinforcement learning routing plan. We exhibit the adequacy of the proposed framework through broad reproductions. Profiting from nonstop learning with a worldwide view, the proposed framework has lower stream fruition time, throughput and better burden stability as well as better vigor, contrasted with OSPF."
https://openalex.org/W4412445528,Enhancing EV Charging Navigation in Smart Grids with Dynamic Spiking Graph Neural Networks and Kookaburra Optimization Algorithm,2025,https://doi.org/10.1109/icima64861.2025.11073841,,"Electric Vehicle (EV) charging navigation in Smart Grids (SG) optimizes route and charging station selection for EV, ensuring efficient energy use, reduced waiting times, and balanced load distribution. The integrated management system improves transportation efficiency and energy system stability respectively. Accurate determination of EV charging station status represents a significant obstacle in navigation as it affects route planning through information on availability and operational conditions and current queue lengths. To overcome these drawbacks, this paper proposes a hybrid approach for enhancing EV charging navigation in SG. The process begins by gathering data from EV charging navigation dataset, which is then passed through a pre-processing phase. Maximum Correntropy Unbiased Minimum-Variance Filter (MCUMVF) is employed to clean and remove the missing value in the input data. The pre-processed output was fed to Dynamic Spiking Graph Neural Network (DSGNN) the data enters the classification phase, to enhance the accuracy of classification. The busy, available and out-of-service status of charging station is successfully classified by using DSGNN. The weight parameter of DSGNN is optimized using Kookaburra Optimization Algorithm (KOA). The DSGNN-KOA technique is implemented in MATLAB and evaluated using various performance metrics, including accuracy, precision, recall, F1-score, specificity and Root Mean Squared Error (RMSE). The results show that the DSGNN-KOA method outperforms existing approaches, such as Deep Reinforcement Learning (DRL), Machine Learning (ML), Enhanced Multi-Agent Neural Network (EMANN), Deep Learning (DL) and Multi-Agent Deep Neural Network (MADNN). DSGNN-KOA demonstrates exceptional performance through its 2.72 MAE and 0.85 RMSE values combined with 98.6% prediction accuracy and 98.4% precision for predicting available busy and out-of-service EV charger categories."
https://openalex.org/W4413886168,Advancements in Integrating AI with Geospatial Data for Autonomous Navigation of Land Vehicles,2025,https://doi.org/10.1109/ic_etc65981.2025.11141164,,"Autonomous navigation systems for land vehicles require precise environmental perception, real-time decisionmaking, and robust trajectory planning. This paper presents the development of an autonomous navigation system that integrates geospatial data with artificial intelligence (AI) techniques to enhance localization, obstacle detection, and path planning. The proposed system fuses multiple data sources, including GPS, LiDAR, and inertial measurement units (IMUs), with AI-driven models for sensor fusion, scene interpretation, and adaptive control. Deep learning and reinforcement learning algorithms are employed to optimize navigation in dynamic and unstructured environments. Experimental validation is conducted using a prototype vehicle in diverse terrains, assessing localization accuracy, obstacle avoidance efficiency, and real-time adaptability. The results demonstrate improved navigation robustness and efficiency compared to traditional rule-based methods. This research contributes to advancing autonomous vehicle navigation by leveraging AI and geospatial data fusion to enhance operational safety and performance."
https://openalex.org/W7110825678,Khalasi: Energy-Efficient Navigation for Surface Vehicles in Vortical Flow Fields,2025,https://doi.org/10.48550/arxiv.2512.06912,arXiv (Cornell University),"For centuries, khalasi (Gujarati for sailor) have skillfully harnessed ocean currents to navigate vast waters with minimal effort. Emulating this intuition in autonomous systems remains a significant challenge, particularly for Autonomous Surface Vehicles tasked with long duration missions under strict energy budgets. In this work, we present a learning-based approach for energy-efficient surface vehicle navigation in vortical flow fields, where partial observability often undermines traditional path-planning methods. We present an end to end reinforcement learning framework based on Soft Actor Critic that learns flow-aware navigation policies using only local velocity measurements. Through extensive evaluation across diverse and dynamically rich scenarios, our method demonstrates substantial energy savings and robust generalization to previously unseen flow conditions, offering a promising path toward long term autonomy in ocean environments. The navigation paths generated by our proposed approach show an improvement in energy conservation 30 to 50 percent compared to the existing state of the art techniques."
https://openalex.org/W7136063143,"Realistic scenario-based trajectory control, path planning, and collision avoidance for autonomous vehicles",2026,https://doi.org/10.1016/j.eswa.2026.132078,Expert Systems with Applications,
https://openalex.org/W7114820325,Khalasi: Energy-Efficient Navigation for Surface Vehicles in Vortical Flow Fields,2025,,arXiv (Cornell University),"For centuries, khalasi (Gujarati for sailor) have skillfully harnessed ocean currents to navigate vast waters with minimal effort. Emulating this intuition in autonomous systems remains a significant challenge, particularly for Autonomous Surface Vehicles tasked with long duration missions under strict energy budgets. In this work, we present a learning-based approach for energy-efficient surface vehicle navigation in vortical flow fields, where partial observability often undermines traditional path-planning methods. We present an end to end reinforcement learning framework based on Soft Actor Critic that learns flow-aware navigation policies using only local velocity measurements. Through extensive evaluation across diverse and dynamically rich scenarios, our method demonstrates substantial energy savings and robust generalization to previously unseen flow conditions, offering a promising path toward long term autonomy in ocean environments. The navigation paths generated by our proposed approach show an improvement in energy conservation 30 to 50 percent compared to the existing state of the art techniques."
https://openalex.org/W7117115083,Multiple equipment scheduling and routing for container terminals using quantum-inspired deep learning,2025,https://doi.org/10.1016/j.asoc.2025.114530,Applied Soft Computing,
https://openalex.org/W4416975605,A fractal deep learning model for optimizing e-commerce warehousing and logistics,2025,https://doi.org/10.3934/jimo.2026014,Journal of Industrial and Management Optimization,"E-commerce warehousing and logistics optimization are crucial in meeting increased consumer demand, reducing costs, and improving operational efficiency. Previous work has applied machine learning and deep learning techniques to improve inventory management, demand forecasting, and route optimization in logistics. However, the challenges of scalability and adaptability remain, mainly in dealing with complicated and dynamic e-commerce warehousing operations. This research proposes the Fractal Deep Learning Model with the Particle Swarm Optimization algorithm (FDLM-PSO) to upgrade the efficacy and adaptability in e-commerce warehousing and logistics. In the FDLM, fractal neural networks support hierarchical learning and processing of multidimensional data related to inventory levels, real-time delivery schedules, and geographic constraints. PSO is a strong optimization technique for dynamic route planning under variable constraints, like traffic and customer priorities, ensuring efficient delivery schedules. Additionally, reinforcement learning is integrated with adaptive inventory control, enabling the real-time creation of decisions aiming at stockouts or overstocking reduction. Results from the proposed model show a 20% reduction in inventory holding cost, a 25% enhancement in delivery time prediction, and a 20% improvement in route efficiency compared to conventional methods. The paper's ability to scale and adapt to high-demand fluctuations attests to its robustness and applicability. The proposed FDLM-PSO addresses critical gaps in the current methodology, developing a scalable and efficient framework for optimizing e-commerce logistics and warehousing operations."
https://openalex.org/W4401279700,Optimizing Vehicle Routing by Incorporating Driver Preferences: A Pointer Network and Deep Q Network (Pndqn) Approach,2024,https://doi.org/10.2139/ssrn.4913614,SSRN Electronic Journal,
https://openalex.org/W4409309836,SIMULATION OF UAV TRAFFIC IN URBAN AERIAL NETWORKS USING MONTE-CARLO AND DISCRETE-EVENT SIMULATION MODELS,2025,https://doi.org/10.37701/ts.07.2025.13,Випробування та сертифікація,"The research focuses on developing an integrated simulation model for managing unmanned aerial vehicle (UAV) traffic in urban airspace. By combining Monte Carlo and discrete-event modeling (DEM) methods, the study aims to optimize UAV route planning under high air traffic density conditions, considering spatial constraints and stochastic influences. The primary objective is to create an efficient UAV rerouting algorithm that minimizes collision risks, reduces delays, and improves the overall utilization of urban airspace. The research methodology incorporates Monte-Carlo techniques to model stochastic events such as weather changes, emergencies, and fluctuating traffic patterns, while DEM is used to analyze UAV traffic flow dynamics and optimize routing strategies based on real-time conditions. The proposed adaptive rerouting algorithm dynamically adjusts UAV trajectories based on real-time parameters, including flight speed, route configuration, and traffic density within specific zones. This ensures a quick response to evolving air traffic conditions, enabling more effective and safer UAV operations while minimizing fuel consumption and maximizing mission efficiency. Simulation results indicate that implementing the proposed model reduces the average UAV waiting time in congested zones by 20-30%, leading to more balanced airspace utilization and more efficient allocation. The adaptive redirection strategy prevents local traffic overloads, enhancing flight safety, lowers the probability of mid-air conflicts, and optimizing UAV navigation paths. The results confirm that integrating Monte-Carlo and DEM approaches is a robust method for modeling urban UAV traffic and assessing the impact of dynamic constraints. The developed framework can be employed in urban air traffic management systems, particularly in logistics, emergency response, infrastructure monitoring, and smart city applications. Future research can focus on enhancing real-time decision-making mechanisms, incorporating and improving UAV autonomy for large-scale deployment in complex urban environments. Additionally, further refinements of the model could include multi-agent reinforcement learning techniques to improve decision-making in high-density scenarios, ensuring even more efficient UAV coordination and airspace optimization."
https://openalex.org/W7167358651,Optimization scheme for content placement in internet of vehicles based on content popularity and mobility perception,2026,https://doi.org/10.1016/j.engappai.2026.115576,Engineering Applications of Artificial Intelligence,
https://openalex.org/W7170046497,Adaptive primal–dual Q-learning for electric vehicle route optimization on real-world charging networks,2026,https://doi.org/10.1038/s41598-026-49124-8,Scientific Reports,"Electric Vehicles (EVs) are emerging as sustainable alternatives to internal combustion engine vehicles; however, efficient route planning remains a major challenge due to limited driving range, sparse charging infrastructure, and variable energy consumption patterns. Traditional shortest-path algorithms, such as Dijkstra's and A*, often fail to account for EV-specific factors, including charging station availability, connector compatibility, and energy constraints. This study presents a comprehensive EV route optimization framework that integrates reinforcement learning (RL) with graph-based methods. A novel Dual Q-Adaptive Weighting model that balances reward and cost through a primal-dual learning mechanism is proposed. The framework learns energy-aware routing strategies from historical navigation experience. The model is compared against standard RL approaches-Q-Learning and Double Q-Learning-as well as enhanced variants of A* and Dijkstra's algorithms that incorporate charging density and time-penalty considerations. Real-world EV charging infrastructure data from the Alternative Fuels Data Center (AFDC) and Placekey datasets are used to construct a clustered navigation graph via DBSCAN. Experimental results across multiple intercity routes show that the proposed Dual Q-Adaptive model achieves the highest route accuracy of 78.66%, outperforming Double Q-Learning (76.27%), Q-Learning (77.52%), and traditional A* (74.26%) and Dijkstra (60.92%) algorithms. A* and Dijkstra with modifications, use fewer charging stops than traditional algorithms. The Improvised algorithms provide substantial improvements over their baseline counterparts. The results demonstrate that reinforcement learning integrated with graph-theoretic optimization can enable scalable, infrastructure-aware, and efficient EV route planning."
https://openalex.org/W7167980799,Towards Reliable Aerial Ground Vehicle Collaboration: An Integrated Planning and Autonomy Framework for Field Deployment,2026,,arXiv (Cornell University),"Limited flight endurance significantly restricts the operational range of unmanned aerial vehicles (UAVs) in long duration missions such as surveillance and inspection, where multiple spatially distributed Areas of Interest (AOIs) must be visited. These tasks require efficient routing determining the sequence of visits which directly impacts mission time, energy consumption, and overall feasibility. Pairing UAVs with unmanned ground vehicles (UGVs) for mobile recharging offers a promising solution, but introduces a tightly coupled cooperative routing problem involving UAV route planning, UGV road constrained movement, energy management, and rendezvous scheduling under uncertainty. In this work, we present an integrated planning and autonomy framework for reliable field deployment. We formulate the problem as an energy constrained cooperative routing task and solve it using a Deep Reinforcement Learning (DRL) based planner that jointly optimizes the UAV visitation sequence and rendezvous locations with the UGV, outperforming baseline heuristics in minimizing total mission time. To bridge the gap between planning and execution, we introduce a standardized two layer YAML based mission API that captures environment states and structures lightweight, synchronized action sequences. This framework is supported by a complete autonomy stack using PX4/MAVSDK for UAV control and ROS 2/Nav2 for UGV navigation. Furthermore, we propose a lightweight Rendezvous Aware Replanner (RARP) that operates online to handle environmental uncertainties, reducing energy margin violations from 83.33% to 20.00%. The full system is validated through outdoor field experiments, demonstrating robust cooperative navigation and adaptability in dynamic tasks, including a search and rescue scenario with vision language model (VLM) based hazard detection"
https://openalex.org/W7167812640,Towards Reliable Aerial Ground Vehicle Collaboration: An Integrated Planning and Autonomy Framework for Field Deployment,2026,https://doi.org/10.48550/arxiv.2607.07350,arXiv (Cornell University),"Limited flight endurance significantly restricts the operational range of unmanned aerial vehicles (UAVs) in long duration missions such as surveillance and inspection, where multiple spatially distributed Areas of Interest (AOIs) must be visited. These tasks require efficient routing determining the sequence of visits which directly impacts mission time, energy consumption, and overall feasibility. Pairing UAVs with unmanned ground vehicles (UGVs) for mobile recharging offers a promising solution, but introduces a tightly coupled cooperative routing problem involving UAV route planning, UGV road constrained movement, energy management, and rendezvous scheduling under uncertainty. In this work, we present an integrated planning and autonomy framework for reliable field deployment. We formulate the problem as an energy constrained cooperative routing task and solve it using a Deep Reinforcement Learning (DRL) based planner that jointly optimizes the UAV visitation sequence and rendezvous locations with the UGV, outperforming baseline heuristics in minimizing total mission time. To bridge the gap between planning and execution, we introduce a standardized two layer YAML based mission API that captures environment states and structures lightweight, synchronized action sequences. This framework is supported by a complete autonomy stack using PX4/MAVSDK for UAV control and ROS 2/Nav2 for UGV navigation. Furthermore, we propose a lightweight Rendezvous Aware Replanner (RARP) that operates online to handle environmental uncertainties, reducing energy margin violations from 83.33% to 20.00%. The full system is validated through outdoor field experiments, demonstrating robust cooperative navigation and adaptability in dynamic tasks, including a search and rescue scenario with vision language model (VLM) based hazard detection"
https://openalex.org/W4412550911,The Application of IoT-Based Path Search Algorithms in Rural Tourism Experience,2025,https://doi.org/10.1142/s0129156425407764,International Journal of High Speed Electronics and Systems,"The development of rural tourism has gained significant attention in recent years, with increasing emphasis on enhancing tourist experiences through intelligent navigation and optimized route planning. Traditional path search algorithms, such as Dijkstra and A*, have been widely used for route optimization. However, these approaches often fail to adapt to dynamic environmental factors, user preferences, and real-time traffic conditions in rural areas. Additionally, conventional methods lack the capability to leverage heterogeneous data sources from IoT devices, limiting their effectiveness in personalized and adaptive path recommendations. To address these challenges, we propose IoT-PathFinder, a novel path search algorithm that integrates Internet of Things (IoT) data with intelligent route optimization strategies. The model combines Reinforcement Learning for adaptive decision-making, Graph Neural Networks for spatial awareness, and Transfer Learning to enhance model generalization across different rural landscapes. Moreover, a context-aware feedback mechanism is incorporated to continuously refine route recommendations based on user interactions and environmental changes. Experimental results demonstrate that IoT-PathFinder outperforms existing state-of-the-art methods across multiple metrics. On the RuralNav dataset, the model achieves an accuracy of 96.12%, an F1 Score of 93.87%, and a route optimization efficiency improvement of 17.5% compared to baseline methods. The real-time inference time is reduced to 185.34 ms, enabling efficient path computations for practical applications. The significance of this research lies in its ability to provide an intelligent, adaptive, and scalable solution for enhancing rural tourism experiences through IoT-driven path search algorithms. By integrating cutting-edge machine learning techniques and real-time IoT data, IoT-PathFinder ensures more personalized, efficient, and context-aware route recommendations, ultimately improving the overall satisfaction of tourists exploring rural destinations."
https://openalex.org/W7131224114,"AI-Based Traffic Congestion Prediction in Smart Cities: Machine Learning Architectures, Real-Time Data Integration, and Intelligent Urban Mobility Optimization Systems",2025,https://doi.org/10.54660/.jfmr.2026.7.1.120-125,Journal of Frontiers in Multidisciplinary Research,"The proliferation of urban vehicles and the resultant traffic congestion have necessitated advanced predictive solutions within smart city frameworks, where artificial intelligence serves as the foundational technology for proactive transportation management. This article examines the integration of machine learning architectures, real-time data streams, and intelligent optimization systems for traffic congestion prediction in urban environments. The analysis encompasses supervised learning models including support vector machines and gradient boosting, alongside deep learning architectures such as long short-term memory networks, convolutional neural networks, graph convolutional networks, and transformer-based models that capture spatiotemporal dependencies inherent in traffic dynamics. Data acquisition mechanisms utilizing Internet of Things sensors, traffic cameras, GPS-enabled devices, and connected vehicle infrastructure provide the high-resolution inputs necessary for real-time analytics. Prediction mechanisms span short-term forecasting for immediate traffic signal adjustment and long-term prediction for urban planning, with reinforcement learning enabling adaptive signal control optimization. Major applications include adaptive traffic management systems, dynamic route guidance, and environmental impact reduction through congestion mitigation. The article concludes by identifying persistent challenges including data privacy vulnerabilities, model interpretability limitations, and scalability constraints, while emphasizing that hybrid architectures combining multiple AI paradigms offer the most promising trajectory for next-generation intelligent transportation systems."
https://openalex.org/W7165541597,Autonomous planning algorithm for the full coverage inspection route of rotary wing unmanned aerial vehicles for photovoltaic power plants,2026,https://doi.org/10.1007/s10791-026-10242-6,Discover Computing,"This study presents an autonomous full-coverage inspection route planning algorithm for rotary wing unmanned aerial vehicles (UAVs) in photovoltaic power plants. The method begins by normalizing environmental point cloud data from photogrammetry and lidar, aligning them via rotation and translation. A Gaussian mixture model is then applied to complete the global environmental modeling. The modeled environment is segmented into independent regions using spectral clustering. The entropy weight method determines target inspection areas, and threshold-based positioning identifies specific targets and obstacles. A spatial attention mechanism transforms the positioning data into two dimensions to calculate the required number of inspection routes. A distance formula corrects these routes to maintain a safe clearance between the UAV’s rotors and the photovoltaic modules, yielding preliminary planned paths. Reinforcement learning is employed for autonomous route planning, and the results are further optimized using a search optimization algorithm based on artificial potential fields. Simulation results demonstrate that the global environment modeling achieves elevation and plane errors under 0.4 m, with target and obstacle positioning errors within 20 mm. The planned routes successfully cover all target waypoints, effectively avoid obstacles, maintain a safe rotor-to-array distance, and increase the inspection coverage rate to over 96%."
https://openalex.org/W4415386834,Solving electric vehicle routing problem with recharging and battery swapping using a collaborative decision attention network,2025,https://doi.org/10.1016/j.eswa.2025.130116,Expert Systems with Applications,
https://openalex.org/W4405446105,"Optimal Joint Vehicle Routing, Battery Redistributing and Recharging Schemes for Mobile Battery Swapping Services",2024,https://doi.org/10.2139/ssrn.5056658,SSRN Electronic Journal,
https://openalex.org/W7167032434,"Artificial intelligence-driven embedded sensing, digital twin, and modular electrified vehicle systems for intelligent sustainable mobility",2026,https://doi.org/10.1007/s44465-026-00025-0,Discover Vehicles,"Abstract The rapid transition toward sustainable and electrified transportation has accelerated the integration of artificial intelligence (AI) and embedded intelligence across modern mobility platforms. Despite significant advancements in electric and hybrid transportation systems, existing review studies predominantly focus on isolated aspects such as battery management, autonomous perception, or energy optimization, lacking a unified perspective on how AI-driven embedded systems collectively shape next-generation intelligent mobility ecosystems. This paper presents a comprehensive and forward-looking review of AI-enabled embedded architectures for electric and hybrid transport systems, while also incorporating original analytical insights on deep reinforcement learning (DRL)-based energy management and range optimization frameworks. The study critically examines AI-assisted battery state-of-charge estimation, predictive battery management systems (BMS), real-time sensor fusion, embedded vehicle health monitoring, digital twins (DTs), IoT-enabled diagnostics, and vehicle-to-everything (V2X) communication technologies. Furthermore, the review investigates AI-optimized propulsion architectures, modular power electronic interfaces, and intelligent perception systems integrating LiDAR, radar, and vision sensors for autonomous driving applications. Unlike conventional surveys, this work bridges the gap between embedded AI hardware, intelligent sensing, energy-aware control, and scalable mobility infrastructure within a unified framework. In addition, DRL-based dispatch strategies for battery energy storage systems (BESS) are comparatively analyzed against traditional rule-based and model predictive approaches, demonstrating improved adaptability and operational efficiency under dynamic and high-temperature operating conditions. The paper also highlights emerging opportunities associated with generative AI and large language models (LLMs) for vehicle health diagnostics, adaptive route planning, and intelligent energy management. Finally, critical research challenges related to explainability, computational complexity, battery aging, sensor reliability, and large-scale deployment are discussed to outline future directions toward practical, sustainable, and autonomous AI-driven transportation ecosystems."
https://openalex.org/W7125587841,Simulation Process as a Branch of Operations Research for Automation of Electronic Four-wheeler Vehicles: Algorithm and C++ Implementation,2026,https://doi.org/10.36948/ijfmr.2026.v08i01.67106,International Journal For Multidisciplinary Research,"The study aims to explore the intersection of Operations Research (OR), Artificial Intelligence (AI), and simulation by examining how classical OR methodologies strengthen AI models, particularly in machine learning, robotics, natural language processing, and autonomous systems. It further investigates the critical role of simulation in training, testing, and validating AI algorithms, emphasizing its relevance for optimization, intelligent decision-making, and real-world system modelling. The study adopts a comprehensive analytical and literature-based methodology, reviewing foundational OR techniques, simulation principles, and modern AI applications. It synthesizes interdisciplinary research across mathematics, computer science, and engineering, supported by case analyses in robotics, healthcare, transportation, and autonomous systems. Additionally, a demonstration algorithm is developed to simulate automatic gear-control behavior in vehicles, illustrating how simulation models practically support AI-oriented operational decision-making. Findings reveal that OR optimization techniques significantly enhance AI efficiency, particularly in parameter tuning, resource allocation, and adaptive decision-making. Simulation is shown to be indispensable for AI training, offering controlled, safe, scalable, and cost-effective environments. The study identifies persistent challenges—including the reality gap, computational demands, and model bias—yet confirms that simulation and OR jointly accelerate AI development and broaden its practical reliability. The integrated OR–AI–simulation framework is applicable to numerous fields, including autonomous vehicle navigation, robotic motion planning, intelligent healthcare systems, logistics optimization, and smart city management. Industries benefit from improved forecasting, reduced operational costs, enhanced safety, and high-fidelity algorithm testing. Simulated environments also support reinforcement learning, surgical training, autonomous decision-making, and large-scale scenario evaluation, contributing to more efficient and intelligent real-world systems. The study’s novelty lies in its unified perspective that connects classical OR optimization principles with AI advancements through simulation-based experimentation. It uniquely synthesizes concepts from mathematics, computer science, and AI to highlight simulation as a bridge enabling intelligent automation. The inclusion of a practical simulation algorithm for automatic vehicle gear control further demonstrates how OR-driven simulation can concretely operationalize AI-based decision systems. Operations Research (OR) and Artificial Intelligence (AI) have both independently evolved as transformative fields which have shown impact on decision-making and problem-solving across diverse domains. While Operations Research makes available a foundation of mathematical modeling and optimization techniques, Artificial Intelligence sets up intelligence through learning, reasoning, and data-driven methods. This seminar paper presented by us explores how Operations Research gets involved in the development and enhancement of Artificial Intelligence (AI) systems. We, in this paper, have tried to discuss Key applications and case studies to highlight the synergies between these fields, remarkably in optimization, logistics, resource allocation, and automated decision-making. Simulation, an approach of Operations Research, has become a cornerstone in the field of Artificial Intelligence (AI), suggesting an experimental platform for testing hypotheses, training algorithms, and evaluating systems in controlled, cost-effective, and scalable environments. Our paper explores the central role simulations play in advancing Artificial Intelligence (AI) research and applications, with a focus on their integration in machine learning, robotics, and decision-making systems."
https://openalex.org/W4389861060,&lt;strong&gt;&lt;/strong&gt;Revolutionizing Small-Scale LNG Business: Optimal Strategies for an Adaptive and Sustainable Supply Chain&lt;strong&gt; &lt;/strong&gt;,2023,https://doi.org/10.20944/preprints202312.1145.v1,Preprints.org,"Transforming Small-Scale LNG Business, Enhancing Efficiency and Resilience in an Evolving Supply Chain In various industries, innovative systems have proven their value due to their efficiency and adaptability. A prime example of this lies in the rapid growth of the liquefied natural gas (LNG) market. LNG, a fuel derived from natural gas, has gained significant traction in recent years. In light of this, we aim to explore optimal strategies for small-scale LNG businesses, with a focus on revolutionizing their supply chain to ensure adaptability and sustainability. Our objective is to enhance efficiency and sturdiness in this evolving sector. By devising innovative methods and implementing cutting-edge technologies, we aim to revolutionize the small-scale LNG market, paving the way for a more optimized and resilient supply chain. Through this transformation, we strive to create a sustainable and adaptable framework that will drive the growth and success of a small-scale LNG businesses.LNG' ability to be transported and stored more cost-effectively in its reduced volume compared to natural gas in its original state is a significant advantage. The distribution network for LNG starts at numerous supply terminals and extends to a diverse range of consumption centers, each with varying tank capacities. In the broader economic context, the establishment of efficient routes for LNG Truck tank plays a critical role.To tackle the challenge of selecting a pickup location and determining optimal destinations with specific unloading volumes for liquefied natural gas (LNG), this research presents an innovative solution utilizing state-of-the-art machine learning techniques. The proposed approach combines the power of reinforcement learning, recurrent neural networks, online learning, and graph theory. By leveraging these cutting-edge techniques, we aim to develop an intelligent system that can effectively determine the most efficient pickup location and sequence of destinations for LNG delivery. This system will take into account various factors such as transportation costs tank capacity, and demand fluctuations. Through the integration of reinforcement learning, the system will continuously learn and improve its decision-making process in real-time. The recurrent neural networks will allow for the analysis of historical aim to model and optimize the complex network of pickup and delivery routes, considering factors such as distance, capacity constraints, and operational efficiencies. With this innovative approach, we strive to revolutionize the selection and planning process for LNG pickup and delivery, ultimately enhancing efficiency and reducing cost within the LNG supply chain.Improving the distribution network offers several financial benefits, including cost reduction, faster delivery times, more affordable distribution, and enhanced efficiency in the utilization of tanker trucks for LNG transportation. By optimizing the distribution network, transit costs associated with LNG transportation can be significantly lowered. This can be achieved through intelligent route planning, taking into account factors such as distance, traffic conditions, and fuel consumption. Minimizing transit costs contributes to overall savings for businesses operating in the LNG market. Faster delivery times are another advantage of an enhanced distribution network. By designing efficient routes and eliminating unnecessary detours or delays, the time taken for LNG to reach its intended destinations can be reduced. This not only improves customer satisfaction but also allows for more frequent deliveries and better coordination of supply and demand. Cheaper distribution is a direct outcome of an optimized distribution network. By strategically planning pickup locations, destinations, and intermediate stops, the costs associated with transferring LNG between terminals and consumption centres can be minimized. This leads to savings in transportation expenses, ultimately benefiting both businesses and end-users. Efficient utilization of tanker trucks is crucial for maximizing profitability in the LNG industry. An improved distribution network enables better allocation of resources, ensuring that tanker trucks are utilized optimally. This includes reducing empty or underutilized trips, maximizing load capacities, and minimizing idle time. Such efficiency improvements translate to cost savings and increased revenue for businesses involved in LNG transportation. Overall, the financial gains from improving the distribution network are substantial. Lower transit costs, faster delivery times, cheaper distribution, and more efficient use of tanker trucks contribute to increased profitability, competitiveness, and sustainability in the LNG market."
https://openalex.org/W7135057369,Large Scale Future Route Management for Intelligent Transportation,2026,https://doi.org/10.14711/thesis-hdl169574,,"Intelligent transportation systems are crucial for modern smart cities, with vehicle navigation systems playing a key role in shaping traffic flow. The rapid development of GPS technology and self-driving vehicles has led to the increasing availability of the future route data, which refers to a sequence of road segments with associated departure times. This data represents the recommended routes that users are expected to follow in the near future but are not currently traveling on the road network. This thesis aims to explore the value of future route data by developing an efficient and accurate future route data management system, with applications in traffic prediction, route planning, traffic signal control, digital twin, and other related problems. The primary challenges addressed in this work include: (1) Given a road network and a set of future route data, accurately and efficiently estimating future traffic conditions at different timestamps across all road segments; (2) Managing continuous updates to future route data, such as the appearance of new routes, trip cancellations, or reroutes, and efficiently querying and updating the affected estimated future traffic conditions; (3) Effectively integrating the estimated future traffic conditions into real-time transportation applications, such as route planning and traffic signal control, to enhance the performance under dynamic and evolving traffic conditions. To overcome these challenges, this thesis proposes the following techniques: (1) The macro-scopic traffic simulation algorithm. Unlike fine-grained simulation algorithms, which calculate the driving behavior of each vehicle every second, this algorithm uses a priority queue and route labels to maintain the correct order of vehicle movements. It then combines this approach with lightweight machine learning models to predict the travel time for each vehicle on each road segment, based on static road features and dynamic traffic flow. This method enables accurate and efficient estimation of future traffic conditions, providing fine-grained traffic predictions at a significantly lower computational cost compared to microscopic simulations and deep-learning-based frameworks. (2) An incremental route-record index structure is introduced to efficiently manage frequent route changes without the need for complete recalibration. In the macroscopic traffic simulation algorithm, the entry and exit times of vehicles on each road segment, along with corresponding traffic flow, are stored in the route-record index structure. When a route update occurs, this structure allows for the efficient identification and updating of the affected records. Additionally, pruning techniques, such as early termination, are employed to estimate the scope of the update and prevent unnecessary recalculations. (3) This thesis explores how future route data can be integrated into reinforcement learning-based traffic signal control. By ensuring both efficiency and accuracy, the future route data management system can provides the near-future traffic conditions. This enables the RL algorithm to make more reliable decisions that combine future information, and reducing congestion and improving traffic flow efficiency."
https://openalex.org/W4414792523,Optimising Logistics Operations using Geospatial Algorithms with Adaptive Route Evolution,2025,https://doi.org/10.53982/ajerd.2025.0803.03-j,ABUAD Journal of Engineering Research and Development (AJERD),"Rapid urbanisation in cities like Lagos, Nigeria has impaired traffic congestion and route-planning, causing delivery delays stemming from logistic inefficiencies leading to operational costs; to overcome these challenges, an Adaptive Route Evolution (ARE) model that integrates A* for initial shortest-path generation, a Genetic Algorithm (GA) for offline route refinement, and Reinforcement Learning (RL) for real-time adjustments based on live traffic data is proposed. In simulations of two vehicles traversing standard delivery corridors with geospatial road-network data and real-time traffic APIs, Vehicle 1’s delivery time decreased from 78 min to 70 min after A* (–10.3%), 65 min after GA (–17%), and 61 min after RL (–21.8%), while Vehicle 2’s time fell from 120 min to 90 min after A* (–25%), 83 min after GA (–30.8%), and 79 min after RL (–34.2%), yielding an average 27.5% reduction in delivery time and an estimated 22% drop in fuel and driver costs. ARE provided a complete end-to-end optimisation framework by combining RL’s adaptability with A*’s shortest-path planning and GA’s sequence optimisation. It demonstrated scalability and effectiveness in dynamically optimising urban logistics, reducing both transit delays and carbon emissions, and enabling a more sustainable and cost-efficient transportation system in line with Sustainable Development Goals (SDGs) 7, 11, and 13."
https://openalex.org/W7125214538,Digital twin-enabled proactive operational control for smart highways: a V2X-enhanced dynamic prediction-decision-execution framework,2026,https://doi.org/10.1049/icp.2025.4500,IET conference proceedings.,"To overcome the limitations of passive responsive control in smart highways, such as decision-making delays and inefficient resource allocation, this study proposes a digital twin (DT)-driven proactive operational control framework. The framework integrates real-time Internet of Things (IoT) sensing data, historical traffic flow, and high-precision Geographic Information System (GIS)/Building Information Modeling (BIM) models to construct a dynamic digital twin. Multi-scale simulation (macro-scale cell transmission model, meso-scale car-following model, and micro-scale reinforcement learning-based behavior model) enables traffic state prediction and incident evolution analysis. Leveraging Vehicle-to-Everything (V2X) technology, a vehicle-road-cloud collaboration mechanism is established: roadside units (RSUs) collect real-time vehicle trajectories and anomaly event data, while the digital twin generates strategies such as congestion warnings, dynamic speed limits, and route guidance. These strategies are disseminated via a Quality of Service (QoS) prioritization mechanism based on the IEEE 802.11p protocol, ensuring critical command latency below 50 ms. A mixed-integer programming model jointly optimizes traffic efficiency and safety objectives, with decision variables covering speed limits, ramp control, and guidance information, while constraints incorporate V2X communication bandwidth and vehicle dynamics. Validation on a 53 km smart highway testbed demonstrated a full-process latency reduction to 65 ms, a 17.3% increase in average speed, a 34.7% decrease in emergency braking incidents, and 95.6% of command delays below 82 ms. The results confirm that the framework achieves a ""prediction-decision-execution"" closed loop, significantly enhancing proactive intervention capabilities."
https://openalex.org/W4412956749,AI-Enhanced Route Optimization Algorithms: A Survey on Intelligent Transportation Systems,2025,https://doi.org/10.48175/ijarsct-28607,International Journal of Advanced Research in Science Communication and Technology,"India, possessing the world’s second-largest road network, continues to experience frequent and fatal road accidents, emphasizing the critical need for effective traffic monitoring and route optimization. In order to increase road safety, alleviate traffic, and control traffic, modern technologies like cloud computing, artificial intelligence (AI), the Internet of Things (IoT), and real-time data analytics have been combined to create Intelligent Transportation Systems (ITS), which have revolutionized the industry. This paper investigates the foundational concepts of route optimization in ITS, the enabling communication technologies such as V2X, DSRC, and C-V2X, and the architecture of ITS data ecosystems. A key component of dynamic route planning is the integration of AI through machine learning (ML), deep learning (DL), reinforcement learning, swarm intelligence, traffic signal optimization, and predictive maintenance. Furthermore, the paper reviews key AI-based methodologies, real-world case studies, and emerging techniques aimed at improving efficiency, safety, and sustainability in transportation. The paper concludes by highlighting ongoing advancements and identifying future directions for research in AI-driven ITS frameworks"
https://openalex.org/W7163035883,Spatiotemporal parking prediction and route optimization,2026,https://doi.org/10.1049/icp.2026.1977,IET conference proceedings.,"With increasing urban car ownership, parking demand has surged, yet limited space often makes nearby spots unavailable. Although real-time, cloud-based applications and historical-data-based predictions exist, they frequently overlook travel distance and time, causing mismatches in availability. Some studies employ heuristic or reinforcement learning for route guidance but neglect factors like agent-to-parking distance, probability variations, and geographic topology. This study introduces a utility-based model integrating these elements, using a Spatio-Temporal Graph Neural Network (ST-GNN) to capture road-parking correlations. Compared with Agent57 and DQN, the model, simulated in SUMO, adapts to traffic and demand fluctuations, improving parking success and efficiency."
https://openalex.org/W7160058577,Artificial Intelligence and Machine Learning Applications in Decarbonized Transport,2026,https://doi.org/10.4018/979-8-3373-9003-1.ch001,Advances in computational intelligence and robotics book series,"The transportation sector accounts for approximately 24% of global energy-related carbon dioxide emissions, making it a critical domain for decarbonization efforts. Artificial intelligence and machine learning technologies have emerged as transformative tools for achieving sustainable transport systems through intelligent optimization of energy management, traffic flow, route planning, and predictive maintenance. This chapter provides a comprehensive examination of AI and ML applications across multiple transport modalities, including electric vehicles, autonomous driving systems, urban traffic management, and multimodal logistics. Through systematic analysis of recent innovations in reinforcement learning, deep neural networks, and predictive analytics, the chapter demonstrates how these technologies enable significant reductions in energy consumption and emissions while improving operational efficiency."
https://openalex.org/W4327966539,Smart and Efficient EV Charging Navigation Scheme in Vehicular Edge Computing Networks,2023,https://doi.org/10.21203/rs.3.rs-2694464/v1,Research Square,"Abstract With the increasing number of electric fast charging stations (FCSs) deployed along roadsides of both urban roads and highways, the long-distance travel of electric vehicles (EVs) becomes possible. The EV charging navigation scheme is significant for the quality of user experience. However, the variable conditions of both power grid and traffic networks make it a serious challenge. In this paper, we propose an efficient EV charging navigation scheme while considering both the electric and computation resource sharing. With the support of vehicular edge computing networks in intelligent transportation systems (ITSs), EVs perform both the flexible power load and edge computing nodes. When the traffic network in the established route starts to become congested, EVs can select to enter the nearest FCS. In addition to being supplemented by electric resources, EVs also benefit by sharing their own computing resource with FCSs. We formulate the EV charging navigation as a mixed integer programming problem, the EV moving route planning, FCS selection, and staying time in FCSs are optimized, to balance the relationships among the traveling time, traveling cost and reward. To address the influence caused by the randomness of traffic conditions and charging prices, a two-stage charging navigation algorithm combined with A* algorithm and deep reinforcement learning (DRL) is proposed, with a novel designed reward function. Eventually, numerous experimental results show the effectiveness of the proposed schemes."
https://openalex.org/W4286826910,Graph-Env,2022,https://doi.org/10.11578/dc.20220622.3,OSTI OAI (U.S. Department of Energy Office of Scientific and Technical Information),"The Graph-Env library provides a framework for adapting graph search problems into OpenAI Gym environments for reinforcement learning. In other words, Graph-Env enables reinforcement learning algorithms to be applied to graph search problems. Graph search problems include molecule and crystal structure design problems; route planning problems, including traveling salesperson problem; puzzles and games, such as chess and go; shortest path problems; minimum spanning tree; vehicle path generation; and others."
https://openalex.org/W4415527711,"Community Adaptation and Resilience in Coastal Louisiana: Environmental Disasters, Insurance Price Surge, and Out-migration",2025,https://doi.org/10.31390/gradschool_theses.6192,,"Electric vehicle (EV) charging optimization is a critical challenge in sustainable transportation. This study focuses on three fundamental questions: (1) when is the best time to charge an EV, (2) where is the optimal charging location, and (3) how should charging be planned considering navigation and routing decisions. Our primary objective is to determine the optimal time and location for EV charging while accounting for key factors such as real-time traffic conditions, spatial distribution of charging stations, and EV-specific attributes such as state of charge (SOC), driving range, and efficiency. To develop a robust and adaptive EV charging recommendation system, we employ Multi-Agent Reinforcement Learning (MARL) to derive an intelligent, self-improving charging strategy that dynamically adapts to evolving conditions. Unlike traditional approaches, which often rely on static road network data, our model integrates real-time traffic information like accidents from Google Maps to support dynamic decision-making. By incorporating live traffic data, we can better predict congestion patterns and optimize charging locations to minimize delays and improve overall travel efficiency. The proposed approach enhances system performance by optimizing charging schedules, reducing wait times, and improving route planning. By integrating real-world traffic data, our model provides a practical and scalable solution for EV users and urban planners, contributing to more efficient and intelligent EV charging infrastructure."
https://openalex.org/W4410714125,Sustainable Urban Mobility: Developing Eco-friendly Transportation Systems with AI Integration,2022,https://doi.org/10.63345/ijrmeet.org.v10.i9.3,International Journal of Research in Modern Engineering & Emerging Technology,"Sustainable urban mobility presents multifaceted challenges tied to growing traffic congestion, vehicle emissions, and fluctuating energy demands. Integrating artificial intelligence (AI) into urban transportation offers transformative opportunities to address these challenges systematically using data-driven insights and adaptive control. This enhanced abstract deepens the overview by exploring the synergies among advanced AI techniques—such as ensemble machine learning for traffic forecasting, multi-objective optimization for route planning, and hierarchical reinforcement learning for real-time signal coordination—alongside considerations for electric vehicle (EV) charging strategies. We include discussions on leveraging high-resolution spatiotemporal data from Internet of Things (IoT) sensors and connected vehicles, which empower predictive models to capture latent traffic patterns and demand spikes. Moreover, we reflect on the role of federated learning for preserving data privacy while enabling cross-jurisdiction collaborations, and the implications of edge computing to reduce latency in critical control loops. Our findings, derived from a comprehensive simulation framework, demonstrate that such AI-integrated systems can lower carbon dioxide emissions by up to 17.2%, reduce average travel times by 12%, and improve network throughput by 8%. Finally, we outline deployment considerations—ranging from interoperability standards and cybersecurity to stakeholder engagement—underscoring both the promise and the complexity of realizing AI-driven sustainable mobility by 2022."
https://openalex.org/W4286811113,Alleviating the Braess' Paradox: A Mixed Fairness Concern-Based Routing Game,2022,https://doi.org/10.2139/ssrn.4170379,SSRN Electronic Journal,
https://openalex.org/W4415639477,Task Scheduling and Path Planning of Hotel Service Robots Driven by Artificial Intelligence,2025,https://doi.org/10.31449/inf.v49i9.9444,Informatica,"Many hotels embrace intelligent service robots as a novel approach to enhancing customer satisfaction and streamlining operations. However, the ever changing hotel environment makes scheduling and managing obligations difficult. This research introduces Scheduling + Navigation Robotic Executor (SchedNav RX) for real time route planning and job prioritization. The proposed SchedNav RX utilizes a deep Q network based adaptive task scheduling reinforcement learning model, enabling robots to reschedule and prioritize tasks based on urgency and context dynamically. A convolutional neural network (CNN) enhances the standard A* algorithm for navigation by predicting obstacles in real time. This makes dynamic interior navigation safer and more efficient. TurtleBot 3 units were used for physical validation to enhance performance evaluation. SchedNav RX outperforms standard planning systems by 27% in task completion time and 35% in navigation safety while dealing with unexpected vehicle traffic. These findings demonstrate that SchedNav RX is essential for intelligent, autonomous robots to perform hotel service tasks efficiently and easily. The concept allows complicated hospitality environments to accommodate dispersed robotic systems driven by artificial intelligence. This work will evolve to incorporate reinforcement learning based guest feedback and interaction modules, enhancing the system's capabilities."
https://openalex.org/W7154146993,"Collective Autonomy Through Multi-Agent Coordination, Emotional Intelligence, and Swarm Learning",2026,https://doi.org/10.1109/icmsci67830.2026.11469348,,"This paper presents a new emotional intelligence (EI)-based swarm learning model to improve coordination and adaptability in a decentralized multiagent system. The proposed model will enable agents to share experiential knowledge and emotional context in real time, enhancing decision-making, conflict management, and collaboration in changing settings by combining EI and swarm learning. Three application scenarios for the framework were assessed: robotic coordination, autonomous vehicle navigation, and distributed sensor networks. The findings indicated significant efficiency improvements in task completion, with a 29% reduction in robotic coordination, autonomous vehicle navigation, and sensor network tasks. These improvements were statistically significant, as evidenced by paired t-tests with p-values$&lt;0.01$, indicating that the observed performance improvements were not due to chance. The given approach will help fill important gaps in current approaches to decentralized learning, such as Federated Learning (FL), which cannot be scaled, and Multi-Agent Reinforcement Learning (MARL), which cannot coordinate or adapt socially. Conversely, EI integration helps the system to better deal with dynamic and uncertain environments. The research direction in the future will be to prove the framework using real-life applications, e.g., robotics, autonomous transportation, as well as large-scale sensor networks, and to further develop more sophisticated emotion models, hybrid learning strategies, and communication optimization strategies to make the framework more scalable and robust in complex systems."
https://openalex.org/W4408757723,Q-Learning-Based Multi-step Model Predictive Control (QM-MPC) for UGVs Trajectory Tracking,2025,https://doi.org/10.1007/978-981-96-3572-6_16,Lecture notes in electrical engineering,
https://openalex.org/W4415389119,GAGE-Q: Reinforced Genetic Algorithm using Spatial Neighborhood Graph Embedding for Green Intermodal Transportation,2025,https://doi.org/10.5194/ica-adv-5-2-2025,Advances in Cartography and GIScience of the ICA,"Abstract. Intermodal transportation, using multiple modes in a single journey, promotes sustainable logistics. This paper addresses the Intermodal Vehicle Routing Problem and proposes GAGE-Q, which integrates graph embedding and Reinforcement Learning into a Genetic Algorithm. Our method models cities and their multi-modal connections as a graph, leveraging embedding for spatial dependencies and RL-based crossover for faster convergence and better solutions. Experiments on synthetic and real-world data show that GAGE-Q outperforms state-of-the-art methods, offering improved solution quality and efficiency in intermodal route planning."
https://openalex.org/W4399749839,Advanced Object Detection and Decision Making in Autonomous Medical Response Systems,2024,https://doi.org/10.20944/preprints202406.0811.v1,Preprints.org,"This paper focuses on enhancing the object detection and decision-making capabilities of Autonomous Emergency Medical Response Systems (AEMRS). Using advanced sensors, Convolutional Neural Networks (CNN), and reinforcement learning, we propose a model that processes environmental data to identify obstacles and make optimal navigation decisions. The integration of these technologies aims to minimize response time and improve the efficiency of emergency medical services. The perception system utilizes radar, LiDAR, and camera inputs to create a comprehensive understanding of the environment. These data are processed through a series of CNN layers to detect and classify objects such as vehicles, pedestrians, and road signs. On the decision-making front, a Q-learning algorithm is employed to enable the ambulance to learn from its interactions with the environment, continuously improving its route planning and collision avoidance strategies. By combining these advanced AI techniques, the proposed AEMRS can significantly enhance the speed and reliability of emergency responses, ultimately saving more lives. This paper presents the design, implementation, and simulation results of the proposed system, demonstrating its potential to revolutionize emergency medical services."
https://openalex.org/W4399696743,Advanced Object Detection and Decision Making in Autonomous Medical Response Systems,2024,https://doi.org/10.2139/ssrn.4867030,SSRN Electronic Journal,
https://openalex.org/W4402474374,Continuous Action Learning Automata: A Strategy for Dynamic Optimization of Invariant Kalman Filter Covariances,2024,https://doi.org/10.1109/ccece59415.2024.10667230,,"Accurate state estimation in autonomous vehicle navigation heavily relies on the precise tuning of Kalman filter covariance matrices. This paper introduces a novel application of Continuous Action Learning Automata (CALA) for the dynamic optimization of the measurement covariance matrix in a Left-Invariant Extended Kalman Filter (LIEKF). The proposed method leverages CALA’s reinforcement learning capabilities to fine-tune the filter parameters in response to environmental feedback adaptively. Integrating CALA with LIEKF, especially when augmented with Global Navigation Satellite System (GNSS) corrections, enhances the filter’s robustness and reliability in urban navigation tasks. Experimental results demonstrate that the CALA-enhanced LIEKF significantly outperforms traditional static methods, achieving lower mean absolute errors and improved accuracy during GNSS outages."
https://openalex.org/W7159567562,Efficiency OF Optimization Algorithms in Artificial Intelligence Applications,2025,,Neliti,"This article explores the effectiveness and efficiency of optimization algorithms in artificial intelligence (AI), focusing on the comparison between gradient-based and gradient-free methods. It investigates how these algorithms contribute to the optimization process in various AI applications, including deep learning, reinforcement learning, and real-world case studies such as autonomous vehicle navigation and medical image diagnosis. Through comprehensive experimentation and analysis, the study provides insights into the strengths, weaknesses, and trade-offs of different optimization techniques, including Adam, SGD, Particle Swarm Optimization (PSO), and Genetic Algorithms. The article also discusses the potential of hybrid optimization approaches that combine both gradient-based and heuristic methods to enhance convergence speed, computational efficiency, and model performance. The findings demonstrate the significant role of optimization in improving AI model performance, scalability, and adaptability across diverse applications, ultimately contributing to the advancement of AI technologies."
https://openalex.org/W4409495103,Strengthening Acquiring Knowledge for Optimizing Dynamic Delivery Routes,2025,https://doi.org/10.1109/ic363308.2025.10957539,,"One of the most important challenges for delivery networks in logistics is the dynamic route optimization problem, which becomes increasingly important over time given the complexity of real-time constraints, such as traffic and road conditions, as well as order and customer demand. In general, conventional route optimization techniques such as static algorithms or heuristic approaches cannot respond to these changing landscapes, resulting in non-optimal solutions. Recently, Reinforcement Learning has become a potential candidate to tackle this problem, due to its ability to learn from interaction within the environment and improve decisions progressively. The soundness of RL approaches used in developing quasi-optimal dynamic routes provides an opportunity to optimize route plans, enhance efficiency, reduce operational costs, and further improve service quality in delivery networks. Reinforcement learning is actually a subfield of machine learning in which an agent learns to behave in an environment, in avow to maximize the long-term expected cumulative reward. The space in the case is the delivery network that includes the roads and traffic conditions as well as customers and other time variant spaces. In this case, the agent is the route optimization algorithm which takes in real-time feedback on which routes to take. This enables it to take the best possible action according to the state of the environment and discern from having learned over a time based on the reward signals provided for the actions it performed while interacting with its neighbouring environment to adapt better and reach optimal positive feedback towards the deliveries of packages. As such, the best routes and timing of deliveries needs to be matched such that the respective time and cost may be minimized, resulting in already significant gains made from traditional optimization approaches being used to solve these problems in delivery networks. It then elaborates on the RL framework, with an emphasis on the indispensable facets: states, actions, and rewards, and how to apply it to route optimization. Moreover, the document illustrates several important RL algorithms such as Q-learning, Deep Q-Networks, and Actor-Critic algorithms and discusses their successful use for addressing dynamic route optimization challenges. We assess the pros and cons of each algorithm, highlighting their ability to maintain a good exploration versus exploitation tradeoff, to tackle continuous action spaces, and to extend to large delivery networks."
https://openalex.org/W4412567062,Enhancing Global Path Planning via Simple Queries Across Multiple Platforms,2025,https://doi.org/10.1109/tkde.2025.3591460,IEEE Transactions on Knowledge and Data Engineering,"With the development of AI, big data, and mobile communication, intelligent transportation has become popular in recent years. Path planning is a typical topic of intelligent transportation, attracting significant attention from researchers. However, existing studies only focus on the path planning of a single platform, which may lead to unexpected traffic congestion. This is because multiple platforms can provide route planning services, the optimal planning calculated by one single platform may be not good in practice, since multiple platforms may lead the users to the same roads, which causes unexpected traffic congestion. Although in the view of each platform, the planning is optimal. Fortunately, with the rise of data sharing and cross-platform cooperation, the data silos between different platforms are gradually being broken. Based on this, we proposeCooperativeGlobalPathPlanning(CGPP) framework to overcome the above shortcoming. CGPP allows the path planning request target platform to send some queries to cooperative platforms to optimize its path planning results. Such queries should be “easy” enough to answer, and the query frequency should be small. Based on the above principle, we design a query decision model based on multi-agent reinforcement learning in CGPP framework to decide the query range and query frequency. We design action and reward specifically for the CGPP problem. Furthermore, we propose mechanisms to enhance query precision and reduce query overhead. Specifically, the Self-adjusting Query Area(SQA) concept allows refining query parameters, while the Query Reuse Optimization(QRO) algorithm aims to minimize the number of queries. To solve potential overestimation problems in queries, we propose a Distance-based Outer Query (DB-oq) and Distance-Based Vehicle Count Estimation (DB-VCE) Model. To address the issue that the time interval computed by the QRO algorithm might not fully adapt to dynamic traffic environments, we propose the Temporal Sequence Historical Integration for Time Interval Prediction(TSHI-TIP) algorithm. Extensive experiments on real and synthetic datasets confirm the effectiveness and efficiency of our algorithms."
https://openalex.org/W4409248189,A Sojourn Time based Algorithm for Vehicular Edge Task Offloading,2024,https://doi.org/10.1109/icct62411.2024.10946367,,"Vehicular edge computing (VEC) involves deploying edge servers in vehicles moving along highways, to provide additional computing resources for low latency and high reliability in computational tasks. However, the dynamic nature of VEC environments, particularly regarding the task offloading of mobile vehicles acting as mobile edge servers, requires further research. To address this challenge, we propose a novel delay optimization algorithm based on deep reinforcement learning in VEC scenarios. It considers intelligent vehicles as mobile service nodes, collaborating with fixed roadside unit service nodes to form an integrated task offloading model. This model facilitates computational task offloading through vehicle-to-vehicle (V2V) and vehicle-to-infrastructure (V2I) communications. It accounts for the sojourn time routing planning of vehicles and supports divisible tasks, thereby improving offloading efficiency. Then, an Asynchronous Advantage Actor-Critic (A3C) algorithm is used to achieve an effective computational offloading strategy. Simulation results demonstrate that the algorithm significantly outperforms existing methods in terms of the total system delay, while providing a more efficient and effective solution for task offloading in VEC scenarios."
https://openalex.org/W4224904029,Online No-regret Model-Based Meta RL for Personalized Navigation,2022,https://doi.org/10.48550/arxiv.2204.01925,arXiv (Cornell University),"The interaction between a vehicle navigation system and the driver of the vehicle can be formulated as a model-based reinforcement learning problem, where the navigation systems (agent) must quickly adapt to the characteristics of the driver (environmental dynamics) to provide the best sequence of turn-by-turn driving instructions. Most modern day navigation systems (e.g, Google maps, Waze, Garmin) are not designed to personalize their low-level interactions for individual users across a wide range of driving styles (e.g., vehicle type, reaction time, level of expertise). Towards the development of personalized navigation systems that adapt to a variety of driving styles, we propose an online no-regret model-based RL method that quickly conforms to the dynamics of the current user. As the user interacts with it, the navigation system quickly builds a user-specific model, from which navigation commands are optimized using model predictive control. By personalizing the policy in this way, our method is able to give well-timed driving instructions that match the user's dynamics. Our theoretical analysis shows that our method is a no-regret algorithm and we provide the convergence rate in the agnostic setting. Our empirical analysis with 60+ hours of real-world user data using a driving simulator shows that our method can reduce the number of collisions by more than 60%."
https://openalex.org/W4415463680,Optimization of last-mile delivery routes for cross-border e-commerce,2025,https://doi.org/10.54254/2977-3903/2025.28512,Advances in Engineering Innovation,"With the booming development of the cross-border e-commerce industry, the last-mile delivery stage encounters several core challenges multiple interwoven constraints, extremely strict timeliness requirements, and difficulty balancing customer satisfaction with operational efficiency. Taking a cross-border apparel e-commerce platform as a case study during a Black Friday promotion, insufficient consideration of factors such as customs-clearance delays and urban morning-peak traffic congestion in last-mile route planning caused 30% of orders to miss the promised 24-hour delivery window and led to a 15% return rate. This resulted in direct economic losses and damaged brand image. To resolve this problem, this study proposes a dynamic optimization approach based on multi-objective reinforcement learning. We construct a multi-dimensional reward function system that integrates a hard time-window constraint mechanism, customer-demand priority assessment, and real-time traffic-flow sensing. The scheme distinguishes between customer-specified delivery time windows and customs-inspection cutoff windows, and determines customer demand priority by comprehensively considering indicators such as order value, membership level, and expedited (rush) attributes. Using a hierarchical reinforcement learning framework and cooperative training of value and policy networks, the method attains Pareto-optimal solutions across multiple objectivesdelivery cost, on-time performance, and customer satisfaction. Experimental results show that, compared with traditional static optimization methods such as genetic algorithms and ant colony algorithms, the proposed method outperforms on several key metrics: delivery cost was reduced by 18.3% (mainly due to precise calculation of fuel-consumption differences on cross-border segments and optimized selection of mixed expressway/ordinary-road routes); on-time delivery rate increased by 22.7% (owing to the hierarchical architectures lower-level executor which can rapidly respond to contingencies such as customs-inspection delays); and customer satisfaction improved by 15.4% (resulting from the reward functions scientific integration of multidimensional evaluation indicators such as package integrity and delivery-person service attitude). The proposed method successfully addresses the global optimization problem under multi-objective conflict and provides important theoretical support and technical solutions for the intelligent transformation of last-mile delivery in cross-border logistics."
https://openalex.org/W4411495623,Advancements and Applications of Artificial Intelligence and Machine Learning: A Comprehensive Review,2025,https://doi.org/10.2174/9789815322583125010004,BENTHAM SCIENCE PUBLISHERS eBooks,"Rapid advances in machine learning, deep learning, and AI are changing business and society. The history of these technologies reveals their transformative impact on a variety of industries. Convolutional, Deep, and Recurrent Neural Network studies show their evolution. Deep learning has facilitated the development of novel applications in several industries and stimulated technological progress. Reinforcement learning, a core component of artificial intelligence, has made notable progress, particularly in the realm of autonomous systems. This paper discusses the latest algorithms and their applications, stressing reinforcement learning's impact on robotics and automated decision-making. The study of natural language processing is crucial. Through language modelling, sentiment analysis, and translation, it shows banking, healthcare, and customer service applications. After that, the paper examines real-world AI applications. These technologies help doctors detect, treat, and forecast medical disorders. Fraud detection, risk management, and algorithmic trading benefit financial institutions. Industry 4.0 combines AI-driven autonomous vehicle navigation, control, and ethical decision-making with intelligent manufacturing and predictive maintenance."
https://openalex.org/W2910364893,Factorized Machine Self-Confidence for Decision-Making Agents,2018,https://doi.org/10.48550/arxiv.1810.06519,arXiv (Cornell University),"Algorithmic assurances from advanced autonomous systems assist human users in understanding, trusting, and using such systems appropriately. Designing these systems with the capacity of assessing their own capabilities is one approach to creating an algorithmic assurance. The idea of `machine self-confidence' is introduced for autonomous systems. Using a factorization based framework for self-confidence assessment, one component of self-confidence, called `solver-quality', is discussed in the context of Markov decision processes for autonomous systems. Markov decision processes underlie much of the theory of reinforcement learning, and are commonly used for planning and decision making under uncertainty in robotics and autonomous systems. A `solver quality' metric is formally defined in the context of decision making algorithms based on Markov decision processes. A method for assessing solver quality is then derived, drawing inspiration from empirical hardness models. Finally, numerical experiments for an unmanned autonomous vehicle navigation problem under different solver, parameter, and environment conditions indicate that the self-confidence metric exhibits the desired properties. Discussion of results, and avenues for future investigation are included."
https://openalex.org/W4413095638,Optimizing Construction Supply Chains in Smart Building Projects via a GIS–BIM Collaborative Platform and Machine Learning–Driven Delivery Forecasting,2025,https://doi.org/10.54254/2755-2721/2025.25266,Applied and Computational Engineering,"Smart construction projects require a high degree of collaboration among multiple participants to ensure timely delivery of materials. However, traditional planning methods are often limited by dynamic site conditions and fragmented data. This study proposes a framework integrating geographic information system (GIS), building information modeling (BIM), and machine learning (ML), aiming to optimize end-to-end construction supply chain logistics. This platform integrates spatiotemporal data such as road networks, real-time traffic flows, 3D building models, and historical distribution records, and adopts a hybrid prediction mechanism combining random forest and long short-term memory (LSTM) networks. The cloud-based visual dashboard integrates 3D models with spatial scenes, synchronously pushing predictive alerts, allowing planners to simulate different scenarios and proactively avoid delays. A case study of a high-rise project in Shanghai (involving over 1,200 freight trips) shows that the integrated system achieved an on-time delivery rate of 88%, reduced the average delivery time by 23 minutes per trip, and reduced the prediction error from 48 minutes to 29 minutes. Participants reported a significant reduction in unused labor hours and emergency changes to orders. This achievement provides a scalable example of data-driven supply chain management in the field of smart construction. In the future, it will explore enhanced features such as reinforcement learning-based dynamic route planning and blockchain-backed smart contracts."
https://openalex.org/W7153672442,Концепція розвитку інтегрованого підходу до формування логістичних маршрутів,2026,,The Scientific Issues of Ternopil Volodymyr Hnatiuk National Pedagogical University Series pedagogy,"The development of information systems for the formation of logistic routes used in the field of transport logistics is studied, and algorithmic approaches to solving the vehicle routing problem are analyzed. The main goal of this study is to define the concept of developing these systems toward improving their ability to function in dynamic and stochastic environments in real time. Classical algorithmic approaches to routing problems, such as the shortest path search, the traveling salesman problem, the transportation problem, and their modifications oriented towards real-time constraints, are considered. Intelligent and hybrid dynamic route planning systems using heuristic methods, machine learning, and reinforcement learning are investigated. It is shown that most existing routing systems use simplified or fragmentary environmental models, which limits their ability to adapt to significant changes in traffic conditions, infrastructure, or external factors. It is revealed that the key limitations of current approaches are the insufficient universality of environmental data representation, weak integration between analytical and intelligent components, and the lack of an expert level of decision coordination regarding the determination of the best route. The expediency of using graph models of the environment as a universal form of storage and processing of logistic data, suitable for both classical routing algorithms and artificial intelligence methods, is substantiated. A concept of an integrated approach to the formation of logistic routes is proposed, combining classical route search algorithms with intelligent environmental analysis methods and multi-agent systems. This concept creates the prerequisites for increasing the adaptability, resilience, and scalability of logistic route formation systems without abandoning proven algorithmic methods."
https://openalex.org/W4413822855,Online Dual-Resolution 3D Map Caching Algorithm Using MILP as a Neural Network Proxy,2025,https://doi.org/10.1109/icccn65249.2025.11133846,,"To provide real-time map information, roadside units (RSUs) near vehicles cache 3D map tiles to reduce transmission delays and alleviate backhaul congestion. Unfortunately, traditional cache problems primarily focus on maximizing the cache hit rate (i.e., popularity) while often neglecting other criteria, thus suppressing caching efficiency. For instance, the priority of each map tile may vary for different vehicles based on their route plans and current positions. Additionally, caching a greater number of small-scale map tiles with broader coverage helps serve more vehicles’ requests and reduce cache misses. However, these tiles may only be sufficient for vehicles that can tolerate lower detail levels, as they provide less information than large-scale tiles. Furthermore, ensuring the freshness of cached map tiles is essential for maintaining driving safety. To address the interplay among popularity, priority, map scale, and information freshness in online map caching, this paper formulates an online optimization problem and proposes a novel online algorithm called ADAM, which integrates mixed-integer linear programming (MILP) with deep reinforcement learning. The ADAM predicts future total costs to support caching decisions by leveraging an ingeniously designed MILP that emulates the behavior of a neural network. Finally, simulation results manifest that the proposed ADAM outperforms existing methods by an average of 50%."
https://openalex.org/W7154306276,Concept of developing an integrated approach to the formation of logistic routes,2026,https://doi.org/10.32347/2412-9933.2026.65.150-155,Management of Development of Complex Systems,"The development of information systems for the formation of logistic routes used in the field of transport logistics is studied, and algorithmic approaches to solving the vehicle routing problem are analyzed. The main goal of this study is to define the concept of developing these systems toward improving their ability to function in dynamic and stochastic environments in real time. Classical algorithmic approaches to routing problems, such as the shortest path search, the traveling salesman problem, the transportation problem, and their modifications oriented towards real-time constraints, are considered. Intelligent and hybrid dynamic route planning systems using heuristic methods, machine learning, and reinforcement learning are investigated. It is shown that most existing routing systems use simplified or fragmentary environmental models, which limits their ability to adapt to significant changes in traffic conditions, infrastructure, or external factors. It is revealed that the key limitations of current approaches are the insufficient universality of environmental data representation, weak integration between analytical and intelligent components, and the lack of an expert level of decision coordination regarding the determination of the best route. The expediency of using graph models of the environment as a universal form of storage and processing of logistic data, suitable for both classical routing algorithms and artificial intelligence methods, is substantiated. A concept of an integrated approach to the formation of logistic routes is proposed, combining classical route search algorithms with intelligent environmental analysis methods and multi-agent systems. This concept creates the prerequisites for increasing the adaptability, resilience, and scalability of logistic route formation systems without abandoning proven algorithmic methods."
https://openalex.org/W7166688808,Minimization of Mission Duration in UAV Path Planning: A Proximal Policy Optimization Approach,2026,https://doi.org/10.56158/jpte.2026.144.5.01,International Journal of Pioneering Technology and Engineering,"In this study, a reinforcement learning (RL)–based route planning strategy is proposed to enable uncrewed aerial vehicles (UAVs) to reach a target point within a grid-based mission area with optimal time and energy efficiency. Using the Proximal Policy Optimization (PPO) algorithm, alongside a Deep Q-Network (DQN) baseline for comparative analysis, the UAV agent learns to minimize mission duration and corresponding battery energy consumption. The model was trained in a 10×10 grid environment, utilizing an energy-aware reward shaping structure. During training, the PPO agent demonstrated strong performance, achieving near-perfect success rates and reaching the target in efficient steps, while outperforming the DQN baseline in terms of stability. Overall, the results indicate that the proposed PPO model effectively learns environmental dynamics without relying on inefficient “wait” actions, leading to a robust and energy-efficient navigation policy."
https://openalex.org/W7117317965,An Efficient Machine Vision System for an Uncertain Dynamic Environment,2025,https://doi.org/10.2139/ssrn.5971694,SSRN Electronic Journal,
https://openalex.org/W4414619454,Research on Community Logistics Distribution Optimization Based on BDS Technology and Intelligent Algorithms,2025,https://doi.org/10.70695/10.70695/iaai202503a10,Innovative Applications of AI,"With the growth of community populations and the diversification of consumer demands, community logistics distribution faces severe challenges in terms of timeliness, cost, and service quality. To address these issues, this paper proposes an optimized community logistics distribution model that integrates BeiDou satellite navigation technology and intelligent algorithms. By incorporating BDS's high-precision positioning and real-time traffic information, the model establishes a genetic algorithm (GA)-based route optimization model, a long short-term memory (LSTM)-based demand forecasting model, and a multi-agent reinforcement learning (MARL)-based real-time collaborative scheduling algorithm. This enables dynamic route planning, accurate demand prediction, and efficient resource allocation. Simulation experiments demonstrate that the proposed model reduces average delivery time by 18.7%, controls demand prediction errors within 8%, and significantly improves distribution efficiency and system responsiveness. This study provides theoretical support and technical pathways for the intelligent, green, and sustainable development of community logistics distribution."
https://openalex.org/W7163337975,The Urban Bus Routing Problem: Toward a Hybrid Deep Learning and Adaptive Metaheuristic Approach,2026,https://doi.org/10.1007/s13177-026-00633-w,International Journal of Intelligent Transportation Systems Research,
https://openalex.org/W7138864170,Hallucination-Aware Generative Pretrained Transformer for Cooperative Aerial Mobility Control,2025,https://doi.org/10.1109/globecom59602.2025.11432325,,"This paper proposes SafeGPT, a two-tiered framework that integrates generative pretrained transformers (GPTs) with reinforcement learning (RL) for efficient and reliable un-manned aerial vehicle (UAV) last-mile deliveries. In the proposed design, a Global GPT module assigns high-level tasks such as sector allocation, while an On-Device GPT manages real-time local route planning. An RL-based safety filter monitors each GPT decision and overrides unsafe actions that could lead to battery depletion or duplicate visits, effectively mitigating hallucinations. Furthermore, a dual replay buffer mechanism helps both the GPT modules and the RL agent refine their strategies over time. Simulation results demonstrate that SafeGPT achieves higher delivery success rates compared to a GPT-only baseline, while substantially reducing battery consumption and travel distance. These findings validate the efficacy of combining GPT-based semantic reasoning with formal safety guarantees, contributing a viable solution for robust and energy-efficient UAV logistics."
https://openalex.org/W4416793163,Hierarchical OR + RL Control for Cloud and Network Operations Under Policy-as-Code Constraints,2021,https://doi.org/10.62311/nesx/rp-m5-dec-2021,International Journal of Academic and Industrial Research Innovations(IJAIRI),"Abstract: Cloud and network operations involve multi-timescale decision processes that must balance energy efficiency, performance, and compliance with organisational policies. Purely optimisation-based or purely reinforcement learning (RL)-based approaches have difficulty addressing all these requirements simultaneously. This study proposes a hierarchical control architecture that integrates stochastic programming and deep RL under policy-as-code constraints. At the upper level, stochastic optimisation models formulated in MATLAB generate day-ahead or multi-period capacity and routing plans based on scenarios of workload and traffic. At the lower level, RL agents implemented in PyTorch interact with CloudSim and NS-3 environments to adapt decisions in real time, adjusting placements, scaling actions, and routing choices in response to observed deviations. Policy-as-code rules, expressed using a governance framework, act as constraints on both the optimisation problems and the RL action space. Computational experiments demonstrate that the hierarchical architecture achieves superior performance in terms of energy consumption, cost, and service-level agreement violations compared with standalone optimisation or RL approaches, especially under high uncertainty and non-stationarity. However, the study also highlights trade-offs related to complexity, coordination, and stability across control levels. The architecture provides a structured pathway for integrating OR and RL in policy-aware digital infrastructure management. Keywords: hierarchical control, stochastic programming, deep reinforcement learning, cloud computing, network operations, policy-as-code, multi-timescale optimization, operational constraints"
https://openalex.org/W4416053972,Hallucination-Aware Generative Pretrained Transformer for Cooperative Aerial Mobility Control,2025,https://doi.org/10.48550/arxiv.2504.10831,arXiv (Cornell University),"This paper proposes SafeGPT, a two-tiered framework that integrates generative pretrained transformers (GPTs) with reinforcement learning (RL) for efficient and reliable unmanned aerial vehicle (UAV) last-mile deliveries. In the proposed design, a Global GPT module assigns high-level tasks such as sector allocation, while an On-Device GPT manages real-time local route planning. An RL-based safety filter monitors each GPT decision and overrides unsafe actions that could lead to battery depletion or duplicate visits, effectively mitigating hallucinations. Furthermore, a dual replay buffer mechanism helps both the GPT modules and the RL agent refine their strategies over time. Simulation results demonstrate that SafeGPT achieves higher delivery success rates compared to a GPT-only baseline, while substantially reducing battery consumption and travel distance. These findings validate the efficacy of combining GPT-based semantic reasoning with formal safety guarantees, contributing a viable solution for robust and energy-efficient UAV logistics."
https://openalex.org/W4360982076,AlsoDTN: An Air Logistics Service-Oriented Digital Twin Network Based on Collaborative Decision Model,2023,https://doi.org/10.1007/978-3-031-26507-5_40,Lecture notes in computer science,
https://openalex.org/W7138965717,REAP: Real-time Threat Detection and Trajectory Planning For Multiple UAVs in Adverse Areas,2025,https://doi.org/10.1109/globecom59602.2025.11432240,,"Unmanned Aerial Vehicles (UAVs) have been widely adopted in various applications, including surveillance, search and rescue, cartography, and damage assessment in remote areas. This study aims to enhance the safe navigation of multiple UAVs in adverse environments by integrating computer vision with deep reinforcement learning (DRL) and a route planning algorithm known as REAP. REAP incorporates a real-time object detection module that identifies obstacle positions from surveillance drone footage or satellite imagery. Additionally, A* and tangent point search algorithms are employed to compute the shortest paths while maintaining connectivity and safe distances from threats, such as dynamic obstacles (e.g., birds). Notably, this study also introduces an optimized DRL approach to further refine flight paths and reduce the latency in search result retrieval. Evaluation results show that the proposed method can compute optimal paths in under 10 milliseconds-three times faster than state-of-the-art (SOTA) methods-while ensuring UAV safety from collisions with flying obstacles, tall structures, or bird swarms."
https://openalex.org/W7108465780,Data-Driven Routing for Autonomous Trucks: Learning from Human Behavior with Context Awareness and Privacy Protection,2025,https://doi.org/10.11575/prism/50765,Open MIND,"Efficient and resilient freight transportation is a cornerstone of modern economies. In Canada, where long distances, dispersed populations, and reliance on cross-border trade amplify the importance of trucking, heavy-duty vehicles carry most domestic and international shipments. However, trucking operations increasingly face challenges related to congestion, infrastructure limitations, and disruptive extreme weather events. These factors directly affect delivery reliability, operating costs, and emissions. As the industry moves toward automation, the need for adaptive and data-driven route recommendation for autonomous truck fleets has become urgent. Unlike human drivers who draw on experiential knowledge to navigate disruptions, autonomous systems must infer driver expertise, predict traffic under adverse conditions, and coordinate decisions across fleets, while respecting privacy constraints. This thesis focuses specifically on these data-driven and behavior-learning challenges, not on hardware or sensor-level issues. This work presents a unified framework for smart route planning for autonomous heavy-duty trucks and pursues three technical objectives: (i) accurate map matching under sparse GPS sampling, (ii) truck-specific traffic prediction under extreme weather, and (iii) privacy-preserving, context-aware route planning informed by human driving behavior. The first objective introduces the Multi-Intention Deep Inverse Reinforcement Learning (MIDIRL) framework for reconstructing truck trajectories from low-frequency GPS data. MIDIRL models diverse driver preferences by learning reward functions from high-frequency trajectories and identifying intention groups using expectation–maximization clustering. A Q-learning search then selects the most plausible driving path. Compared with classical Hidden Markov Model (HMM) and deep-learning baselines, MIDIRL achieves substantially higher segment-level and length-based accuracy on Calgary and Edmonton datasets. The second objective develops the Multi-Task Context-Based GRU Graph Convolutional Network (MT-C2G) for predicting truck traffic under extreme weather. MT-C2G integrates Graph Convolutional Networks (GCNs) for spatial structure, Gated Recurrent Units (GRUs) for temporal dynamics, and attention mechanisms for environmental context. To address the scarcity of rare weather events, Synthetic Minority Oversampling (SMOTE) is applied during training. Experiments on Alberta data show that MT-C2G reduces prediction errors compared with state-of-the-art spatio-temporal baselines, improving robustness required for proactive routing. The third objective proposes MetaFAIRL-Routing, a two-stage framework for learning human-like routing behavior while preserving data privacy. First, Meta-Federated Adversarial Inverse Reinforcement Learning enables multiple fleet operators to jointly learn a shared reward model without exchanging raw trajectory data. Second, a Multi-Agent Deep Q-Network (MA-DQN) uses this learned reward to coordinate decentralized routing decisions across trucks under dynamic conditions. Evaluations demonstrate 5–12\% reductions in travel time and 15–35\% reductions in congestion exposure, achieving near-centralized performance despite decentralized and privacy-restricted data. Collectively, this thesis advances behavior-aware and climate-resilient routing for autonomous truck fleets by addressing sparse trajectory data, extreme weather prediction, and privacy-sensitive fleet coordination. The proposed methods integrate human expertise, environmental awareness, and adaptive multi-agent decision-making, delivering practical benefits for logistics operators and offering policymakers tools for designing climate-resilient freight networks."
https://openalex.org/W7127691367,Hazard-Aware Multi-UAV Mission Coordination Using DQN for Disaster Relief Supply Delivery,2026,https://doi.org/10.1109/ccnc65079.2026.11366551,,"The delivery of emergency supplies in disaster-stricken areas is often hindered by damaged infrastructure and inaccessible roads. Unmanned Aerial Vehicles (UAVs) provide a promising alternative due to their agility and rapid deployment. While prior works have explored AI-driven UAV routing and path planning, they often lack real-time inter-UAV coordination, dynamic task reassignment, and integrated decision-making under failure or resource constraints. This work proposes a comprehensive framework that integrates hazard-aware planning, intelligent task allocation, dynamic mission eligibility verification, UAV routing and coordination. First, we generate spatial hazard maps from aerial imagery to identify high-risk zones and target locations. We then propose a dynamic task allocation algorithm to determine the optimal number of UAVs and assigning targets based on UAV capabilities and environmental constraints. To support learning and decision-making, we develop a simulation environment that replicates diverse disaster scenarios and produces a labeled dataset capturing mission success under varying system parameters. We then leverage Deep Reinforcement Learning to provide real-time path planning, inter-UAV collaboration and mission adaptation for relief supply delivery in complex disaster environments. Our proposed Deep Q-Network (DQN) integrates weather forecasts, UAV sensor data, battery levels, and hazard information to output discrete UAV actions, including navigation, payload delivery, and backup requests from nearby UAVs. By combining hazard-aware mapping, intelligent task allocation, simulation-driven learning, and DQN-based control, our proposed framework enables adaptive UAV deployment, intelligent route planning, and collaborative multi-UAV behavior, ultimately improving mission reliability, safety, and delivery performance in emergency relief operations."
https://openalex.org/W4414307439,Test the generalization ability of instant delivery model and optimize the algorithm,2025,https://doi.org/10.1145/3756423.3756533,,"With the acceleration of urbanization, how to efficiently integrate multi-city traffic data and the accuracy of route prediction has become a hot research topic. This study focuses on this and proposes an optimization method based on the DRL4Route network, which is an advanced route planning network combined with deep reinforcement learning technology, with powerful complex data processing and dynamic decision-making capabilities. On this basis, the data sets from different cities are innovatively fused. Through repeated experiments and comparisons, different interval segments of the fused data are deeply analyzed, and the best interval segment is finally determined by using cross-validation and performance evaluation. It is found that the network model can fully exploit the value of the data and realize more accurate time prediction and route prediction in this interval. In order to further verify the effectiveness and universality of the method, the data of each city is optimized by gradually increasing the data zone segment. The experimental results show that with the reasonable increase of data segments, the line prediction of each city is improved by 0.79%-4.12%. The results of this research can provide a new algorithmic idea for future data increase, which can optimize the best model under a certain amount of data, provide a new idea for future data analysis, and also provide data reference for researchers in related fields."
https://openalex.org/W7167670980,<p>Path tracking control pseudo code.</p>,2026,https://doi.org/10.1371/journal.pone.0350307.t003,Figshare,"<div> In complex marine environments, path-following control of unmanned surface vessels (USVs) faces numerous challenges, including environmental disturbances, dynamic nonlinearities, and underactuated systems. To overcome the limitations of traditional line-of-sight/PID control in terms of robustness and adaptability, this study proposes a hybrid control architecture combining improved deep deterministic policy gradient (IDDPG) and model predictive control (MPC). The IDDPG algorithm, as the upper-level decision-making module, utilizes deep reinforcement learning to generate optimal heading angle increment commands by learning the environmental state. The MPC, as the lower-level execution module, optimizes control variables such as thrust and rudder angle through rolling optimization based on the USV’s three-degree-of-freedom nonlinear dynamics model. This study constructs a closed-loop “perception-decision-execution-learning” paradigm and employs gradient pruning and a customized reward function to ensure the stability of algorithm training and the optimality of control decisions. Lateral deviation and heading angle error are used as evaluation metrics to verify the control performance. Simulation results show that this method effectively solves the adaptability challenge of traditional control strategies in complex environments. Compared with the traditional ALOS-PID method, the average lateral deviation is reduced by 37% and the heading angle error is reduced by 21%, thus realizing high-precision path tracking control for unmanned surface vessels and providing a new method for autonomous surface vehicle navigation. </div>"
https://openalex.org/W7167686595,<p>IDDPG network hyperparameters.</p>,2026,https://doi.org/10.1371/journal.pone.0350307.t004,Figshare,"<div> In complex marine environments, path-following control of unmanned surface vessels (USVs) faces numerous challenges, including environmental disturbances, dynamic nonlinearities, and underactuated systems. To overcome the limitations of traditional line-of-sight/PID control in terms of robustness and adaptability, this study proposes a hybrid control architecture combining improved deep deterministic policy gradient (IDDPG) and model predictive control (MPC). The IDDPG algorithm, as the upper-level decision-making module, utilizes deep reinforcement learning to generate optimal heading angle increment commands by learning the environmental state. The MPC, as the lower-level execution module, optimizes control variables such as thrust and rudder angle through rolling optimization based on the USV’s three-degree-of-freedom nonlinear dynamics model. This study constructs a closed-loop “perception-decision-execution-learning” paradigm and employs gradient pruning and a customized reward function to ensure the stability of algorithm training and the optimality of control decisions. Lateral deviation and heading angle error are used as evaluation metrics to verify the control performance. Simulation results show that this method effectively solves the adaptability challenge of traditional control strategies in complex environments. Compared with the traditional ALOS-PID method, the average lateral deviation is reduced by 37% and the heading angle error is reduced by 21%, thus realizing high-precision path tracking control for unmanned surface vessels and providing a new method for autonomous surface vehicle navigation. </div>"
https://openalex.org/W4404211070,Dynamic Transportation Problem,2024,https://doi.org/10.56155/978-81-955020-9-7-16,Soft Computing Research Society eBooks,"Rising urbanisation and population expansion present difficulties for urban transportation networks. All of these constraints worsen traffic-related problems: unforeseen congestion, poor route planning, and underuse of resources. Dynamic Transportation Optimisation (DTO) technologies have consequently become intriguing means to increase the sustainability and efficiency of metropolitan transportation networks. Dynamic programming (DP), Simulated Annealing (SA), Ant Colony Optimisation (ACO), Swarm Intelligence (SI), Genetic Algorithms (GA), Reinforcement Learning (RL), Machine Learning Models (ML), Geographic Information Systems (GIS), and Integer Linear Programming (ILP) are just a few of the wide range of approaches DTO methods apply. These technologies generate complete traffic analysis and dynamic routing solutions by using real-time data from security cameras, traffic sensors, and GPS devices. This paper gives a complete evaluation of DTO approaches coupled with assessments of their usefulness, performance, and constraints in the framework of urban transportation. By way of a detailed comparison analysis, the study intends to highlight the advantages and disadvantages of every method, so supporting stakeholders in choosing and deploying DTO solutions customised to unique urban transport concerns. Furthermore highlighted in light of developments in artificial intelligence, big data analytics, and predictive modelling is the future prospects of DTO techniques. The integration of these technologies within present urban contexts aims to develop resilient transportation networks, thereby contributing to the continuing discourse on the evolution of urban mobility solutions. The subsequent sections of this article delve into the intricacy of each DTO technique, offering insights into their capabilities, actual implementations, and projected repercussions on urban transportation networks. By combining empirical evidence with theoretical frameworks, the research presents a holistic understanding of the role and significance of DTO techniques in defining the future of urban mobility."
https://openalex.org/W4366197563,Exploring the Noise Resilience of Successor Features and Predecessor Features Algorithms in One and Two-Dimensional Environments,2023,https://doi.org/10.48550/arxiv.2304.06894,arXiv (Cornell University),"Based on the predictive map theory of spatial learning in animals, this study delves into the dynamics of Successor Feature (SF) and Predecessor Feature (PF) algorithms within noisy environments. Utilizing Q-learning and Q($λ$) learning as benchmarks for comparative analysis, our investigation yielded unexpected outcomes. Contrary to prevailing expectations and previous literature where PF demonstrated superior performance, our findings reveal that in noisy environments, PF did not surpass SF. In a one-dimensional grid world, SF exhibited superior adaptability, maintaining robust performance across varying noise levels. This trend of diminishing performance with increasing noise was consistent across all examined algorithms, indicating a linear degradation pattern. The scenario shifted in a two-dimensional grid world, where the impact of noise on algorithm performance demonstrated a non-linear relationship, influenced by the $λ$ parameter of the eligibility trace. This complexity suggests that the interaction between noise and algorithm efficacy is tied to the environmental dimensionality and specific algorithmic parameters. Furthermore, this research contributes to the bridging discourse between computational neuroscience and reinforcement learning (RL), exploring the neurobiological parallels of SF and PF learning in spatial navigation. Despite the unforeseen performance trends, the findings enrich our comprehension of the strengths and weaknesses inherent in RL algorithms. This knowledge is pivotal for advancing applications in robotics, gaming AI, and autonomous vehicle navigation, underscoring the imperative for continued exploration into how RL algorithms process and learn from noisy inputs."
https://openalex.org/W4415785191,Leveraging AI and Hybrid Intelligence for Robust Geospatial Data Fusion in Autonomous Terrestrial Navigation,2025,https://doi.org/10.14569/ijacsa.2025.0161053,International Journal of Advanced Computer Science and Applications,"Rapid advancement of artificial intelligence (AI) and geospatial data fusion has enabled the development of highly autonomous terrestrial navigation systems with improved accuracy, adaptability, and robustness. This paper proposes a novel framework integrating multi-source geospatial data fusion with deep learning-based decision-making for autonomous terrestrial navigation. Unlike conventional approaches that rely solely on Global Navigation Satellite Systems (GNSS) or inertial sensors, our system leverages a hybrid fusion model combining GNSS, LiDAR, camera vision, and high-resolution geospatial databases. A deep reinforcement learning (DRL) paradigm is introduced to enhance the system’s adaptability in dynamic environments, optimizing route planning and obstacle avoidance in real-time. Additionally, a hybrid AI model incorporating Graph Neural Networks (GNN) and Transformer-based architectures processes spatial and temporal dependencies in navigation data, improving localization precision and resilience against sensor failures. The proposed system is evaluated through extensive simulations and real-world tests, demonstrating superior performance in complex urban and off-road scenarios compared to traditional Kalman filter-based methods. Our findings highlight the potential of AI-driven geospatial data fusion in redefining autonomous navigation, paving the way for next-generation intelligent mobility solutions."
https://openalex.org/W7167679654,<p>Experimental path setting parameters.</p>,2026,https://doi.org/10.1371/journal.pone.0350307.t006,Figshare,"<div> In complex marine environments, path-following control of unmanned surface vessels (USVs) faces numerous challenges, including environmental disturbances, dynamic nonlinearities, and underactuated systems. To overcome the limitations of traditional line-of-sight/PID control in terms of robustness and adaptability, this study proposes a hybrid control architecture combining improved deep deterministic policy gradient (IDDPG) and model predictive control (MPC). The IDDPG algorithm, as the upper-level decision-making module, utilizes deep reinforcement learning to generate optimal heading angle increment commands by learning the environmental state. The MPC, as the lower-level execution module, optimizes control variables such as thrust and rudder angle through rolling optimization based on the USV’s three-degree-of-freedom nonlinear dynamics model. This study constructs a closed-loop “perception-decision-execution-learning” paradigm and employs gradient pruning and a customized reward function to ensure the stability of algorithm training and the optimality of control decisions. Lateral deviation and heading angle error are used as evaluation metrics to verify the control performance. Simulation results show that this method effectively solves the adaptability challenge of traditional control strategies in complex environments. Compared with the traditional ALOS-PID method, the average lateral deviation is reduced by 37% and the heading angle error is reduced by 21%, thus realizing high-precision path tracking control for unmanned surface vessels and providing a new method for autonomous surface vehicle navigation. </div>"
https://openalex.org/W7167724616,<p>Definitions of robot symbols.</p>,2026,https://doi.org/10.1371/journal.pone.0350307.t002,Figshare,"<div> In complex marine environments, path-following control of unmanned surface vessels (USVs) faces numerous challenges, including environmental disturbances, dynamic nonlinearities, and underactuated systems. To overcome the limitations of traditional line-of-sight/PID control in terms of robustness and adaptability, this study proposes a hybrid control architecture combining improved deep deterministic policy gradient (IDDPG) and model predictive control (MPC). The IDDPG algorithm, as the upper-level decision-making module, utilizes deep reinforcement learning to generate optimal heading angle increment commands by learning the environmental state. The MPC, as the lower-level execution module, optimizes control variables such as thrust and rudder angle through rolling optimization based on the USV’s three-degree-of-freedom nonlinear dynamics model. This study constructs a closed-loop “perception-decision-execution-learning” paradigm and employs gradient pruning and a customized reward function to ensure the stability of algorithm training and the optimality of control decisions. Lateral deviation and heading angle error are used as evaluation metrics to verify the control performance. Simulation results show that this method effectively solves the adaptability challenge of traditional control strategies in complex environments. Compared with the traditional ALOS-PID method, the average lateral deviation is reduced by 37% and the heading angle error is reduced by 21%, thus realizing high-precision path tracking control for unmanned surface vessels and providing a new method for autonomous surface vehicle navigation. </div>"
https://openalex.org/W7167732174,<p>MPC implementation details.</p>,2026,https://doi.org/10.1371/journal.pone.0350307.t005,Figshare,"<div> In complex marine environments, path-following control of unmanned surface vessels (USVs) faces numerous challenges, including environmental disturbances, dynamic nonlinearities, and underactuated systems. To overcome the limitations of traditional line-of-sight/PID control in terms of robustness and adaptability, this study proposes a hybrid control architecture combining improved deep deterministic policy gradient (IDDPG) and model predictive control (MPC). The IDDPG algorithm, as the upper-level decision-making module, utilizes deep reinforcement learning to generate optimal heading angle increment commands by learning the environmental state. The MPC, as the lower-level execution module, optimizes control variables such as thrust and rudder angle through rolling optimization based on the USV’s three-degree-of-freedom nonlinear dynamics model. This study constructs a closed-loop “perception-decision-execution-learning” paradigm and employs gradient pruning and a customized reward function to ensure the stability of algorithm training and the optimality of control decisions. Lateral deviation and heading angle error are used as evaluation metrics to verify the control performance. Simulation results show that this method effectively solves the adaptability challenge of traditional control strategies in complex environments. Compared with the traditional ALOS-PID method, the average lateral deviation is reduced by 37% and the heading angle error is reduced by 21%, thus realizing high-precision path tracking control for unmanned surface vessels and providing a new method for autonomous surface vehicle navigation. </div>"
https://openalex.org/W4284696128,Deep learning for combinatorial optimization problems,2022,https://doi.org/10.32657/10356/158917,,"Combinatorial Optimization Problems (COPs) are a family of problems that search over a finite set of solutions to find the best one with the objective function optimized. COPs have extensive real-world applications in various industries, such as vehicle navigation systems, logistics and supply chain management. And a better solution for the problem could lead to a significantly large amount of cost reduction. Unfortunately, many important COPs including Vehicle Routing Problems, Boolean Satisfiability Problems and Scheduling Problems are extremely hard to solve, where the exact methods to find the best solutions have the worst-case exponential time complexity in general, therefore, usually too time-consuming to apply for problems with medium to large sizes. In contrast, though lacking theoretical guarantees, heuristic methods can find good solutions in a relatively short time and are usually more preferred for industrial applications. Traditional heuristic methods search over the solution space based on the hand-crafted rules designed manually by researchers, which require extensive expert knowledge for specific problems. On the contrary, recent studies have been focusing on training deep learning models to learn the heuristics from data samples. With the great learning ability of deep neural networks, potentially better heuristics could be extracted without the heavy research time, especially for the less well-studied problems with complicated constraints and objective functions. The deep learning models can either be trained by supervised learning to imitate the solutions obtained from highly optimized traditional algorithms or by reinforcement learning to explore the environment of solution space and optimize the objective values. In this report, we mainly focus on one of the most important families of COPs, the Vehicle Routing Problem (VRP). However, most ideas behind the proposed models could also be applied to other COPs in general. Though we tackle various aspects with different model architectures and training algorithms, the goal is to find better solutions in a shorter time."
https://openalex.org/W7167737879,<p>DDPG pseudocode.</p>,2026,https://doi.org/10.1371/journal.pone.0350307.t001,Figshare,"<div> In complex marine environments, path-following control of unmanned surface vessels (USVs) faces numerous challenges, including environmental disturbances, dynamic nonlinearities, and underactuated systems. To overcome the limitations of traditional line-of-sight/PID control in terms of robustness and adaptability, this study proposes a hybrid control architecture combining improved deep deterministic policy gradient (IDDPG) and model predictive control (MPC). The IDDPG algorithm, as the upper-level decision-making module, utilizes deep reinforcement learning to generate optimal heading angle increment commands by learning the environmental state. The MPC, as the lower-level execution module, optimizes control variables such as thrust and rudder angle through rolling optimization based on the USV’s three-degree-of-freedom nonlinear dynamics model. This study constructs a closed-loop “perception-decision-execution-learning” paradigm and employs gradient pruning and a customized reward function to ensure the stability of algorithm training and the optimality of control decisions. Lateral deviation and heading angle error are used as evaluation metrics to verify the control performance. Simulation results show that this method effectively solves the adaptability challenge of traditional control strategies in complex environments. Compared with the traditional ALOS-PID method, the average lateral deviation is reduced by 37% and the heading angle error is reduced by 21%, thus realizing high-precision path tracking control for unmanned surface vessels and providing a new method for autonomous surface vehicle navigation. </div>"
https://openalex.org/W7133789218,UrbanHuRo: A Two-Layer Human-Robot Collaboration Framework for the Joint Optimization of Heterogeneous Urban Services,2026,https://doi.org/10.48550/arxiv.2603.03701,Open MIND,"In the vision of smart cities, technologies are being developed to enhance the efficiency of urban services and improve residents' quality of life. However, most existing research focuses on optimizing individual services in isolation, without adequately considering reciprocal interactions among heterogeneous urban services that could yield higher efficiency and improved resource utilization. For example, human couriers could collect traffic and air quality data along their delivery routes, while sensing robots could assist with on-demand delivery during peak hours, enhancing both sensing coverage and delivery efficiency. However, the joint optimization of different urban services is challenging due to potentially conflicting objectives and the need for real-time coordination in dynamic environments. In this paper, we propose UrbanHuRo, a two-layer human-robot collaboration framework for joint optimization of heterogeneous urban services, demonstrated through crowdsourced delivery and urban sensing. UrbanHuRo includes two key designs: (i) a scalable distributed MapReduce-based K-submodular maximization module for efficient order dispatch, and (ii) a deep submodular reward reinforcement learning algorithm for sensing route planning. Experimental evaluations on real-world datasets from a food delivery platform demonstrate that UrbanHuRo improves sensing coverage by 29.7% and courier income by 39.2% on average in most settings, while also significantly reducing the number of overdue orders."
https://openalex.org/W7134016345,UrbanHuRo: A Two-Layer Human-Robot Collaboration Framework for the Joint Optimization of Heterogeneous Urban Services,2026,,arXiv (Cornell University),"In the vision of smart cities, technologies are being developed to enhance the efficiency of urban services and improve residents' quality of life. However, most existing research focuses on optimizing individual services in isolation, without adequately considering reciprocal interactions among heterogeneous urban services that could yield higher efficiency and improved resource utilization. For example, human couriers could collect traffic and air quality data along their delivery routes, while sensing robots could assist with on-demand delivery during peak hours, enhancing both sensing coverage and delivery efficiency. However, the joint optimization of different urban services is challenging due to potentially conflicting objectives and the need for real-time coordination in dynamic environments. In this paper, we propose UrbanHuRo, a two-layer human-robot collaboration framework for joint optimization of heterogeneous urban services, demonstrated through crowdsourced delivery and urban sensing. UrbanHuRo includes two key designs: (i) a scalable distributed MapReduce-based K-submodular maximization module for efficient order dispatch, and (ii) a deep submodular reward reinforcement learning algorithm for sensing route planning. Experimental evaluations on real-world datasets from a food delivery platform demonstrate that UrbanHuRo improves sensing coverage by 29.7% and courier income by 39.2% on average in most settings, while also significantly reducing the number of overdue orders."
https://openalex.org/W4409039875,Intelligent Supply Chain,2025,https://doi.org/10.1007/978-3-031-86091-1_4,,
https://openalex.org/W7116638603,Development of a New Intelligent Algorithm to Improve Autonomous Car Operation,2025,,CLOK (University of Central Lancashire),"Autonomous Driving Systems (ADS) are transforming modern transportation by enabling safer, more efficient vehicle operation. Among their core components, local path planning remains a significant challenge due to the need for optimal navigation decisions in complex environments while balancing safety, smoothness, and computational efficiency. Existing methods suffer several drawbacks, including generating non-smooth paths, vulnerability to local minima, reliance on static parameters, random exhaustive search behaviours, and poor balance between exploration (searching new areas) and exploitation (refining known areas). This thesis aims to enhance local path planning and real-time vehicle control through a unified, optimisation-driven methodology. A novel algorithm, Dynamic eXplorative Multi-Operator Differential Evolution (DXMODE), is proposed to overcome the drawbacks of current optimisation methods. For path planning, DXMODE uniquely integrates optimisation, reinforcement learning, and interpolation techniques to improve path smoothness and consistency across repeated runs. In parallel, two additional algorithms are developed to enable real-time PID tuning of speed and steering control. The methodology is implemented within a modular architecture using the Robot Operating System (ROS), integrating all system components in a hardware-independent architecture. It is validated on two vehicle prototypes: a four-wheel differential drive platform and an Ackermann personal mobility scooter. Comprehensive validation is conducted across 50 simulated path-planning scenarios, 64 standard optimisation benchmarks from the Congress on Evolutionary Computation (CEC), and six real-world driving scenarios. Compared to 22 state-of-the-art algorithms and previous CEC winners, DXMODE consistently achieves top performance with a 100% ranking score, producing minimal median path lengths and collision-free trajectories. Control response validation further confirms the framework’s reliability: the DC motor speed control achieves an 86.11% reduction in overshoot and a 34.83% decrease in settling time, while the steering control yields a 93% improvement in settling time with zero overshoot and no steady-state error. These results establish the proposed optimisation and ADS framework as a comprehensive, high-performance solution for autonomous vehicle navigation and broader intelligent systems."
https://openalex.org/W4413206541,Leveraging Big Data and ML to Aid Planning of Maritime Activities,2025,https://doi.org/10.1109/oceans58557.2025.11104663,,"In the maritime domain, the planning of operations typically aims at optimizing over basic cost and efficiency metrics. While these metrics are used efficiently for simpler tasks-like inventory management and route planning-in more complex scenarios -like large-scale surveying operations-more operational parameters need to be integrated in the decision process. This paper presents a proof of concept of a Decision-Making Aid (DMA) which adopts a human-machine teaming approach using a machine learning algorithm designed to assist a human operator by generating a set of optimal plans derived from historical data. Specifically, the paper focuses on using the tool to assist in the scheduling of underwater survey vehicles, aiming to maximize both the quality of the sonar data collected and the coverage of the area of interest. Leveraging the increasing amount of open-source data available, the algorithm takes into consideration the spatial and time-varying nature of the operational parameters. We present several experimental results involving a mixture of simulation techniques, discretization, and reinforcement learning to demonstrate the benefits of using machine learning to assist maritime planning operations. Our results show how the DMA can enable Tasking Authorities to work in more complex environments and make informed decisions in favour of maximizing value-survey quality and coverage. Our tool can be used to efficiently simulate and plan long-term operations involving multiple assets."
https://openalex.org/W7171817249,A Unified Two-Phase Motion Regime-Aware Hybrid Multi-Sensor Data Fusion Framework for Navigation of Intelligent Systems,2026,https://doi.org/10.21203/rs.3.rs-10464142/v1,Research Square,
https://openalex.org/W7117129344,Constitutional AI for Autonomous Systems: Building Ethical Constraints into Decision-Making Agents,2025,https://doi.org/10.59256/ijsreat.20250506008,International Journal Of Scientific Research In Engineering & Technology,"Autonomous systems are increasingly deployed in critical domains where ethical decision-making is paramount, yet current approaches lack robust mechanisms for embedding moral constraints directly into agent architectures. This paper introduces Constitutional Agent, a novel framework that integrates constitutional AI principles into autonomous decision-making systems through a multi-layered ethical reasoning architecture. Our approach combines rule-based constitutional constraints with learned ethical preferences, enabling agents to make decisions that align with human values while maintaining operational efficiency. We propose a Constitutional Reasoning Module (CRM) that evaluates potential actions against a hierarchical set of ethical principles, incorporating both deontological rules and consequentialist considerations. Through extensive evaluation on autonomous vehicle navigation, healthcare decision support, and financial trading scenarios, we demonstrate that Constitutional Agent reduces ethical violations by 73% compared to baseline reinforcement learning agents while maintaining 94% of original task performance. Our framework introduces a novel Constitutional Violation Detection (CVD) mechanism that identifies potential ethical conflicts in real-time, achieving 89% accuracy in predicting human ethical judgments. The system's interpretability features provide clear explanations for ethical decisions, crucial for deployment in high-stakes environments. Key contributions include: (1) a scalable architecture for embedding constitutional constraints in autonomous systems, (2) a comprehensive evaluation framework for measuring ethical compliance, and (3) empirical evidence that constitutional AI can maintain performance while significantly improving ethical behavior. This work establishes a foundation for developing trustworthy autonomous systems that can operate safely in complex moral landscapes."
https://openalex.org/W4408157406,Human-Centric Design Integration in UAV Interfaces and Operational Procedures for Enhanced User Experience,2025,https://doi.org/10.3844/jcssp.2025.787.799,Journal of Computer Science,"Unmanned Aerial Vehicles (UAVs) have become essential tools across numerous sectors, including agriculture, disaster response, search and rescue and logistics. While UAV capabilities have rapidly evolved due to technological advancements, the integration of human-centric design principles remains a key area for further improvement. This article provides an in-depth exploration of how user-focused design considerations can enhance UAV interfaces and operational workflows. By combining user feedback, ergonomic design and advanced technological tools, the research seeks to refine UAV systems, ultimately improving both user experience and operator efficiency. The study leverages cutting-edge technologies such as sophisticated UAV control systems, ergonomic design software and human-computer interaction frameworks, alongside machine learning techniques like reinforcement learning. Preliminary results demonstrate a 95% success rate in precise landings, with an average error margin of less than 10 cm in controlled environments. These innovations have significant implications for high-stakes UAV applications, such as improving response times and operational accuracy in search and rescue missions, optimizing route planning for delivery systems and enhancing surveillance and monitoring in disaster-prone areas. By promoting a harmonious interaction between human operators and UAV platforms, this research aims to advance the effectiveness and safety of UAV missions across various fields."
https://openalex.org/W7124436849,Hierarchical Brain-Inspired Deep Learning for Autonomous Decision-Making in Complex Dynamic Environments,2026,https://doi.org/10.47852/bonviewaia62026154,Artificial Intelligence and Applications,"The intersection of artificial intelligence and neuroscience has resulted in the development of brain-inspired computational frameworks that simulate the human brain’s hierarchical decision-making and learning. In this work, we propose a Hierarchical Brain-Inspired Reinforcement Learning (HBRL) architecture that combines the benefits of Deep Reinforcement Learning (DRL) with a biologically inspired cognitive hierarchy. The proposed architecture functions by simulating cortical–subcortical processing of information in which a high-level Policy-Gradient manager conducts abstract and long-term planning, and the low-level Deep Q-Network (DQN) agents complete real-time short-term actions. The proposed architecture’s multilayer structure includes temporal abstraction, modular learning, and the ability to refine policies to optimize experience, which makes it appropriate for dynamic and uncertain environments. We applied HBRL in three common scenarios: GridWorld, autonomous vehicle navigation, and smart-city infrastructure control to evaluate the proposed system design. Overall, we found that HBRL had a 15%–20% higher rate of completing tasks, 1.4–2.4 times faster learning efficiency, along with 70–100 points higher cumulative reward when high-level and low-level HBRL agents were compared to baseline approaches (e.g., DQN, Proximal Policy Optimization, and Soft Actor-Critic). A statistical analysis using two-tailed t-tests also assessed the significance of improvements (p &lt; 0.01) among all tested environments. The hierarchical decomposition of tasks serves both to promote convergence and improve agents’ generalization capacity in unseen conditions. In its entirety, the proposed HBRL framework provides a scalable and cognitive-inspired learning paradigm for developing intelligent autonomous systems that exhibit human-like adaptability and efficient decision-making capabilities in complex, nonstationary real-world environments. Received: 14 May 2025 | Revised: 16 October 2025 | Accepted: 19 December 2025 Conflicts of Interest The authors declare that they have no conflicts of interest to this work. Data Availability Statement Data sharing is not applicable to this article as no new data were created or analyzed in this study. Author Contribution Statement Kanthavel Radhakrishnan: Conceptualization, Methodology, Formal analysis, Resources, Data curation, Writing – original draft, Writing – review &amp; editing, Visualization. Dhaya Ramakrishnan: Software, Validation, Investigation, Writing – original draft, Writing – review &amp; editing, Supervision, Project administration."
https://openalex.org/W7117173205,Learning-Assisted Multi-Operator Variable Neighborhood Search for Urban Cable Routing,2025,,arXiv (Cornell University),"Urban underground cable construction is essential for enhancing the reliability of city power grids, yet its high construction costs make planning a worthwhile optimization task. In urban environments, road layouts tightly constrain cable routing. This, on the one hand, renders relation-only models (i.e., those without explicit routes) used in prior work overly simplistic, and on the other hand, dramatically enlarges the combinatorial search space, thereby imposing much higher demands on algorithm design. In this study, we formulate urban cable routing as a connectivity-path co-optimization problem and propose a learning-assisted multi-operator variable neighborhood search (L-MVNS) algorithm. The framework first introduces an auxiliary task to generate high-quality feasible initial solutions. A hybrid genetic search (HGS) and A* serve as the connectivity optimizer and the route-planning optimizer, respectively. Building on these, a multi-operator variable neighborhood search (MVNS) iteratively co-optimizes inter-substation connectivity and detailed routes via three complementary destruction operators, a modified A* repair operator, and an adaptive neighborhood-sizing mechanism. A multi-agent deep reinforcement learning module is further embedded to prioritize promising neighborhoods. We also construct a standardized and scalable benchmark suite for evaluation. Across these cases, comprehensive experiments demonstrate effectiveness and stability: relative to representative approaches, MVNS and L-MVNS reduce total construction cost by approximately 30-50%, with L-MVNS delivering additional gains on larger instances and consistently higher stability."
https://openalex.org/W7132826804,Enhancing Safe Exploration Through Subgoal Guidance,2026,https://doi.org/10.3390/technologies14030146,Technologies,"Reinforcement learning is a widely used approach for autonomous navigation, but it often struggles to reach distant, long-horizon goals under safety constraints. The primary reason for this suboptimal performance is that safety requirements significantly degrade exploration capabilities during training, limiting the agent’s ability to discover feasible long-horizon policies. To address this issue, we introduce SG-Safe, a novel learning-based method that decomposes complex navigation tasks into smaller sub-problems using intermediate goals while respecting cumulative safety constraints. Our approach employs two coupled policies: a subgoal policy that generates intermediate subgoals, and a safe policy that leverages these subgoals to guide exploration toward the final objective. This hierarchical structure improves exploration without compromising safety and remains effective even under partial observability. We evaluate our method on autonomous vehicle navigation in simulation and using the Safety Gym benchmark. The experimental results demonstrate a strong safety–performance trade-off under partial observability. On Safety Gym, SG-Safe achieves an average success rate of 0.87 with a collision rate of 0.03, improving over the best end-to-end learning-based safe RL baseline (SR 0.40, CR 0.05). On POLAMP, SG-Safe attains SR 0.90 with CR 0.03, while the best single-policy safe RL baseline reaches at most SR ≤ 0.36 under the same observation settings. Moreover, on POLAMP, SG-Safe also surpasses the planning-based Lyapunov-RRT baseline that has access to full environment information, achieving higher success (SR 0.90 vs. 0.34) and a lower collision rate (CR 0.03 vs. 0.51), while eliminating online planning at deployment (PT = 0 s vs. ≈10–30 s per episode)."
https://openalex.org/W4409683365,Improved Algorithm for Constructing Collision-Free Route for Multi-Agent Swarm Robotic Systems,2024,https://doi.org/10.20535/radap.2024.98.5-12,Вісник Національного технічного університету України Київський політехнічний інститут. Серія: Радіотехніка. Радіоапаратобудування,"Formulation of the problem in general. It is noted that to increase the efficiency of performing targeted tasks, groups (swarms) of robots, called multi-agent systems, are used. Such systems move in a complex environment with obstacles, which requires algorithmization of the process of building collision-free routes for the movement of robotic vehicles for safe movement in space. An analysis of existing algorithms for planning routes for mobile robotic vehicles is carried out. It is shown that to solve the problem of finding the optimal collision-free route for a group (swarm) of unmanned aerial vehicles, it is proposed to use a joint matrix-grid (graph) of the space with obstacles and the movement plan. Analysis of recent researches and publications. The Dijkstra algorithm, fast random tree search, and search algorithms for building a route from one point to another are used to plan the route of mobile robotic vehicles. However, they solve the problems of route planning for individual robotic systems in various fields of activity and are not well adapted to the problems of group control of moving objects in a complex environment with obstacles. Presenting the main material. The algorithm for constructing a route for a multi-agent system of robotic vehicles has been improved to ensure collision-free movement of agents in space performing common tasks as part of groups (swarms). The improvement is made by adding a heuristic function for estimating the complexity of movement between cells. It is proposed to build a collision-free route using a modified algorithm with a modified function of heuristic evaluation of movement between the vertices of a graph, which is an element of a cubic cell. It is shown that the main stages of the algorithm for constructing a collision-free route for a swarm of unmanned aerial vehicles are: determining the main element (leader), constructing a common grid matrix (graph) and determining the occupancy of each cell (vertex) depending on the route and time, forming an attraction/repulsion function that determines the criterion for critical convergence of group elements. Conclusion. The algorithm for constructing a collision-free route for swarming multiagent systems allows us to keep the group elements in a cluster or as part of the swarm as a whole while moving in a space with obstacles. The proposed algorithm is based on the approach of constructing a grid matrix (graph) that divides the space into cells. The occupancy of each cell is determined depending on the UAV's route and travel time. The criterion for critical convergence of group elements is determined by the attraction/repulsion function, and the difficulty of moving to the next cell is determined by a heuristic function for estimating the movement between the vertices of the graph. The perspectives of future researches. Further research should include the improvement of mathematical methods based on the use of reinforcement learning of agents and modeling the processes of building collision-free routes for multi-agent systems."
https://openalex.org/W4415787269,Optimal deployment and operation strategies for shared mobility,2025,https://doi.org/10.32657/10356/202529,,"In major cities, with the rapid urbanization and population growth, sustainable development has become a pressing global concern, leading to increasing traffic congestion, energy consumption, and environmental pollution. The transportation sector, responsible for nearly a quarter of global energy-related emissions, plays a vital role in addressing these issues. In response, numerous international frameworks have emphasized the need for cleaner, more efficient mobility solutions. In this context, shared mobility has emerged as a promising solution, bridging private car ownership and public transit to reduce emissions and promote efficiency. This thesis investigates two representative forms of shared mobility: electric vehicle carsharing (EVCS) and collaborative passenger-parcel ridesharing (CPPR), with a focus on operational optimization to support sustainable and economically viable urban mobility. The first two works in this thesis examine EVCS. The first study addresses station-based EVCS in a competitive market. A Generalized Nash Equilibrium (GNE) framework is formulated, where companies compete for limited infrastructure and user demand while jointly optimizing facility deployment, vehicle allocation, relocation, and vehicle-trip assignment. In addition, the study incorporates the role of government by proposing a bi-level model: the upper level represents the government's objective to maximize social welfare through infrastructure planning, while the lower level captures operator competition via the GNE framework. A surrogate optimization approach is adopted to solve the bi-level model, with an ADMM-based algorithm embedded at the lower level for efficient GNE computation. To further enhance carsharing flexibility, the second study focuses on free-floating EV carsharing systems with battery swapping (FEVCS-BS). Unlike the station-based mode, free-floating allows users to pick up and return vehicles at any location within the service area, offering greater convenience. However, this flexibility introduces operational challenges. The absence of fixed returning charging stations and the limited driving range of EVs makes vehicle relocation unavoidable for both vehicle recharging and rebalancing. To address this, two relocation strategies are considered: user-based relocation, driven by pricing incentives, and staff-based relocation, carried out by operational personnel. A mixed-integer nonlinear programming (MINLP) model is developed to capture users’ price-incentivized behavior and to jointly optimize hybrid relocation, fleet size, vehicle allocation, and trip assignment for profit maximization. An outer-inner approximation method with range reduction is applied to solve the nonconvex model and obtain a global optimum. Building on this foundation, the next two studies shift focus to another key form of shared mobility—ridesharing, where individual travelers with similar routes share a vehicle and split travel costs. However, conventional ridesharing often overlooks unused trunk space, missing the opportunity to fully utilize vehicle capacity. To address this inefficiency, we explore an innovative mode: collaborative passenger-parcel ridesharing (CPPR), which enables the joint transportation of passengers and parcels in the same vehicle. The third study explores the routing problem in CPPR while incorporating compensation affected passenger behavior. In this innovative mode, some passengers may be hesitant to share rides with parcels due to perceived inconvenience. Therefore, an effective compensation mechanism is essential to encourage participation. This study embeds compensation-related behavior into a routing framework and formulates the problem as a Compensation Scheme Design in a Split Delivery Vehicle Routing Problem with Time Windows for CPPR (C-SDVRPTW-CPPR). To solve it efficiently, a Surrogate-based Adaptive Large Neighborhood Search (SOT-ALNS) algorithm is developed to generate near-optimal routing plans. The fourth study extends the CRRP problem into a dynamic demand setting, where travel and delivery requests fluctuate throughout the day. Such an environment requires real-time decision-making while also ensuring long-term profitability. To tackle this, we formulate the Dynamic Vehicle Routing Problem with Time Windows for CPPR (DVRPTW-CPPR) and propose a Deep Reinforcement Learning (DRL) framework with a dynamic encoder-decoder architecture to learn optimal routing policies. In conclusion, this thesis explores the different shared mobility modes, including carsharing and ridesharing, to address critical challenges in operations. Through the proposed models and solution methods, operators can effectively manage operations, thereby supporting sustainability goals, and ensuring profitability of shared mobility services."
https://openalex.org/W7117997826,Application of Ant Colony Optimization in Pathfinding for Drones,2026,https://doi.org/10.1007/978-981-95-0433-6_38,Lecture notes in electrical engineering,
https://openalex.org/W7106517766,Transportation Mode Detection Using Feature Selection and Hyperparameter Optimization,2025,https://doi.org/10.1111/tgis.70159,Transactions in GIS,"ABSTRACT As mobile internet technology rapidly advances, the importance of smartphones outfitted with diverse sensors has grown, particularly for transportation mode detection (TMD). Information regarding transportation modes is essential for improving urban development, traffic control, and route planning. Despite extensive research in TMD utilizing conventional machine learning techniques, the results often fall below expectations, largely due to their dependence on handcrafted features. Moreover, while long short‐term memory (LSTM) methods are employed for TMD, they generally fail to capture specific local nuances in complex time‐series data and encounter difficulties optimizing feature selection. To address these issues, we propose a refined TMD model incorporating a sophisticated spatial attention‐based transductive LSTM (TLSTM) network, further improved by reinforcement learning (RL) with an innovative scope loss function for efficient feature selection. The TLSTM framework is adept at identifying minor temporal variations in data, advancing beyond traditional LSTM models by applying transductive learning (TL) to concentrate on data points proximate to the test instance. The scope loss function balances the utilization of known data with the exploration of new data vistas. Additionally, our model integrates an upgraded differential evolution (DE) algorithm for intricate hyperparameter optimization, which includes a novel mutation strategy coupled with k‐means clustering to pinpoint crucial clusters. Extensive evaluations on the SHL, HTC, and US‐TMD datasets demonstrate that our advanced TMD algorithm outperforms existing competitive models. The F‐measure recorded by our system on these datasets stands at 90.140%, 88.315%, and 89.110%, respectively. This state‐of‐the‐art approach highlights the efficacy of TLSTM amalgamated with spatial attention and RL techniques in boosting the precision and dependability of TMD."
https://openalex.org/W7164125874,Artificial Intelligence Based Fiber Route Optimization for Cost Efficient FTTH Broadband Expansion Across Underserved American Communities,2026,https://doi.org/10.30574/wjaets.2026.19.3.0307,World Journal of Advanced Engineering Technology and Sciences,"The persistent broadband access disparity across underserved American communities continues to hinder digital inclusion, economic participation, telehealth access, remote education, and smart infrastructure development despite substantial federal broadband investment initiatives. Fiber-to-the-Home (FTTH) remains the most technically robust long-term broadband solution due to its high bandwidth capacity, low latency, and scalability; however, its widespread deployment is constrained by high capital expenditure associated with route planning, civil works, right-of-way complexities, terrain variability, and inefficient infrastructure utilization. This study proposes an Artificial Intelligence Based Fiber Route Optimization framework for cost efficient FTTH broadband expansion across underserved American communities. The research develops an intelligent optimization architecture integrating Geographic Information Systems (GIS), demographic broadband demand datasets, infrastructure geospatial constraints, road network topology, right-of-way accessibility indices, and construction cost parameters into a unified decision-support environment. Advanced Artificial Intelligence techniques including reinforcement learning, graph neural networks, and multi-objective evolutionary optimization are employed to determine optimal fiber routing pathways that minimize deployment cost, maximize service coverage, reduce trenching distance, and improve network resilience under budgetary constraints. The framework incorporates predictive demand modeling to prioritize deployment zones with the highest socioeconomic impact while accounting for terrain complexity and regulatory bottlenecks. Performance evaluation is proposed against conventional shortest path and heuristic network planning methods using metrics including route efficiency, capital expenditure reduction, coverage expansion ratio, latency optimization, and infrastructure utilization efficiency. The anticipated contribution of this research lies in establishing an intelligent broadband infrastructure planning methodology capable of accelerating equitable FTTH deployment in underserved American regions while enhancing economic sustainability, investment efficiency, and national digital connectivity resilience."
https://openalex.org/W4414025680,Adaptive resource-constrained visual sensing in dynamic environments,2025,https://doi.org/10.32657/10356/201857,,"Visual sensing is widely utilized in Internet of Things (IoT) applications, such as manufacturing monitoring, human activity recognition, autonomous vehicle navigation, and smart surveillance. These visual sensing systems usually face two challenges. First, they often have constrained resources including energy supply, computing capability, and communication bandwidth. Second, the deployment environments of visual sensing systems often involve dynamic and unpredictable factors that change over time, potentially reducing the system’s ability to meet application performance requirements. To address this challenge, visual sensing systems need to adapt to changing environmental conditions in real time. This thesis investigates system optimization under dynamic conditions, with a focus on adjusting system configurations to respond to these factors. It consists of three studies: industrial visual inspection, autonomous vehicles, and robotic camera sensing, which are overviewed in what follows. First, for industrial visual inspection, this thesis proposes a wireless camera system, namely, EFCam, which uses low-power wireless communications and edge-fog computing to achieve cordless and energy-efficient visual sensing. The camera performs image pre-processing and offloads the data to a resourceful fog node for advanced processing using deep models. EFCam admits dynamic configurations of several parameters that form a configuration space. It aims to adapt the configuration to maintain desired visual sensing performance of the deep model at the fog node with minimum energy consumption of the camera in image capture, pre-processing, and data communications, under dynamic variations of the monitored process, the application requirement, and wireless channel conditions. However, the adaptation is challenging due to the complex relationships among the involved factors. To address the complexity, EFCam applies deep reinforcement learning to learn the good adaptation policy when a fog node supports one or more wireless cameras. Extensive evaluation based on trace-driven simulations and experiments show that EFCam complies with the accuracy and latency requirements with lower energy consumption for a real industrial product object tracking application, compared with five baseline approaches incorporating hysteresis-based and event-triggered adaptation. Second, existing autonomous vehicles (AVs) utilize neither cloud computing for execution of their deep learning-based driving tasks due to the long vehicle-to-cloud communication latency, nor solar energy to offset the energy usage of car-borne computing. They are in general equipped with the resource-constrained edge computing devices which may be unable to execute the compute-intensive deep learning models in real time. The increasing data transmission speed of the commercial mobile networks sheds light upon the feasibility of using the cloud computing for autonomous driving, which is demonstrated by our city-scale real-world measurements over the fifth generation (5G) mobile networks. Moroever, the cost and form factor declines of solar harvesting systems make the quest of integrating them with AVs for improving carbon efficiency more promising. In this study, we present the design and implementation of ECSeg, an edge-cloud switched low-carbon image segmentation system for AVs equipped with roof-mounted solar panels. ECSeg dynamically switches between edge and cloud processing to execute semantic segmentation models in real time while aiming to decarbonize AV computing by maximizing the use of harvested solar energy. The switching decision is challenging due to the complex interdependencies among various factors, including dynamic wireless channel conditions, vehicle motion, visual scene changes, and available renewable energy. To tackle this, ECSeg employs deep reinforcement learning to learn an optimal switching policy. Extensive evaluations based on real-world experiments and trace-driven simulations demonstrate that ECSeg outperforms six baseline approaches, achieving 98.8% reduction in computing’s carbon emission, while maintaining high image segmentation accuracy, compared with our earlier design without integrating the solar panel. Third, this thesis considers a robotic visual sensing problem of inspecting 3Dprinted mesh screen with dense penetrating pores. The mesh screen is a new structure for massive manufacturing of molded pulp package products. However, some of the pores may be clogged by the printing material powder during the printing process. Such defects negatively affect the quality of the pulp packages produced using the mesh screen mold. To pinpoint the defects, thesis proposes a robotic visual sensing system, called RoboCam, which uses a robotic arm to carry a high-resolution camera for full inspection of a mold consisting of joined mesh screens. To inspect the entire mold, RoboCam plans the camera poses to capture multiple images of the mold and uses a Hungarian optimization method to compare the captured images with synthesized reference images, enabling the identification of clogged pores. In particular, RoboCam rectifies the inherent runtime pose errors of the robotic system for ensuring the reference quality and to accelerate the reference rendering for reducing inspection latency. Extensive evaluation shows that RoboCam’s design outperforms various baselines, including three existing computer vision and convolutional neural network-based inspection systems. RoboCam achieves a recall rate of 94.95% within 528 seconds latency for inspecting an entire mold with 13,000 designed pores. In summary, this thesis studies adaptive resource-constrained visual sensing in dynamic environments through the design and implementation of three applications. It presents EFCam and ECSeg, two learning-based methods that optimize system configuration policies to address dynamic production rates and varying mobile network conditions. Furthermore, it presents a Hungarian optimization approach in RoboCam, which ensures precise inspection by aligning the capture and reference images despite system errors."
https://openalex.org/W4389913182,&lt;strong&gt;&lt;/strong&gt;Revolutionizing Small-Scale LNG Business: Optimal Strategies for an Adaptive and Sustainable Supply Chain&lt;strong&gt; &lt;/strong&gt;,2023,https://doi.org/10.20944/preprints202312.1145.v2,Preprints.org,"Transforming Small-Scale LNG Business, Enhancing Efficiency and Resilience in an Evolving Supply Chain In various industries, innovative systems have proven their value due to their efficiency and adaptability. A prime example of this lies in the rapid growth of the liquefied natural gas (LNG) market. LNG, a fuel derived from natural gas, has gained significant traction in recent years. In light of this, we aim to explore optimal strategies for small-scale LNG businesses, with a focus on revolutionizing their supply chain to ensure adaptability and sustainability. Our objective is to enhance efficiency and sturdiness in this evolving sector. By devising innovative methods and implementing cutting-edge technologies, we aim to revolutionize the small-scale LNG market, paving the way for a more optimized and resilient supply chain. Through this transformation, we strive to create a sustainable and adaptable framework that will drive the growth and success of a small-scale LNG businesses.LNG' ability to be transported and stored more cost-effectively in its reduced volume compared to natural gas in its original state is a significant advantage. The distribution network for LNG starts at numerous supply terminals and extends to a diverse range of consumption centers, each with varying tank capacities. In the broader economic context, the establishment of efficient routes for LNG Truck tank plays a critical role.To tackle the challenge of selecting a pickup location and determining optimal destinations with specific unloading volumes for liquefied natural gas (LNG), this research presents an innovative solution utilizing state-of-the-art machine learning techniques. The proposed approach combines the power of reinforcement learning, recurrent neural networks, online learning, and graph theory. By leveraging these cutting-edge techniques, we aim to develop an intelligent system that can effectively determine the most efficient pickup location and sequence of destinations for LNG delivery. This system will take into account various factors such as transportation costs tank capacity, and demand fluctuations. Through the integration of reinforcement learning, the system will continuously learn and improve its decision-making process in real-time. The recurrent neural networks will allow for the analysis of historical aim to model and optimize the complex network of pickup and delivery routes, considering factors such as distance, capacity constraints, and operational efficiencies. With this innovative approach, we strive to revolutionize the selection and planning process for LNG pickup and delivery, ultimately enhancing efficiency and reducing cost within the LNG supply chain.Improving the distribution network offers several financial benefits, including cost reduction, faster delivery times, more affordable distribution, and enhanced efficiency in the utilization of tanker trucks for LNG transportation. By optimizing the distribution network, transit costs associated with LNG transportation can be significantly lowered. This can be achieved through intelligent route planning, taking into account factors such as distance, traffic conditions, and fuel consumption. Minimizing transit costs contributes to overall savings for businesses operating in the LNG market. Faster delivery times are another advantage of an enhanced distribution network. By designing efficient routes and eliminating unnecessary detours or delays, the time taken for LNG to reach its intended destinations can be reduced. This not only improves customer satisfaction but also allows for more frequent deliveries and better coordination of supply and demand. Cheaper distribution is a direct outcome of an optimized distribution network. By strategically planning pickup locations, destinations, and intermediate stops, the costs associated with transferring LNG between terminals and consumption centres can be minimized. This leads to savings in transportation expenses, ultimately benefiting both businesses and end-users. Efficient utilization of tanker trucks is crucial for maximizing profitability in the LNG industry. An improved distribution network enables better allocation of resources, ensuring that tanker trucks are utilized optimally. This includes reducing empty or underutilized trips, maximizing load capacities, and minimizing idle time. Such efficiency improvements translate to cost savings and increased revenue for businesses involved in LNG transportation. Overall, the financial gains from improving the distribution network are substantial. Lower transit costs, faster delivery times, cheaper distribution, and more efficient use of tanker trucks contribute to increased profitability, competitiveness, and sustainability in the LNG market."
https://openalex.org/W4402369893,Special Issue on Data-Driven Modeling and Control of Dynamical Systems,2024,https://doi.org/10.1115/1.4066453,Journal of Dynamic Systems Measurement and Control,"Advances in data-driven modeling and control techniques have revolutionized the field of dynamical systems, leading to significant advances in broad domains, including engineering, robotics, finance, biology, and environmental sciences. By leveraging data-driven methods, researchers and practitioners are developing novel models to capture observed behavior and designing novel strategies for efficient, robust, and resilient performance. This special issue brings together leading experts to showcase the latest developments in this exciting area.The breadth of topics addressed in this issue reflects the fundamental advances enabled by data-driven methods from multi-agent tracking and localization, cyber-physical security, human motor control, decentralized control of robot swarms, and precision motion systems to the prediction and control of complex nonlinear dynamic systems. Additionally, the issue covers advancements in electric vehicle operation, aircraft dynamic modeling, underwater robotic sensing, and material microstructure optimization, illustrating a range of novel applications benefiting from these techniques. The specific highlights of the issue are discussed below.Addressing challenges in precision motion systems, Yang et al. combine data-driven feedforward control with gradient descent to avoid unstable plant inversion. This innovative method achieves optimal point-to-point tracking performance without extensive model identification, showcasing significant advancements in feedforward control.Olsen et al. introduce an information-theoretic Bayesian inference approach for multi-agent tracking and localization of a dynamically moving radio frequency emitter with an unknown waveform. The paper demonstrates the efficacy of utilizing mutual information to coordinate mobile sensors in both simulations and physical experiments involving micro-aerial vehicles.Exploring human motor control mechanisms, Yu et al. compare methods for inferring control intent using inverse linear quadratic regulators. The study illustrates that using output penalty in inverse linear quadratic regulators significantly improves the goodness of fit, providing new insights into human control strategies through physical human–robot interaction experiments.Tsolovikos et al. extend dynamic mode decomposition to high-dimensional uncertain nonlinear systems by combining it with Gaussian process (GP) regression methods. The proposed method yields hybrid parametric/nonparametric reduced-order models for prediction and control tasks. The proposed methods show superior performance in controlling nonlinear fluid flows, highlighting the potential of combining dynamic mode decomposition with GP regression in such complex scenarios.Focusing on the operational challenges of electric trucks, Ahn et al. introduce a data-driven model using a gated recurrent unit and maximum entropy Markov model to predict velocity and energy consumption. The approach utilizes real-world electric vehicle data to demonstrate high accuracy in fleet route planning, addressing critical issues in sustainable transportation.Lochrie et al. present an antiwindup adaptive look-up table algorithm for engine control systems, addressing system variations due to aging and faults. The study demonstrates robust adaptation techniques crucial for maintaining emissions control in engines.Srinath and Dey focus on the cyber-physical security of modern battery systems, presenting a machine learning-based method to detect, estimate, and mitigate adversarial attacks. This approach enhances resilience against false data injection attacks by integrating adaptive boosting, long short-term memory neural networks, and corrective control.Benyamen et al. employ data-driven machine learning and reinforcement learning to improve flight controller performance. This method outperforms traditional controllers in flight tests, showing significant improvements in lateral tracking and adaptability under challenging conditions.Omotuyi and Kumar present a novel approach for decentralized control of large-scale heterogeneous robot swarms using graph neural networks. This method demonstrates efficiency and scalability, achieving performance comparable to centralized controllers in both simulation and hardware implementations.Sharma et al. investigate the optimal control of material microstructures utilizing phase field models and reinforcement learning algorithms. This data-based approach demonstrates feasibility in achieving desired material properties, offering new insights into the control of complex material systems.Han and Yi propose GP-based learning controllers for underactuated balance robots, addressing uncontrolled motion issues in external and internal convertible-based designs. This method ensures tracking and balancing tasks and is validated in experimental setups, advancing the field of robotic control.Finally, utilizing Koopman operator techniques, Rodwell and Tallapragada advanced algorithms for underwater robots to extract information from vortex wakes. This approach improves estimation accuracy compared to convolutional neural networks, enabling efficient obstacle localization and enhancing underwater robotic capabilities.This special issue highlights the transformative potential of data-driven approaches in the modeling and control of dynamical systems. We hope these contributions inspire further research and collaboration in this dynamic and rapidly evolving field."
https://openalex.org/W7165646273,Autonomous Drone Swarms for Last-Mile Delivery in Central American Logistics: An AI-Driven Framework,2022,https://doi.org/10.5281/zenodo.20807238,Zenodo (CERN European Organization for Nuclear Research),"ABSTRACTThis research proposes an advanced artificial intelligence (AI)-driven framework for the deployment of autonomous drone swarms in last-mile delivery operations within Central American logistics systems. As e-commerce expansion, urbanization, and infrastructure limitations continue to reshape supply chain dynamics, last-mile delivery has emerged as one of the most complex and costly segments in logistics networks. This study addresses these challenges by exploring how coordinated multi-agent drone systems, supported by AI algorithms and aerospace telemetry, can optimize delivery efficiency, reduce operational costs, and enhance logistical resilience in emerging regional economies. The study begins by analyzing the structural constraints of last-mile delivery in Central America, including fragmented infrastructure, traffic congestion, rural accessibility limitations, and inconsistent logistics connectivity. These challenges significantly impact delivery speed, cost efficiency, and service reliability. Traditional transportation systems often struggle to meet increasing demand, particularly in geographically diverse environments. The proposed framework introduces autonomous drone swarms as a scalable and adaptable solution capable of navigating complex terrains while maintaining high delivery performance. At the core of the framework is a multi-agent system in which each drone operates as an intelligent autonomous unit while simultaneously coordinating with the swarm to achieve collective optimization goals. The system utilizes deep reinforcement learning and swarm intelligence algorithms to enable dynamic route planning, collision avoidance, adaptive task allocation, and energy-efficient operations. Real-time data inputs—including spatial positioning, weather conditions, traffic patterns, and delivery priorities—are integrated into the decision-making process, allowing the swarm to continuously adapt to changing operational environments. A key innovation of this research is the integration of aerospace telemetry systems to ensure real-time communication, coordination, and control among swarm units and ground-based logistics nodes. Telemetry data supports high-precision navigation, synchronization, and performance monitoring, enabling the swarm to operate effectively even in environments with limited infrastructure. Additionally, the framework incorporates predictive analytics to anticipate demand fluctuations, optimize scheduling, and minimize delivery delays. This predictive capability enhances the resilience and reliability of last-mile delivery operations. The proposed architecture is structured as a multi-layered cyber-physical system comprising data acquisition, data processing, and operational control layers. The data acquisition layer includes UAV sensors, GPS systems, and environmental monitoring devices. The processing layer leverages AI models, edge computing, and cloud-based analytics to manage real-time data streams and generate optimized decisions. The operational layer coordinates swarm execution, integrates with logistics platforms, and supports human-in-the-loop supervision when necessary. This integrated system enables seamless interaction between physical drone operations and digital decision-making processes. Simulation-based evaluations and scenario modeling are conducted to assess the performance of the framework under various logistical conditions, including urban delivery environments, rural distribution networks, and emergency response scenarios. Results indicate substantial improvements in delivery time reduction, route optimization, and energy efficiency compared to traditional single-drone or ground-based delivery systems. The swarm-based model also demonstrates enhanced scalability, allowing for rapid adaptation to increased demand and expanded delivery coverage. Furthermore, the distributed nature of the swarm provides redundancy and fault tolerance, ensuring continuous operation even in the event of individual unit failures. From a strategic perspective, the adoption of autonomous drone swarms presents significant opportunities for transforming logistics systems in Central America. The framework supports economic development by improving supply chain efficiency, enabling access to remote regions, and fostering innovation in logistics technologies. It also aligns with broader efforts toward digital transformation, smart infrastructure development, and sustainable logistics practices by reducing carbon emissions associated with traditional transportation modes. In conclusion, this research demonstrates that AI-driven autonomous drone swarms provide a powerful and scalable solution for optimizing last-mile delivery in emerging logistics markets. The proposed framework enhances operational efficiency, adaptability, and resilience, offering a pathway toward next-generation logistics systems that integrate aerospace technology and intelligent systems for regional and global impact."
https://openalex.org/W7165681396,Autonomous Drone Swarms for Last-Mile Delivery in Central American Logistics: An AI-Driven Framework,2022,https://doi.org/10.5281/zenodo.20807237,Zenodo (CERN European Organization for Nuclear Research),"ABSTRACTThis research proposes an advanced artificial intelligence (AI)-driven framework for the deployment of autonomous drone swarms in last-mile delivery operations within Central American logistics systems. As e-commerce expansion, urbanization, and infrastructure limitations continue to reshape supply chain dynamics, last-mile delivery has emerged as one of the most complex and costly segments in logistics networks. This study addresses these challenges by exploring how coordinated multi-agent drone systems, supported by AI algorithms and aerospace telemetry, can optimize delivery efficiency, reduce operational costs, and enhance logistical resilience in emerging regional economies. The study begins by analyzing the structural constraints of last-mile delivery in Central America, including fragmented infrastructure, traffic congestion, rural accessibility limitations, and inconsistent logistics connectivity. These challenges significantly impact delivery speed, cost efficiency, and service reliability. Traditional transportation systems often struggle to meet increasing demand, particularly in geographically diverse environments. The proposed framework introduces autonomous drone swarms as a scalable and adaptable solution capable of navigating complex terrains while maintaining high delivery performance. At the core of the framework is a multi-agent system in which each drone operates as an intelligent autonomous unit while simultaneously coordinating with the swarm to achieve collective optimization goals. The system utilizes deep reinforcement learning and swarm intelligence algorithms to enable dynamic route planning, collision avoidance, adaptive task allocation, and energy-efficient operations. Real-time data inputs—including spatial positioning, weather conditions, traffic patterns, and delivery priorities—are integrated into the decision-making process, allowing the swarm to continuously adapt to changing operational environments. A key innovation of this research is the integration of aerospace telemetry systems to ensure real-time communication, coordination, and control among swarm units and ground-based logistics nodes. Telemetry data supports high-precision navigation, synchronization, and performance monitoring, enabling the swarm to operate effectively even in environments with limited infrastructure. Additionally, the framework incorporates predictive analytics to anticipate demand fluctuations, optimize scheduling, and minimize delivery delays. This predictive capability enhances the resilience and reliability of last-mile delivery operations. The proposed architecture is structured as a multi-layered cyber-physical system comprising data acquisition, data processing, and operational control layers. The data acquisition layer includes UAV sensors, GPS systems, and environmental monitoring devices. The processing layer leverages AI models, edge computing, and cloud-based analytics to manage real-time data streams and generate optimized decisions. The operational layer coordinates swarm execution, integrates with logistics platforms, and supports human-in-the-loop supervision when necessary. This integrated system enables seamless interaction between physical drone operations and digital decision-making processes. Simulation-based evaluations and scenario modeling are conducted to assess the performance of the framework under various logistical conditions, including urban delivery environments, rural distribution networks, and emergency response scenarios. Results indicate substantial improvements in delivery time reduction, route optimization, and energy efficiency compared to traditional single-drone or ground-based delivery systems. The swarm-based model also demonstrates enhanced scalability, allowing for rapid adaptation to increased demand and expanded delivery coverage. Furthermore, the distributed nature of the swarm provides redundancy and fault tolerance, ensuring continuous operation even in the event of individual unit failures. From a strategic perspective, the adoption of autonomous drone swarms presents significant opportunities for transforming logistics systems in Central America. The framework supports economic development by improving supply chain efficiency, enabling access to remote regions, and fostering innovation in logistics technologies. It also aligns with broader efforts toward digital transformation, smart infrastructure development, and sustainable logistics practices by reducing carbon emissions associated with traditional transportation modes. In conclusion, this research demonstrates that AI-driven autonomous drone swarms provide a powerful and scalable solution for optimizing last-mile delivery in emerging logistics markets. The proposed framework enhances operational efficiency, adaptability, and resilience, offering a pathway toward next-generation logistics systems that integrate aerospace technology and intelligent systems for regional and global impact."
