{
  "C1": {
    "boundary": "open",
    "learner": "dqn",
    "seeds": 10,
    "completion_mean": 4.7,
    "completion_sd": 4.342810150121693,
    "lambda_mean": 50.0,
    "lambda_max_seen": 50.0,
    "saturated": true,
    "per_seed_completion": [
      6.0,
      4.0,
      2.0,
      1.5,
      0.0,
      2.0,
      2.5,
      4.0,
      10.0,
      15.0
    ],
    "per_seed_lambda": [
      50.0,
      50.0,
      50.0,
      50.0,
      50.0,
      50.0,
      50.0,
      50.0,
      50.0,
      50.0
    ]
  },
  "C2": {
    "boundary": "open",
    "learner": "ppo",
    "seeds": 10,
    "completion_mean": 20.25,
    "completion_sd": 10.144579833586011,
    "lambda_mean": 50.0,
    "lambda_max_seen": 50.0,
    "saturated": true,
    "per_seed_completion": [
      17.5,
      39.0,
      11.0,
      15.5,
      21.5,
      25.5,
      18.5,
      14.5,
      35.5,
      4.0
    ],
    "per_seed_lambda": [
      50.0,
      50.0,
      50.0,
      50.0,
      50.0,
      50.0,
      50.0,
      50.0,
      50.0,
      50.0
    ]
  }
}