{
  "C1": {
    "boundary": "open",
    "learner": "dqn",
    "seeds": 5,
    "completion_mean": 5.7,
    "completion_sd": 3.3555923471125033,
    "lambda_mean": 117.63200000000079,
    "lambda_max_seen": 120.89600000000128,
    "saturated": false,
    "per_seed_completion": [
      7.5,
      0.0,
      6.5,
      4.5,
      10.0
    ],
    "per_seed_lambda": [
      120.89600000000128,
      116.85000000000048,
      116.54800000000013,
      114.46899999999913,
      119.39700000000299
    ]
  },
  "C2": {
    "boundary": "open",
    "learner": "ppo",
    "seeds": 5,
    "completion_mean": 3.3,
    "completion_sd": 3.026549190084311,
    "lambda_mean": 140.46180000000123,
    "lambda_max_seen": 145.6670000000041,
    "saturated": false,
    "per_seed_completion": [
      0.0,
      9.0,
      2.0,
      2.5,
      3.0
    ],
    "per_seed_lambda": [
      145.6670000000041,
      141.44699999999526,
      138.5480000000054,
      132.84700000000495,
      143.79999999999657
    ]
  }
}