{
  "100%_time_min": {
    "density": 1.0,
    "completion_mean": 0.0,
    "completion_std": 0.0,
    "completion_by_seed": [
      0.0,
      0.0,
      0.0,
      0.0,
      0.0,
      0.0,
      0.0,
      0.0,
      0.0,
      0.0
    ],
    "rho_mean": 2.0,
    "by_k": {
      "3": 0.0,
      "4": 0.0,
      "5": 0.0,
      "6": 0.0,
      "7": 0.0,
      "8": 0.0
    }
  },
  "100%_aligned": {
    "density": 1.0,
    "completion_mean": 30.75,
    "completion_std": 18.326551776043416,
    "completion_by_seed": [
      14.000000000000002,
      50.0,
      10.5,
      4.5,
      68.0,
      28.000000000000004,
      31.0,
      23.5,
      42.5,
      35.5
    ],
    "rho_mean": 2.0,
    "by_k": {
      "3": 40.70175438596492,
      "4": 27.058823529411768,
      "5": 27.70833333333333,
      "6": 26.923076923076927,
      "7": 24.117647058823525,
      "8": 10.0
    }
  },
  "50%_time_min": {
    "density": 0.5,
    "completion_mean": 1.2,
    "completion_std": 0.842614977317636,
    "completion_by_seed": [
      1.0,
      3.5000000000000004,
      1.5,
      0.5,
      1.5,
      0.5,
      1.0,
      0.5,
      1.0,
      1.0
    ],
    "rho_mean": 2.105,
    "by_k": {
      "3": 2.807017543859649,
      "4": 1.5686274509803921,
      "5": 0.0,
      "6": 0.0,
      "7": 0.0,
      "8": 0.0
    }
  },
  "50%_aligned": {
    "density": 0.5,
    "completion_mean": 88.19999999999999,
    "completion_std": 6.968500556073738,
    "completion_by_seed": [
      78.5,
      82.0,
      83.0,
      80.0,
      99.0,
      89.5,
      87.0,
      92.5,
      92.0,
      98.5
    ],
    "rho_mean": 2.105,
    "by_k": {
      "3": 87.71929824561404,
      "4": 89.80392156862746,
      "5": 88.125,
      "6": 85.38461538461539,
      "7": 89.41176470588236,
      "8": 90.0
    }
  },
  "25%_time_min": {
    "density": 0.25,
    "completion_mean": 26.75,
    "completion_std": 2.5421447637772316,
    "completion_by_seed": [
      24.0,
      25.5,
      24.0,
      30.0,
      26.0,
      28.499999999999996,
      31.5,
      25.0,
      24.5,
      28.499999999999996
    ],
    "rho_mean": 3.1700000000000004,
    "by_k": {
      "3": 29.82456140350877,
      "4": 36.666666666666664,
      "5": 24.999999999999993,
      "6": 18.461538461538463,
      "7": 5.88235294117647,
      "8": 0.0
    }
  },
  "25%_aligned": {
    "density": 0.25,
    "completion_mean": 99.4,
    "completion_std": 0.7681145747868615,
    "completion_by_seed": [
      100.0,
      100.0,
      99.0,
      100.0,
      100.0,
      97.5,
      99.0,
      99.5,
      99.0,
      100.0
    ],
    "rho_mean": 3.1700000000000004,
    "by_k": {
      "3": 99.29824561403508,
      "4": 99.6078431372549,
      "5": 99.375,
      "6": 98.84615384615385,
      "7": 100.0,
      "8": 100.0
    }
  }
}