{
  "closed_time_min": {
    "mean": 99.45,
    "sd": 1.6500000000000001,
    "per_seed": [
      100.0,
      100.0,
      100.0,
      100.0,
      100.0,
      94.5,
      100.0,
      100.0,
      100.0,
      100.0
    ],
    "recorded": 85.0
  },
  "closed_aligned": {
    "mean": 100.0,
    "sd": 0.0,
    "per_seed": [
      100.0,
      100.0,
      100.0,
      100.0,
      100.0,
      100.0,
      100.0,
      100.0,
      100.0,
      100.0
    ],
    "recorded": 98.8
  },
  "open_time_min": {
    "mean": 0.0,
    "sd": 0.0,
    "per_seed": [
      0.0,
      0.0,
      0.0,
      0.0,
      0.0,
      0.0,
      0.0,
      0.0,
      0.0,
      0.0
    ],
    "recorded": 0.0
  },
  "open_aligned": {
    "mean": 30.75,
    "sd": 18.326551776043413,
    "per_seed": [
      14.0,
      50.0,
      10.5,
      4.5,
      68.0,
      28.0,
      31.0,
      23.5,
      42.5,
      35.5
    ],
    "recorded": 96.8
  }
}