{
  "closed_time_min": {
    "completion_mean": 94.75,
    "completion_sd": 2.1360009363293826,
    "per_seed": [
      94.5,
      94.5,
      98.5,
      95.0,
      91.0,
      92.0,
      97.5,
      94.5,
      94.0,
      96.0
    ]
  },
  "closed_aligned": {
    "completion_mean": 96.75,
    "completion_sd": 2.2388613177238113,
    "per_seed": [
      98.5,
      99.5,
      97.0,
      97.0,
      95.0,
      97.0,
      92.0,
      95.0,
      96.5,
      100.0
    ]
  },
  "open_time_min": {
    "completion_mean": 0.6,
    "completion_sd": 0.58309518948453,
    "per_seed": [
      0.0,
      1.0,
      0.5,
      1.0,
      0.0,
      0.0,
      1.5,
      0.0,
      0.5,
      1.5
    ]
  },
  "open_aligned": {
    "completion_mean": 1.75,
    "completion_sd": 0.75,
    "per_seed": [
      2.5,
      1.5,
      1.5,
      1.0,
      2.0,
      1.0,
      2.5,
      3.0,
      0.5,
      2.0
    ]
  }
}