{
  "forecast": {
    "completion_mean": 88.4,
    "completion_sd": 6.378871373526825,
    "time_mean": 6.566093469959777,
    "time_sd": 0.25208273131557074,
    "per_seed_completion": [
      89.0,
      83.0,
      86.5,
      95.0,
      87.0,
      90.0,
      73.0,
      94.0,
      91.0,
      95.5
    ],
    "per_seed_time": [
      6.1988847385370125,
      6.602798390447566,
      7.013541561961143,
      6.37211315107799,
      6.2876238065507435,
      6.777072508540621,
      6.702577452997793,
      6.845905422937342,
      6.377673189584659,
      6.482744476962908
    ]
  },
  "instant": {
    "completion_mean": 88.75,
    "completion_sd": 6.454649486997726,
    "time_mean": 6.518495123266405,
    "time_sd": 0.2453258712134033,
    "per_seed_completion": [
      95.5,
      90.5,
      97.5,
      84.0,
      85.0,
      88.0,
      81.5,
      93.0,
      77.0,
      95.5
    ],
    "per_seed_time": [
      6.152446373883727,
      6.508372216600589,
      6.251828747360352,
      6.853101338503732,
      6.853736655581154,
      6.396811679661355,
      6.696049988216916,
      6.3632927516214295,
      6.77743249347247,
      6.331878987762337
    ]
  },
  "instant_excess_pct": -0.724911195844796
}